--
-- Script was generated by Devart dbForge Studio 2019 for MySQL, Version 8.2.23.0
-- Product Home Page: http://www.devart.com/dbforge/mysql/studio
-- Script date 7/11/2021 9:53:36 AM
-- Target server version: 5.5.5-10.4.18-MariaDB
-- Target connection string: User Id=root;Host=localhost;Character Set=utf8
--



SET NAMES 'utf8';
USE do_an_tot_nghiep;
--
-- Delete data from the table 'teacher'
--
TRUNCATE TABLE teacher;
--
-- Delete data from the table 'practiceschedule'
--
TRUNCATE TABLE practiceschedule;
--
-- Delete data from the table 'detailpracticegroup'
--
TRUNCATE TABLE detailpracticegroup;
--
-- Delete data from the table 'detailmoduleclass'
--
TRUNCATE TABLE detailmoduleclass;
--
-- Delete data from the table 'attendance'
--
TRUNCATE TABLE attendance;
--
-- Delete data from the table 'student'
--
DELETE FROM student;
--
-- Delete data from the table 'practicegroup'
--
DELETE FROM practicegroup;
--
-- Delete data from the table 'moduleclass'
--
DELETE FROM moduleclass;
--
-- Delete data from the table 'class'
--
DELETE FROM class;
--
-- Delete data from the table 'practicallaboratory'
--
DELETE FROM practicallaboratory;
--
-- Delete data from the table 'module'
--
DELETE FROM module;
--
-- Delete data from the table 'majors'
--
DELETE FROM majors;
--
-- Delete data from the table 'subject'
--
DELETE FROM subject;
--
-- Delete data from the table 'practiceshift'
--
DELETE FROM practiceshift;
--
-- Delete data from the table 'ology'
--
DELETE FROM ology;
--
-- Delete data from the table 'course'
--
DELETE FROM course;
--
-- Delete data from the table 'buildings'
--
DELETE FROM buildings;

--
-- Inserting data into table buildings
--
INSERT INTO buildings(BuildingID, BuildingName, BaseBuilding) VALUES
('3304dddb-1b72-607f-25c2-579daad24557', 'B51', 'Cơ sở 2'),
('57cdf8c4-47e3-5560-7e41-c1ec321fe728', 'B49', 'Cơ sở 2'),
('506acf1e-5331-67a9-0d77-d9ebc53aac3d', 'C32', 'Cơ sở 3'),
('6c80a684-1cb5-41af-ff34-60b3ebf808a9', 'A05', 'Cơ sở 2'),
('677132b4-2a33-68d1-26c2-579daad24557', 'C80', 'Cơ sở 3'),
('197fda97-5a35-781d-0e77-d9ebc53aac3d', 'A79', 'Cơ sở 1'),
('28cd1599-63bf-785f-4f80-7ed9d1ea06ea', 'A97', 'Cơ sở 2'),
('5fab4ff7-1b8e-64d0-1880-de64d090a2c2', 'B86', 'Cơ sở 3'),
('1e5e96fa-5d7a-599d-27c2-579daad24557', 'C10', 'Cơ sở 3'),
('36ac2df8-2b1e-368f-cc1d-086412a8ea97', 'C70', 'Cơ sở 3'),
('7bd9cf39-3f55-3a7b-0035-60b3ebf808a9', 'B83', 'Cơ sở 2'),
('409dcd1a-426a-23f7-3a35-0028ed526dd0', 'B63', 'Cơ sở 2'),
('6b550b8f-7ff9-51bc-0f77-d9ebc53aac3d', 'A77', 'Cơ sở 3'),
('6c5b9fe7-14c9-3bb5-b4d2-89b22d10517e', 'C74', 'Cơ sở 1'),
('62af2231-78a7-7caa-cd1d-086412a8ea97', 'A08', 'Cơ sở 3'),
('13ede5b6-19dd-563e-1980-de64d090a2c2', 'B58', 'Cơ sở 1'),
('56dce332-76f0-6b9b-5080-7ed9d1ea06ea', 'C84', 'Cơ sở 2'),
('11a8748f-3464-740c-28c2-579daad24557', 'C41', 'Cơ sở 3'),
('6a763a51-4322-5c5a-b5d2-89b22d10517e', 'A22', 'Cơ sở 2'),
('524751f2-1577-523d-ce1d-086412a8ea97', 'C55', 'Cơ sở 1'),
('407db4d1-222b-287d-0135-60b3ebf808a9', 'C15', 'Cơ sở 1'),
('12e1b096-3542-127a-1077-d9ebc53aac3d', 'A63', 'Cơ sở 1'),
('4989ff24-23e7-7b82-b6d2-89b22d10517e', 'C33', 'Cơ sở 3'),
('5c7f0ec4-77f2-3794-cf1d-086412a8ea97', 'A65', 'Cơ sở 2'),
('5de704c2-573f-1a71-1a80-de64d090a2c2', 'C79', 'Cơ sở 1'),
('73dc79e1-1ccb-35a6-0235-60b3ebf808a9', 'B06', 'Cơ sở 1'),
('2356a2d8-7751-6f97-66f6-423b4e874d0f', 'C26', 'Cơ sở 2'),
('5254e49d-4368-3162-29c2-579daad24557', 'A93', 'Cơ sở 2'),
('1f85f165-3ed3-370a-b7d2-89b22d10517e', 'B66', 'Cơ sở 1'),
('7ad34860-1ac8-7ad7-d01d-086412a8ea97', 'A60', 'Cơ sở 3'),
('6f51ea57-13b2-139f-1177-d9ebc53aac3d', 'C99', 'Cơ sở 1'),
('4db9a514-6d87-2ec1-3b35-0028ed526dd0', 'C25', 'Cơ sở 2'),
('42b9446a-790b-3892-2ac2-579daad24557', 'C53', 'Cơ sở 1'),
('3e51a46c-4153-229c-7f41-c1ec321fe728', 'B00', 'Cơ sở 3'),
('5a841b92-791c-78df-5180-7ed9d1ea06ea', 'B57', 'Cơ sở 3'),
('35c3a053-254d-33f3-1b80-de64d090a2c2', 'A62', 'Cơ sở 1'),
('62563348-7bd5-6519-3c35-0028ed526dd0', 'C69', 'Cơ sở 3'),
('56aaf263-3355-23ea-b8d2-89b22d10517e', 'B01', 'Cơ sở 1'),
('7b666cc3-1b67-6037-67f6-423b4e874d0f', 'B91', 'Cơ sở 1'),
('12693b29-274c-35ce-d11d-086412a8ea97', 'A86', 'Cơ sở 2'),
('3e7dd0ec-7ee5-392a-1277-d9ebc53aac3d', 'C86', 'Cơ sở 3'),
('6485b64f-7835-65a4-8041-c1ec321fe728', 'A46', 'Cơ sở 2'),
('2f43fc9d-1f7a-25fc-5280-7ed9d1ea06ea', 'A14', 'Cơ sở 2'),
('18baaac1-2b18-2317-b9d2-89b22d10517e', 'A24', 'Cơ sở 2'),
('481183cb-5a6c-795b-68f6-423b4e874d0f', 'A04', 'Cơ sở 3'),
('3fed64ec-2f94-798f-0335-60b3ebf808a9', 'C94', 'Cơ sở 3'),
('5f03d745-7702-1c85-2bc2-579daad24557', 'C91', 'Cơ sở 1'),
('2afb2146-430d-394b-3d35-0028ed526dd0', 'A81', 'Cơ sở 1'),
('595e7d51-318c-39e8-1377-d9ebc53aac3d', 'A43', 'Cơ sở 1'),
('3738ce93-1661-5628-2cc2-579daad24557', 'B85', 'Cơ sở 1');

--
-- Inserting data into table course
--
INSERT INTO course(CourseID, CourseName, StartTime, EndTime) VALUES
('3f8e6896-4c7d-15f5-a018-75d8bd200d7c', 'K58', '1991-12-24', '1977-09-30'),
('45ac3d26-18f2-18a9-3031-644313fbb055', 'K73', '1977-03-04', '2001-01-04'),
('7c4f14d8-66fb-14ae-198f-6354f958f4c0', 'K21', '1996-11-24', '1976-09-14'),
('78aafe4a-67a7-2076-3bf3-eb0223d0a4f7', 'K68', '1970-05-18', '2007-03-10'),
('35e773ea-5d44-2dda-26a8-6d513e380bde', 'K79', '2002-09-13', '1987-11-19'),
('647a538e-630d-39cd-0144-e5a214c15aa7', 'K85', '1997-01-18', '2005-01-18'),
('75cce5a6-4f7f-3671-3cf3-eb0223d0a4f7', 'K25', '1970-11-04', '1971-07-21'),
('6f45e010-3200-5943-27a8-6d513e380bde', 'K06', '2011-11-06', '1972-07-03'),
('7c48a057-3c21-3db0-06a4-60fcae00630c', 'K32', '2002-12-23', '1998-09-06'),
('26fe1532-7e63-6a11-1a8f-6354f958f4c0', 'K11', '1986-02-21', '1988-07-02'),
('4b6b0258-4404-478f-18e6-e5912e63173c', 'K73', '2000-07-31', '2007-06-05'),
('5546e2d7-52f4-7149-3df3-eb0223d0a4f7', 'K91', '1996-10-01', '1970-01-31'),
('3a9bddf8-45b5-74ca-3131-644313fbb055', 'K07', '1981-10-27', '2005-05-14'),
('7c3f0380-7e8c-6885-19e6-e5912e63173c', 'K12', '1972-07-16', '1974-10-17'),
('676a9ab6-33e3-4094-28a8-6d513e380bde', 'K06', '1993-01-03', '1970-01-14'),
('156b34c2-7a74-2dc8-0244-e5a214c15aa7', 'K90', '1981-04-13', '1992-10-13'),
('568a5edf-15bc-7a5c-3ef3-eb0223d0a4f7', 'K79', '2017-07-19', '1984-09-08'),
('6571ec67-6ece-3667-b963-f389a2b8a695', 'K90', '1971-04-28', '1971-11-17'),
('58e30e45-453c-4992-a118-75d8bd200d7c', 'K65', '2015-07-01', '1970-01-06'),
('4b65b71a-5f55-3f9e-29a8-6d513e380bde', 'K13', '1977-05-15', '1989-03-30'),
('449f4a82-5124-2847-ba63-f389a2b8a695', 'K55', '1980-03-25', '1992-05-20'),
('1b9a70e0-37b0-709b-a218-75d8bd200d7c', 'K06', '2013-12-24', '1979-05-27'),
('5cbc2c4b-7d51-59ae-bb63-f389a2b8a695', 'K92', '1993-07-03', '2002-06-23'),
('2b66edd0-4caa-7475-3231-644313fbb055', 'K44', '2018-05-25', '1971-10-09'),
('3b4ce82c-1492-6844-3ff3-eb0223d0a4f7', 'K87', '2007-01-04', '1995-07-18'),
('4ff476e9-6c05-11e5-2aa8-6d513e380bde', 'K52', '1970-03-01', '2007-10-17'),
('536fb797-4470-4d28-1b8f-6354f958f4c0', 'K27', '1976-08-25', '2015-01-13'),
('6824ec57-75c6-213d-1ae6-e5912e63173c', 'K09', '1994-01-07', '2000-08-12'),
('41c9214e-14cd-5f4a-40f3-eb0223d0a4f7', 'K37', '1979-09-09', '1983-04-04'),
('2e72d671-36cd-4949-2ba8-6d513e380bde', 'K18', '1999-08-05', '1997-10-20'),
('5f64f025-7fed-1903-41f3-eb0223d0a4f7', 'K71', '1976-07-20', '1995-04-02'),
('7915ca58-3ecb-3660-3331-644313fbb055', 'K61', '2000-05-11', '1971-09-15'),
('46c549a5-7816-40f1-1fef-dead9398fc25', 'K77', '2001-09-28', '1988-10-28'),
('35f1d742-2147-771e-2ca8-6d513e380bde', 'K66', '1970-06-30', '1994-07-16'),
('65d9b484-7a63-5337-0344-e5a214c15aa7', 'K39', '1985-05-13', '2011-02-16'),
('67116b41-6c11-65b4-1be6-e5912e63173c', 'K78', '1973-11-19', '1970-01-05'),
('6d4bb321-5df6-5689-1c8f-6354f958f4c0', 'K20', '1971-12-13', '2008-07-21'),
('7ac00af8-1c52-7464-3431-644313fbb055', 'K97', '1971-12-15', '1970-04-08'),
('626eea15-30d9-2ab0-07a4-60fcae00630c', 'K93', '1992-09-03', '1978-08-06'),
('23d88ddf-79e4-1a9a-1ce6-e5912e63173c', 'K12', '1994-03-02', '1987-06-09'),
('5f40b5dd-644e-449a-3531-644313fbb055', 'K95', '1995-11-15', '1970-02-27'),
('3811bf63-649c-727e-0444-e5a214c15aa7', 'K74', '1978-02-23', '1978-06-15'),
('2c7b6277-5ebb-11bc-1d8f-6354f958f4c0', 'K44', '1994-09-15', '1970-02-23'),
('1158b2a7-4445-6469-1de6-e5912e63173c', 'K73', '1970-08-20', '1971-01-18'),
('7d7aada2-4dc3-409d-20ef-dead9398fc25', 'K84', '1997-01-23', '1970-09-01'),
('1fcd2033-2232-501a-42f3-eb0223d0a4f7', 'K94', '1970-01-13', '2005-01-13'),
('5f336dac-443b-59ca-0544-e5a214c15aa7', 'K89', '1971-04-19', '1995-04-08'),
('2a7d826c-2af7-57f4-a318-75d8bd200d7c', 'K58', '1970-01-12', '2001-02-06'),
('5ed1c035-1e13-6de4-2da8-6d513e380bde', 'K66', '1970-04-11', '2012-08-03'),
('74bd6a7c-1774-697b-3631-644313fbb055', 'K38', '1977-04-20', '1971-09-27');

--
-- Inserting data into table ology
--
INSERT INTO ology(OlogyID, OlogyName) VALUES
('7f9589fa-2b58-5866-1c93-373516031d8e', 'Khoa Abbott'),
('28186996-5b5b-7729-455f-1885b89fc8fc', 'Khoa Rosenberg'),
('5b6e9fc7-1e70-4fd4-0448-b983316b8374', 'Khoa Bethea'),
('1ba4c500-5a33-4cef-3709-69a9b1bfbc32', 'Khoa Maas'),
('2643c0f2-5381-7a86-1d93-373516031d8e', 'Khoa Elston'),
('5c549d77-1e58-4d4e-1fbe-eaf7cc272319', 'Khoa Hedges'),
('31a38fa9-4c3b-4cf0-0548-b983316b8374', 'Khoa Reiter'),
('4a084a3f-5d99-1372-b433-62dd4e858bad', 'Khoa Mcneal'),
('6d825400-4c66-515a-1e93-373516031d8e', 'Khoa Strong'),
('5a851e09-4a52-7284-0648-b983316b8374', 'Khoa Burley'),
('1897a8f1-37fc-5c9c-3809-69a9b1bfbc32', 'Khoa Sewell'),
('373511c0-68e6-4a3f-20be-eaf7cc272319', 'Khoa Acker'),
('66af213e-6ed1-770c-5c32-9a0257d67b47', 'Khoa Fennell'),
('488ffd9a-7ad8-5a04-cd7e-e08e331d25c7', 'Khoa Nagel'),
('495ff429-25fd-4337-1f93-373516031d8e', 'Khoa Ridgeway'),
('24c4b5df-5d2a-53c2-b533-62dd4e858bad', 'Khoa Buckingham'),
('12e83c52-5faa-79c9-ce7e-e08e331d25c7', 'Khoa Crosby'),
('5126a884-72e7-76eb-3909-69a9b1bfbc32', 'Khoa Tanner'),
('436978f8-4c20-1760-21be-eaf7cc272319', 'Khoa Stephens'),
('1752b8ca-19e4-4cd1-757d-18b43b6e1561', 'Khoa Kincaid'),
('47cb37df-759e-6071-3a09-69a9b1bfbc32', 'Khoa Mooney'),
('1ee39b95-6a6d-4cdf-5d32-9a0257d67b47', 'Khoa Seiler'),
('3f74a4eb-2217-1549-0748-b983316b8374', 'Khoa Aguilera'),
('27d08697-48a5-60ae-3014-9ad3d3072fe3', 'Khoa Becker'),
('1c88c2a4-1aa1-1a3e-465f-1885b89fc8fc', 'Khoa Osorio'),
('42b2fa47-5255-25d8-767d-18b43b6e1561', 'Khoa Maes'),
('202ae9eb-75ea-4f00-3114-9ad3d3072fe3', 'Khoa Doran'),
('39e40431-57bb-7682-b633-62dd4e858bad', 'Khoa Dominguez'),
('7dbc0370-219d-568a-cf7e-e08e331d25c7', 'Khoa Musgrove'),
('2c192596-1720-528a-22be-eaf7cc272319', 'Khoa Kirkwood'),
('1d11b286-78df-2715-475f-1885b89fc8fc', 'Khoa Hebert'),
('6b9b7137-3dd3-7b12-b733-62dd4e858bad', 'Khoa Batiste'),
('3778fd78-672b-358c-5e32-9a0257d67b47', 'Khoa Abraham'),
('582165db-7775-1bec-2093-373516031d8e', 'Khoa Abrams'),
('438f32b0-4d8e-4d3b-777d-18b43b6e1561', 'Khoa Andre'),
('78a4e9cd-56c6-20b7-3b09-69a9b1bfbc32', 'Khoa Burrows'),
('167940ec-16a3-126a-d07e-e08e331d25c7', 'Khoa Aldrich'),
('170880fb-26de-46be-23be-eaf7cc272319', 'Khoa Abel'),
('68510dbd-7f5a-2514-5f32-9a0257d67b47', 'Khoa Huang'),
('1bda45a4-5e6a-27d2-3214-9ad3d3072fe3', 'Khoa Alba'),
('57670afb-1567-17fd-787d-18b43b6e1561', 'Khoa Dias'),
('31bc6e74-7ec1-593a-6032-9a0257d67b47', 'Khoa Tang'),
('17907d4e-7c0c-5df6-b833-62dd4e858bad', 'Khoa Mccracken'),
('5f4ef1d4-6cef-1cfb-0848-b983316b8374', 'Khoa Osgood'),
('169b892d-4fb7-2a17-2193-373516031d8e', 'Khoa Alderman'),
('6c4ebe20-31c5-1ec9-0948-b983316b8374', 'Khoa Cunningham'),
('3813ed54-50cb-5d88-485f-1885b89fc8fc', 'Khoa Alger'),
('1faf0e4a-4d03-3578-3314-9ad3d3072fe3', 'Khoa Alcala'),
('5346a8b8-32e1-6513-797d-18b43b6e1561', 'Khoa Lavoie'),
('6b4b77f4-7e44-245e-2293-373516031d8e', 'Khoa Nowlin');

--
-- Inserting data into table practiceshift
--
INSERT INTO practiceshift(PracticeShiftID, PracticeShiftName, StartTime, EndTime) VALUES
('35c94ecf-31c9-4c2b-2cbf-2d1df1341b8b', 'Ca thực hành Calabrese', '2015-10-08 07:12:09', '1970-01-01 00:01:31'),
('16bf2a3e-4001-79d3-de9f-8dd6f6d7e4f8', 'Ca thực hành Bickford', '1970-01-01 00:01:29', '1970-01-01 00:01:49'),
('468bdba6-42f9-2d59-c954-0f2512404bdf', 'Ca thực hành Begay', '2016-11-04 09:58:04', '1974-02-24 14:58:02'),
('7ff6d971-2e0e-4fa3-1a0f-df0f613299a6', 'Ca thực hành Redden', '1970-01-01 00:00:54', '1970-01-01 00:00:06'),
('7d22876a-7262-128c-43d4-35a726f0ef4c', 'Ca thực hành Mcbee', '1986-09-16 04:58:31', '2003-12-09 18:10:34'),
('29b9e885-31c8-49e5-1474-af6b0c9d8171', 'Ca thực hành Bertrand', '1992-05-29 17:21:36', '2010-06-22 15:15:00'),
('52d28f11-7311-4d89-2b89-b7f541585633', 'Ca thực hành Huff', '2004-03-26 14:00:00', '1970-01-01 00:03:17'),
('584abf90-75ed-54c8-2dbf-2d1df1341b8b', 'Ca thực hành Allan', '1985-06-27 16:27:49', '1970-01-01 00:00:08'),
('6c2beba5-4d8d-2def-74b2-6fc19c70b90a', 'Ca thực hành Doherty', '2009-12-29 02:58:25', '1988-04-17 08:49:49'),
('3350b6f2-6c4e-65c3-1574-af6b0c9d8171', 'Ca thực hành Hogg', '1980-10-30 01:13:58', '2017-03-28 23:03:28'),
('596a784a-1280-53ab-df9f-8dd6f6d7e4f8', 'Ca thực hành Roman', '1992-05-13 07:41:00', '1970-01-01 00:00:09'),
('6077820c-62de-41d4-44d4-35a726f0ef4c', 'Ca thực hành Dupont', '1999-08-12 01:08:35', '1970-01-01 00:41:57'),
('63e5935e-5bcc-2a98-2ebf-2d1df1341b8b', 'Ca thực hành Anthony', '2015-09-14 06:06:25', '1970-01-01 01:52:44'),
('7362b293-61fb-57e2-335a-5dc145ca32c0', 'Ca thực hành Harness', '1975-07-18 05:35:50', '2020-08-31 06:18:06'),
('1ae68a9e-6247-74d0-1b0f-df0f613299a6', 'Ca thực hành Holmes', '2020-06-11 03:00:38', '1990-05-24 04:41:57'),
('364a12ae-640c-153b-1674-af6b0c9d8171', 'Ca thực hành Pfeiffer', '1996-10-18 13:30:58', '2020-06-07 22:30:27'),
('4679edcd-3f0a-6386-8dfd-ed7281085324', 'Ca thực hành Williford', '1971-10-19 09:31:36', '2008-07-14 18:14:34'),
('732652cf-2f61-15d9-2c89-b7f541585633', 'Ca thực hành Fulmer', '2000-03-19 08:22:06', '1987-11-02 09:01:45'),
('3755dad1-1868-5512-75b2-6fc19c70b90a', 'Ca thực hành Mcnutt', '1974-06-23 17:05:37', '1988-09-10 01:58:21'),
('585202a6-6e03-5fc1-45d4-35a726f0ef4c', 'Ca thực hành Salinas', '1995-10-13 08:42:31', '1997-07-13 20:38:07'),
('503c34d2-178b-4737-8efd-ed7281085324', 'Ca thực hành Ruth', '2011-02-12 13:59:32', '2021-02-12 03:27:51'),
('27ce8f87-70fb-4abf-2d89-b7f541585633', 'Ca thực hành Ragan', '2015-11-09 22:52:58', '1970-01-01 00:03:13'),
('57ef232e-1a58-7b37-2fbf-2d1df1341b8b', 'Ca thực hành Aleman', '1982-08-21 08:55:47', '1988-10-25 15:03:48'),
('1932f045-2ef9-6195-76b2-6fc19c70b90a', 'Ca thực hành Behrens', '1993-09-04 19:56:15', '1998-07-08 10:12:00'),
('3d1077c3-4217-1128-345a-5dc145ca32c0', 'Ca thực hành Trapp', '1991-12-24 04:27:50', '1997-04-06 17:00:03'),
('1283753d-5374-5932-8ffd-ed7281085324', 'Ca thực hành Acker', '2006-05-28 14:35:54', '2001-07-17 22:27:55'),
('5980bf8f-7bfe-297f-46d4-35a726f0ef4c', 'Ca thực hành Schultz', '1970-01-01 00:00:04', '2008-01-10 16:16:57'),
('78cdd455-661c-1415-77b2-6fc19c70b90a', 'Ca thực hành Varner', '1983-02-22 23:46:45', '1999-03-04 09:42:50'),
('78b15bd8-40bf-38cc-1774-af6b0c9d8171', 'Ca thực hành Bergeron', '1970-01-01 00:21:08', '1982-12-09 04:24:32'),
('57006586-31d8-647d-ca54-0f2512404bdf', 'Ca thực hành Collins', '1994-07-03 08:55:03', '2014-05-16 12:16:22'),
('602ffdd9-74d7-5588-e09f-8dd6f6d7e4f8', 'Ca thực hành Benoit', '2020-08-14 05:59:41', '1993-04-18 02:02:25'),
('5d8cf4be-1db0-46b1-90fd-ed7281085324', 'Ca thực hành Mackenzie', '2014-12-17 00:50:27', '1977-06-02 20:21:15'),
('7a69ae9c-561e-58c1-30bf-2d1df1341b8b', 'Ca thực hành Flint', '1970-01-01 00:00:07', '2001-03-29 16:22:59'),
('5c0e3c2f-1314-1895-1874-af6b0c9d8171', 'Ca thực hành Ladner', '1985-06-21 11:28:00', '2011-03-15 09:47:00'),
('73a00f62-412c-14ce-31bf-2d1df1341b8b', 'Ca thực hành Abraham', '1972-08-12 18:21:22', '2018-10-10 03:32:53'),
('74699f4c-451b-7731-cb54-0f2512404bdf', 'Ca thực hành Harmon', '1994-09-02 14:23:45', '1970-01-01 00:00:02'),
('6146aa2c-1352-7c93-e19f-8dd6f6d7e4f8', 'Ca thực hành Ritchie', '1970-01-01 01:46:37', '1970-01-01 00:00:01'),
('4abc21a0-3ad5-4d68-1c0f-df0f613299a6', 'Ca thực hành Ackerman', '1970-01-01 00:08:53', '2009-01-16 16:07:43'),
('202236c2-5389-5837-2e89-b7f541585633', 'Ca thực hành Aiello', '1998-06-19 18:34:29', '1990-03-12 22:32:30'),
('4edb35dc-793c-6dd4-cc54-0f2512404bdf', 'Ca thực hành Meadows', '1970-01-01 00:00:09', '1970-01-01 00:00:10'),
('7eae0314-2b9b-18f2-e29f-8dd6f6d7e4f8', 'Ca thực hành Weathers', '2021-06-06 17:26:34', '2009-11-07 01:58:38'),
('1cfff8e1-7172-53cd-cd54-0f2512404bdf', 'Ca thực hành Robson', '1996-03-07 10:49:24', '1990-11-01 01:43:45'),
('26280dfa-2c0f-3f26-78b2-6fc19c70b90a', 'Ca thực hành Abrams', '1970-01-01 00:51:57', '1973-11-01 07:13:18'),
('4d1a3246-4106-3961-47d4-35a726f0ef4c', 'Ca thực hành Templeton', '2003-02-07 19:12:45', '1980-08-31 14:56:43'),
('78ec1618-3b10-13bc-1974-af6b0c9d8171', 'Ca thực hành Rock', '2016-08-07 21:29:30', '2020-07-10 18:45:29'),
('68a7deef-78e5-3a2a-355a-5dc145ca32c0', 'Ca thực hành Dugger', '2005-02-19 02:32:20', '2016-10-29 16:30:55'),
('634a6b82-31c1-2a10-32bf-2d1df1341b8b', 'Ca thực hành Alston', '2005-02-14 21:03:18', '2015-05-03 19:38:22'),
('26ece8ec-40b8-2518-91fd-ed7281085324', 'Ca thực hành Spellman', '1987-10-11 04:49:20', '1980-11-12 21:19:02'),
('42155f79-63a5-3b1e-e39f-8dd6f6d7e4f8', 'Ca thực hành Zapata', '2003-04-02 18:46:23', '1971-03-21 06:49:32'),
('398578ee-7455-32dc-2f89-b7f541585633', 'Ca thực hành Mcmanus', '2006-12-24 03:11:02', '1970-01-01 00:00:06');

--
-- Inserting data into table subject
--
INSERT INTO subject(SubjectID, SubjectName) VALUES
('3c6a7b05-211a-29bc-00ba-9a919cad3d6f', 'Bộ môn Davidson'),
('117d9f19-7fff-3d1c-90d7-047a75e1ce07', 'Bộ môn Borrego'),
('72702160-2bf0-494d-1b98-ca559e297554', 'Bộ môn Ackerman'),
('1d324248-2c4a-2e6a-80ea-6a3dbe0bcfe3', 'Bộ môn Hart'),
('5af25bc2-144b-4684-3469-e2b06e9284be', 'Bộ môn Borden'),
('74b4617c-3aa0-7a84-9635-e9eea2a368fd', 'Bộ môn Quinonez'),
('25babda4-59b7-55ef-1c1e-64ff89faeaa4', 'Bộ môn Holcomb'),
('67e54fa9-458b-6dd6-a922-832b5a796821', 'Bộ môn Holder'),
('664fb89e-78ea-1202-3569-e2b06e9284be', 'Bộ môn Dover'),
('23a29e2c-2c09-2a56-1905-19438145d788', 'Bộ môn Hyatt'),
('28fbab69-4464-3c24-1d1e-64ff89faeaa4', 'Bộ môn Blair'),
('752097c9-7368-2037-034d-4ca4b991db3a', 'Bộ môn Franks'),
('45f4f4c5-685c-4da6-1c98-ca559e297554', 'Bộ môn Sauer'),
('160ea52b-5ccf-187b-91d7-047a75e1ce07', 'Bộ môn Schrader'),
('2c82339c-3fbc-38ba-81ea-6a3dbe0bcfe3', 'Bộ môn Lloyd'),
('360fe3cc-3119-1160-044d-4ca4b991db3a', 'Bộ môn Handy'),
('51501c05-2a8c-7247-1d98-ca559e297554', 'Bộ môn Pearson'),
('5800dbb8-69cb-66a4-aa22-832b5a796821', 'Bộ môn Dewey'),
('277a2cb3-5e9e-424a-9735-e9eea2a368fd', 'Bộ môn Henley'),
('517067ce-6873-4d22-82ea-6a3dbe0bcfe3', 'Bộ môn Stegall'),
('4e756bfe-4684-6b9c-01ba-9a919cad3d6f', 'Bộ môn Canfield'),
('323ecdbf-53e8-39f1-054d-4ca4b991db3a', 'Bộ môn Cordova'),
('6b215055-48ef-372a-9835-e9eea2a368fd', 'Bộ môn Tidwell'),
('5709be40-2332-7ef5-3669-e2b06e9284be', 'Bộ môn Pereira'),
('7c8519a3-21a3-615d-1e98-ca559e297554', 'Bộ môn Creamer'),
('5d8a6134-585a-3571-1a05-19438145d788', 'Bộ môn Malcolm'),
('1aaae55f-6b56-75ff-92d7-047a75e1ce07', 'Bộ môn Molina'),
('72641874-7641-2629-ab22-832b5a796821', 'Bộ môn Burch'),
('20dcea47-16b9-418b-1e1e-64ff89faeaa4', 'Bộ môn Street'),
('798ee286-7016-6024-93d7-047a75e1ce07', 'Bộ môn Abney'),
('51fa8195-27cf-5d4e-3769-e2b06e9284be', 'Bộ môn Spooner'),
('1842ad25-3e62-6dd1-064d-4ca4b991db3a', 'Bộ môn Isom'),
('1aaf7773-578b-6382-ac22-832b5a796821', 'Bộ môn Abrams'),
('53ae6f05-5f3f-7231-94d7-047a75e1ce07', 'Bộ môn Vail'),
('7ef5a854-670e-19f9-02ba-9a919cad3d6f', 'Bộ môn Abel'),
('47d98c5b-1cf0-1568-1f98-ca559e297554', 'Bộ môn Abernathy'),
('7b95bd27-17ac-6e03-ad22-832b5a796821', 'Bộ môn Aldridge'),
('6ed13a35-67ee-2ef3-95d7-047a75e1ce07', 'Bộ môn Esposito'),
('183bc524-46c2-721e-074d-4ca4b991db3a', 'Bộ môn Hickman'),
('604a8892-5ce5-52a0-1b05-19438145d788', 'Bộ môn Bartley'),
('3081f916-7ff3-7118-ae22-832b5a796821', 'Bộ môn Whitehurst'),
('5dc372f6-3e58-5def-03ba-9a919cad3d6f', 'Bộ môn Acevedo'),
('124e62c4-20fc-2ae6-96d7-047a75e1ce07', 'Bộ môn Akers'),
('45b83a2c-5a33-305f-83ea-6a3dbe0bcfe3', 'Bộ môn Ryder'),
('4ebfe422-7dd5-49ed-1f1e-64ff89faeaa4', 'Bộ môn Ayala'),
('53b04cc1-6e3b-7fa4-1c05-19438145d788', 'Bộ môn Sheridan'),
('748b12f9-6de9-2081-3869-e2b06e9284be', 'Bộ môn Benton'),
('155e3902-4823-43c1-04ba-9a919cad3d6f', 'Bộ môn Caswell'),
('3c5fefd2-502c-6f1a-1d05-19438145d788', 'Bộ môn Ackerman'),
('118c5a85-285c-462f-2098-ca559e297554', 'Bộ môn Watson');

--
-- Inserting data into table majors
--
INSERT INTO majors(MajorsID, MajorsCode, MajorsName, OlogyID) VALUES
('26021185-77af-263c-842a-acc8fc2f00af', 'NGH-6927', 'Ngành Chappell', '5b6e9fc7-1e70-4fd4-0448-b983316b8374'),
('6118a7ff-742b-25db-a9c1-8e252c39bb73', 'NGH-6721', 'Ngành Isom', '66af213e-6ed1-770c-5c32-9a0257d67b47'),
('2b031b59-5276-589c-9d75-2a7ae1c799c8', 'NGH-3039', 'Ngành Melendez', '3778fd78-672b-358c-5e32-9a0257d67b47'),
('427b1814-60ed-47cf-edb5-aae5d250830a', 'NGH-6001', 'Ngành Ashby', '68510dbd-7f5a-2514-5f32-9a0257d67b47'),
('369e22f6-221c-56bd-852a-acc8fc2f00af', 'NGH-9181', 'Ngành Beauchamp', '170880fb-26de-46be-23be-eaf7cc272319'),
('65fbd1c8-561c-547f-2ade-835209209de0', 'NGH-7524', 'Ngành Logan', '39e40431-57bb-7682-b633-62dd4e858bad'),
('1c40c330-4ddd-3094-c20c-0dd710d1548d', 'NGH-2771', 'Ngành Dasilva', '39e40431-57bb-7682-b633-62dd4e858bad'),
('5712bbe2-5d36-269a-4029-0204eeb736fa', 'NGH-7750', 'Ngành Culbertson', '6c4ebe20-31c5-1ec9-0948-b983316b8374'),
('799e147a-7a5f-1fce-0601-2997b7e81c24', 'NGH-6931', 'Ngành Burk', '39e40431-57bb-7682-b633-62dd4e858bad'),
('6ed4c996-741b-3446-eeb5-aae5d250830a', 'NGH-1246', 'Ngành Begay', '47cb37df-759e-6071-3a09-69a9b1bfbc32'),
('61cc038b-3ccf-196d-2bde-835209209de0', 'NGH-4386', 'Ngành Boynton', '167940ec-16a3-126a-d07e-e08e331d25c7'),
('537f1d22-1428-3a5a-0701-2997b7e81c24', 'NGH-4963', 'Ngành Akins', '1752b8ca-19e4-4cd1-757d-18b43b6e1561'),
('50a57f9b-5cd0-4e34-4129-0204eeb736fa', 'NGH-5031', 'Ngành Bickford', '373511c0-68e6-4a3f-20be-eaf7cc272319'),
('3084625b-7b81-5184-9e75-2a7ae1c799c8', 'NGH-1953', 'Ngành Foley', '39e40431-57bb-7682-b633-62dd4e858bad'),
('19410667-2b94-5075-9a99-4d3edfe18939', 'NGH-8530', 'Ngành Anglin', '1752b8ca-19e4-4cd1-757d-18b43b6e1561'),
('4c06e440-6942-4221-b3e4-cbefc3792353', 'NGH-8746', 'Ngành Beltran', '31a38fa9-4c3b-4cf0-0548-b983316b8374'),
('42d62f66-610e-1f31-2cde-835209209de0', 'NGH-2161', 'Ngành Anthony', '3f74a4eb-2217-1549-0748-b983316b8374'),
('2c5d5b86-3963-7786-aac1-8e252c39bb73', 'NGH-0856', 'Ngành Ketchum', '1ba4c500-5a33-4cef-3709-69a9b1bfbc32'),
('1f3754af-7196-5287-efb5-aae5d250830a', 'NGH-0032', 'Ngành Thrasher', '3f74a4eb-2217-1549-0748-b983316b8374'),
('3ac07f71-2a4f-7b22-0801-2997b7e81c24', 'NGH-6998', 'Ngành Canada', '28186996-5b5b-7729-455f-1885b89fc8fc'),
('417ca6e2-1840-20f2-862a-acc8fc2f00af', 'NGH-6743', 'Ngành Buchanan', '39e40431-57bb-7682-b633-62dd4e858bad'),
('18866bec-1af3-5d61-9f75-2a7ae1c799c8', 'NGH-9102', 'Ngành Blake', '1faf0e4a-4d03-3578-3314-9ad3d3072fe3'),
('4ef42792-4d27-23d2-9b99-4d3edfe18939', 'NGH-6558', 'Ngành Guffey', '6b9b7137-3dd3-7b12-b733-62dd4e858bad'),
('300bd270-340d-5844-c30c-0dd710d1548d', 'NGH-5643', 'Ngành Abel', '31a38fa9-4c3b-4cf0-0548-b983316b8374'),
('22868de9-28b6-679c-b4e4-cbefc3792353', 'NGH-0711', 'Ngành Toth', '39e40431-57bb-7682-b633-62dd4e858bad'),
('51dc4120-17f5-2cfb-f0b5-aae5d250830a', 'NGH-5521', 'Ngành Starks', '17907d4e-7c0c-5df6-b833-62dd4e858bad'),
('6c8c2dea-5d2d-746f-0901-2997b7e81c24', 'NGH-5428', 'Ngành Hinson', '2c192596-1720-528a-22be-eaf7cc272319'),
('487befbc-7c2a-3ac3-872a-acc8fc2f00af', 'NGH-8303', 'Ngành Shay', '39e40431-57bb-7682-b633-62dd4e858bad'),
('3667fcb5-1dc2-1281-a075-2a7ae1c799c8', 'NGH-2541', 'Ngành Gaddis', '1bda45a4-5e6a-27d2-3214-9ad3d3072fe3'),
('3115ec3d-5fca-18ff-f1b5-aae5d250830a', 'NGH-2465', 'Ngành Brock', '2c192596-1720-528a-22be-eaf7cc272319'),
('7f17104c-30e1-48f4-9c99-4d3edfe18939', 'NGH-7577', 'Ngành Andre', '39e40431-57bb-7682-b633-62dd4e858bad'),
('643bbbfa-17f4-3102-0a01-2997b7e81c24', 'NGH-4381', 'Ngành Decker', '2643c0f2-5381-7a86-1d93-373516031d8e'),
('44b37cd4-36f8-4c5b-abc1-8e252c39bb73', 'NGH-4894', 'Ngành Harwood', '78a4e9cd-56c6-20b7-3b09-69a9b1bfbc32'),
('4d79b6cb-6e6c-245b-4229-0204eeb736fa', 'NGH-8402', 'Ngành Anders', '5126a884-72e7-76eb-3909-69a9b1bfbc32'),
('54b4739a-2ddd-77f0-882a-acc8fc2f00af', 'NGH-4524', 'Ngành Keel', '12e83c52-5faa-79c9-ce7e-e08e331d25c7'),
('3b57e252-4ad1-7aad-b5e4-cbefc3792353', 'NGH-8512', 'Ngành Alley', '6d825400-4c66-515a-1e93-373516031d8e'),
('3e128bcd-6f37-235d-c40c-0dd710d1548d', 'NGH-8565', 'Ngành Billings', '42b2fa47-5255-25d8-767d-18b43b6e1561'),
('19199813-4275-601e-a175-2a7ae1c799c8', 'NGH-5791', 'Ngành Maynard', '2643c0f2-5381-7a86-1d93-373516031d8e'),
('663bbae0-498a-7076-892a-acc8fc2f00af', 'NGH-1730', 'Ngành Mortensen', '1d11b286-78df-2715-475f-1885b89fc8fc'),
('60b528b8-1e15-4791-a275-2a7ae1c799c8', 'NGH-7023', 'Ngành Broadway', '169b892d-4fb7-2a17-2193-373516031d8e'),
('32d509b9-2d1a-43b5-9d99-4d3edfe18939', 'NGH-0694', 'Ngành Doran', '495ff429-25fd-4337-1f93-373516031d8e'),
('3b572f28-195a-18fb-b6e4-cbefc3792353', 'NGH-1509', 'Ngành Hedrick', '1752b8ca-19e4-4cd1-757d-18b43b6e1561'),
('13e90e15-7e80-37d9-9e99-4d3edfe18939', 'NGH-4093', 'Ngành Burkhart', '5346a8b8-32e1-6513-797d-18b43b6e1561'),
('4670b40b-7c68-40b2-f2b5-aae5d250830a', 'NGH-7907', 'Ngành Welch', '42b2fa47-5255-25d8-767d-18b43b6e1561'),
('1bf7eb6f-2837-7f1f-acc1-8e252c39bb73', 'NGH-8653', 'Ngành Kramer', '6b4b77f4-7e44-245e-2293-373516031d8e'),
('55068fee-1a3b-6ee9-2dde-835209209de0', 'NGH-0964', 'Ngành Heck', '28186996-5b5b-7729-455f-1885b89fc8fc'),
('1720654b-2559-3acc-c50c-0dd710d1548d', 'NGH-2078', 'Ngành Falls', '582165db-7775-1bec-2093-373516031d8e'),
('25f20752-5f67-6e6d-0b01-2997b7e81c24', 'NGH-3727', 'Ngành Burkholder', '582165db-7775-1bec-2093-373516031d8e'),
('5377db31-6fb2-3491-f3b5-aae5d250830a', 'NGH-5389', 'Ngành Pratt', '169b892d-4fb7-2a17-2193-373516031d8e'),
('3e215306-6cea-7d33-b7e4-cbefc3792353', 'NGH-5273', 'Ngành Oliphant', '31bc6e74-7ec1-593a-6032-9a0257d67b47');

--
-- Inserting data into table module
--
INSERT INTO module(ModuleID, ModuleCode, ModuleName, NumberOfModule, Theory, Practice, BigExercise, SubjectID) VALUES
('6fd9cee5-30b5-5670-79ff-f8ad76748b41', 'HP-2646', 'Học phần Mcgrew', 1, 2, 6, 5, '1aaf7773-578b-6382-ac22-832b5a796821'),
('3f7bb059-6c87-1b53-7f6a-e0860b0602ba', 'HP-2721', 'Học phần Cortes', 6, 7, 7, 5, '5800dbb8-69cb-66a4-aa22-832b5a796821'),
('676c50b7-4130-6122-b044-6bc098520b79', 'HP-6798', 'Học phần Moyer', 1, 0, 9, 0, '604a8892-5ce5-52a0-1b05-19438145d788'),
('6e0e23cc-5dbb-6fe0-8b0b-d111d7560dd1', 'HP-5838', 'Học phần Abbott', 5, 4, 8, 5, '2c82339c-3fbc-38ba-81ea-6a3dbe0bcfe3'),
('1c1fcd85-59ec-7f23-924a-775f5b0c255b', 'HP-8740', 'Học phần Acosta', 3, 2, 9, 1, '72641874-7641-2629-ab22-832b5a796821'),
('31df9e9c-56fc-3664-a156-4fc3bbeea6ea', 'HP-5906', 'Học phần Helton', 0, 8, 2, 2, '74b4617c-3aa0-7a84-9635-e9eea2a368fd'),
('1ce44394-2f81-5943-7aff-f8ad76748b41', 'HP-2589', 'Học phần Abrams', 8, 5, 2, 4, '183bc524-46c2-721e-074d-4ca4b991db3a'),
('19c218fd-281b-2e0c-c98f-e9717deaa492', 'HP-0634', 'Học phần Mcmillian', 5, 7, 4, 3, '1aaae55f-6b56-75ff-92d7-047a75e1ce07'),
('172bfb98-61e3-1a45-b144-6bc098520b79', 'HP-2027', 'Học phần Andrus', 4, 7, 3, 7, '3c5fefd2-502c-6f1a-1d05-19438145d788'),
('70701af8-7bc4-5d50-07a6-59a0c0702c31', 'HP-7905', 'Học phần Wharton', 5, 2, 5, 5, '7b95bd27-17ac-6e03-ad22-832b5a796821'),
('7b2cc0a1-7058-6971-ca8f-e9717deaa492', 'HP-3208', 'Học phần Lujan', 0, 7, 1, 1, '517067ce-6873-4d22-82ea-6a3dbe0bcfe3'),
('7e895323-4cec-68de-b244-6bc098520b79', 'HP-5285', 'Học phần Adam', 7, 3, 5, 3, '72702160-2bf0-494d-1b98-ca559e297554'),
('44b28091-5231-5329-cb8f-e9717deaa492', 'HP-9336', 'Học phần Rawlings', 5, 3, 1, 2, '25babda4-59b7-55ef-1c1e-64ff89faeaa4'),
('2cfa16ff-1641-46e2-b344-6bc098520b79', 'HP-2272', 'Học phần Bolling', 6, 2, 7, 3, '6ed13a35-67ee-2ef3-95d7-047a75e1ce07'),
('4419e3b6-6dcb-722d-ef5a-dbeedbd89217', 'HP-1927', 'Học phần Pyle', 4, 4, 2, 3, '3081f916-7ff3-7118-ae22-832b5a796821'),
('3061c62e-7ef4-7db1-8c0b-d111d7560dd1', 'HP-1895', 'Học phần Abernathy', 1, 8, 2, 9, '45f4f4c5-685c-4da6-1c98-ca559e297554'),
('1975a37d-41d2-5eff-08a6-59a0c0702c31', 'HP-0135', 'Học phần Fiore', 7, 8, 9, 2, '2c82339c-3fbc-38ba-81ea-6a3dbe0bcfe3'),
('1882a7c3-4ac9-63c5-934a-775f5b0c255b', 'HP-7996', 'Học phần Ragland', 7, 3, 4, 9, '5709be40-2332-7ef5-3669-e2b06e9284be'),
('4e86ee0c-533e-1855-671f-62d5266e68a0', 'HP-6477', 'Học phần Acker', 5, 4, 4, 5, '72641874-7641-2629-ab22-832b5a796821'),
('1d761207-4485-528e-806a-e0860b0602ba', 'HP-6037', 'Học phần Ocasio', 9, 5, 7, 5, '5800dbb8-69cb-66a4-aa22-832b5a796821'),
('45706b02-17ac-116f-681f-62d5266e68a0', 'HP-1118', 'Học phần Spruill', 3, 1, 9, 4, '74b4617c-3aa0-7a84-9635-e9eea2a368fd'),
('152bd1b0-3e3e-6e7b-7bff-f8ad76748b41', 'HP-8135', 'Học phần Boucher', 8, 8, 7, 7, '360fe3cc-3119-1160-044d-4ca4b991db3a'),
('7536aa8e-77f4-2e74-cc8f-e9717deaa492', 'HP-2945', 'Học phần Brower', 3, 9, 0, 8, '51fa8195-27cf-5d4e-3769-e2b06e9284be'),
('1cc9577e-32fe-55db-944a-775f5b0c255b', 'HP-5624', 'Học phần Hough', 5, 3, 3, 8, '517067ce-6873-4d22-82ea-6a3dbe0bcfe3'),
('6ce5ae5b-7dc2-7eaf-f05a-dbeedbd89217', 'HP-1016', 'Học phần Ordonez', 7, 8, 1, 3, '20dcea47-16b9-418b-1e1e-64ff89faeaa4'),
('7f5a4dac-6d24-2306-09a6-59a0c0702c31', 'HP-5226', 'Học phần Acker', 5, 6, 2, 0, '748b12f9-6de9-2081-3869-e2b06e9284be'),
('2ee7af5c-4a84-745d-f15a-dbeedbd89217', 'HP-8500', 'Học phần Abbott', 9, 5, 0, 4, '51501c05-2a8c-7247-1d98-ca559e297554'),
('270ebc7c-34b9-7493-b444-6bc098520b79', 'HP-3664', 'Học phần Easter', 2, 7, 8, 3, '5dc372f6-3e58-5def-03ba-9a919cad3d6f'),
('334d4519-33ef-6c5f-7cff-f8ad76748b41', 'HP-3140', 'Học phần Bennett', 1, 9, 7, 4, '3c6a7b05-211a-29bc-00ba-9a919cad3d6f'),
('595a1661-7620-1982-0aa6-59a0c0702c31', 'HP-6210', 'Học phần Abernathy', 7, 3, 3, 1, '7b95bd27-17ac-6e03-ad22-832b5a796821'),
('2a2317ec-7be5-49d8-f25a-dbeedbd89217', 'HP-8858', 'Học phần Matson', 6, 3, 5, 7, '277a2cb3-5e9e-424a-9735-e9eea2a368fd'),
('7c185eef-7078-4c53-816a-e0860b0602ba', 'HP-1542', 'Học phần Cano', 9, 4, 6, 8, '74b4617c-3aa0-7a84-9635-e9eea2a368fd'),
('25efbe65-696b-226c-cd8f-e9717deaa492', 'HP-5546', 'Học phần Alvarado', 8, 0, 9, 8, '1aaae55f-6b56-75ff-92d7-047a75e1ce07'),
('4ca73c94-291d-73c7-954a-775f5b0c255b', 'HP-1924', 'Học phần Cabral', 5, 2, 2, 0, '47d98c5b-1cf0-1568-1f98-ca559e297554'),
('380cb357-23ad-459d-0ba6-59a0c0702c31', 'HP-6790', 'Học phần Morrell', 4, 6, 6, 6, '4e756bfe-4684-6b9c-01ba-9a919cad3d6f'),
('73e731d0-5a66-755a-691f-62d5266e68a0', 'HP-8510', 'Học phần Hathaway', 8, 3, 1, 5, '53b04cc1-6e3b-7fa4-1c05-19438145d788'),
('4f128bf7-7cde-51c3-f35a-dbeedbd89217', 'HP-9075', 'Học phần Blakely', 9, 7, 7, 4, '4e756bfe-4684-6b9c-01ba-9a919cad3d6f'),
('3f84bcae-3049-58d5-a256-4fc3bbeea6ea', 'HP-8144', 'Học phần Adamson', 9, 1, 1, 9, '7ef5a854-670e-19f9-02ba-9a919cad3d6f'),
('1a40131a-73f7-1c19-8d0b-d111d7560dd1', 'HP-8651', 'Học phần Davila', 2, 0, 4, 7, '604a8892-5ce5-52a0-1b05-19438145d788'),
('56d97e17-4a62-3c01-b544-6bc098520b79', 'HP-9946', 'Học phần Lawless', 7, 4, 8, 9, '3c6a7b05-211a-29bc-00ba-9a919cad3d6f'),
('15e14119-2b14-2356-a356-4fc3bbeea6ea', 'HP-8735', 'Học phần Beeler', 3, 2, 2, 0, '5709be40-2332-7ef5-3669-e2b06e9284be'),
('2cc67e6d-5a05-423e-7dff-f8ad76748b41', 'HP-7348', 'Học phần Looney', 4, 1, 8, 9, '51501c05-2a8c-7247-1d98-ca559e297554'),
('3b12f323-3359-1787-0ca6-59a0c0702c31', 'HP-5895', 'Học phần Ambrose', 5, 5, 1, 3, '47d98c5b-1cf0-1568-1f98-ca559e297554'),
('6e12e208-3a95-539a-f45a-dbeedbd89217', 'HP-3275', 'Học phần Ames', 1, 9, 6, 9, '7c8519a3-21a3-615d-1e98-ca559e297554'),
('7a4d803b-199b-2a42-964a-775f5b0c255b', 'HP-9013', 'Học phần Marcotte', 6, 6, 5, 2, '28fbab69-4464-3c24-1d1e-64ff89faeaa4'),
('274ef38d-6952-6e33-ce8f-e9717deaa492', 'HP-9405', 'Học phần Connolly', 4, 7, 2, 1, '7ef5a854-670e-19f9-02ba-9a919cad3d6f'),
('1b7afceb-66eb-4e6d-8e0b-d111d7560dd1', 'HP-1089', 'Học phần Abraham', 3, 2, 1, 6, '45b83a2c-5a33-305f-83ea-6a3dbe0bcfe3'),
('20aa4bfe-1bf4-6715-0da6-59a0c0702c31', 'HP-9102', 'Học phần Abel', 5, 1, 9, 1, '118c5a85-285c-462f-2098-ca559e297554'),
('5388d57b-2c9e-6c0a-b644-6bc098520b79', 'HP-2288', 'Học phần Berrios', 3, 9, 4, 2, '124e62c4-20fc-2ae6-96d7-047a75e1ce07'),
('54087c86-5a3b-77f9-a456-4fc3bbeea6ea', 'HP-9396', 'Học phần Rosario', 7, 8, 0, 1, '47d98c5b-1cf0-1568-1f98-ca559e297554');

--
-- Inserting data into table practicallaboratory
--
INSERT INTO practicallaboratory(PracticalLaboratoryID, PracticalLaboratoryCode, PracticalLaboratoryName, NumberOfSeats, Description, BuildingID) VALUES
('4b24c549-7e20-66b7-b073-961b5d5b8db8', 'P-3019', 'Phòng Wheat', 42, 'Ducimus molestiae debitis corrupti at nostrum iste. Omnis aut rem. Aliquam aut est. Expedita culpa molestiae? Cupiditate placeat quos. Enim et labore.', '677132b4-2a33-68d1-26c2-579daad24557'),
('5ae81b32-58d1-4d20-9828-186a78c3f39e', 'P-8047', 'Phòng Singh', 6, 'Animi in a vero. Ea eligendi nostrum voluptatem dolores velit ut. Consequuntur et eius ipsum hic reiciendis mollitia.', '13ede5b6-19dd-563e-1980-de64d090a2c2'),
('16205738-76ff-585a-5bf5-ad608731b315', 'P-4473', 'Phòng Alvarado', 32, 'Et autem rerum. Velit et possimus! Nihil ut mollitia. Omnis et voluptas! Ipsam omnis iste. Itaque sunt ullam. Consequuntur cupiditate id? Dolorem ut aliquam;', '6c5b9fe7-14c9-3bb5-b4d2-89b22d10517e'),
('3626bfa8-5701-284a-b173-961b5d5b8db8', 'P-4005', 'Phòng Aldrich', 24, 'Qui explicabo est aut sequi quo nulla. Iste sed aperiam dolor aperiam ullam. Quia aperiam ea consequatur ab est; ut labore rerum.', '11a8748f-3464-740c-28c2-579daad24557'),
('1e8dfa7f-1c62-3917-c31e-f9a34758b9dc', 'P-0804', 'Phòng Addison', 49, 'Enim aliquid non. Corrupti sit voluptatum. Assumenda repellat nobis. Dolor qui et. Temporibus ut perspiciatis. Quidem obcaecati quae. Quisquam voluptatibus.', '6f51ea57-13b2-139f-1177-d9ebc53aac3d'),
('28386a4b-698c-2f33-b9ed-840d076bb970', 'P-3990', 'Phòng Jorgenson', 46, 'Debitis illo ad non est sequi. Enim consequuntur doloremque consectetur molestias; deleniti nemo quidem expedita natus omnis non.', '524751f2-1577-523d-ce1d-086412a8ea97'),
('3247100d-5018-5366-7440-2c126cc94c2f', 'P-5767', 'Phòng Armstrong', 27, 'Qui et perferendis. Quibusdam consequuntur quasi. Nihil doloremque iusto. Ipsum voluptatem voluptas! Qui tempora natus? Velit voluptas voluptatem; suscipit.', '4989ff24-23e7-7b82-b6d2-89b22d10517e'),
('707de3be-287e-1d9c-9928-186a78c3f39e', 'P-6601', 'Phòng Hawthorne', 3, 'Sunt illo dolores reiciendis nulla laborum ad. Sit voluptatibus explicabo. Enim maiores sunt! Nisi molestiae veniam. Error cupiditate explicabo. Ex dolores!', '7b666cc3-1b67-6037-67f6-423b4e874d0f'),
('79ff2a0d-5c05-6b52-14fe-de0b0c8b9758', 'P-7482', 'Phòng Adamson', 5, 'Est delectus doloribus. Perspiciatis impedit officia. Error iste dolorem. Ut earum omnis. Sunt iste aut? Similique dolor accusamus. Rerum nemo enim!', '5254e49d-4368-3162-29c2-579daad24557'),
('4957e06d-717c-2c9f-d238-03bfeb02538a', 'P-9134', 'Phòng Pike', 3, 'Ad aut debitis. Quia veniam distinctio. Aut molestias suscipit? Doloribus et ex. Voluptatum blanditiis unde! Non voluptas magnam? Incidunt excepturi eos.', '56dce332-76f0-6b9b-5080-7ed9d1ea06ea'),
('33afe3f5-6923-5d32-b273-961b5d5b8db8', 'P-2068', 'Phòng Gleason', 46, 'Perspiciatis ut ipsa. Incidunt voluptatem qui? Sit dolorem enim. Ut accusantium provident. Ab qui omnis. Quaerat adipisci aliquam. Est qui odio! Eaque sunt.', '6b550b8f-7ff9-51bc-0f77-d9ebc53aac3d'),
('623f47c1-32bb-31ef-9a28-186a78c3f39e', 'P-6513', 'Phòng Roy', 26, 'Harum odio quasi sit. Voluptatum maiores quaerat incidunt. Suscipit ut exercitationem sit? Cum illum ut iste aut sapiente quo.', '5f03d745-7702-1c85-2bc2-579daad24557'),
('4f936fa9-694c-512e-b373-961b5d5b8db8', 'P-4221', 'Phòng Huber', 38, 'Incidunt dolorem quae. Repudiandae non suscipit dolorem perspiciatis atque vel. Dolores rerum error officia; qui voluptate qui ut quae quia nihil. Voluptas.', '3fed64ec-2f94-798f-0335-60b3ebf808a9'),
('502e64c9-1598-4f62-fcb2-605a27f3fd3e', 'P-0192', 'Phòng Rhodes', 38, 'Voluptatem sed consequatur natus est possimus. Ut qui iusto error. Amet obcaecati sequi. Sit placeat molestias error doloremque! Iure modi enim.', '5a841b92-791c-78df-5180-7ed9d1ea06ea'),
('7438d178-1b28-37ba-5cf5-ad608731b315', 'P-7877', 'Phòng Bailey', 20, 'Libero deleniti nihil harum molestiae fugiat deserunt. Laboriosam voluptate optio! Vel aut adipisci temporibus odit alias incidunt.', '35c3a053-254d-33f3-1b80-de64d090a2c2'),
('5bd4c321-72dc-6fd1-15fe-de0b0c8b9758', 'P-8785', 'Phòng Aquino', 1, NULL, '35c3a053-254d-33f3-1b80-de64d090a2c2'),
('6556cfd1-406e-77dd-fdb2-605a27f3fd3e', 'P-7218', 'Phòng Navarro', 29, 'Aut voluptatem soluta. In sunt fugiat; culpa aut voluptatem. Minima dolor in. Eos iste dolores? Et dolorem at; dignissimos non aliquam. Qui iusto saepe.', '35c3a053-254d-33f3-1b80-de64d090a2c2'),
('4e5d05d1-155e-632a-d969-77552cf052f6', 'P-6980', 'Phòng Ames', 43, 'Fugiat consequatur modi vitae et sed ea; ut in deserunt laudantium voluptate quas sed. Numquam amet omnis! Ex hic doloremque.', '4db9a514-6d87-2ec1-3b35-0028ed526dd0'),
('14db3476-7f98-70b8-c41e-f9a34758b9dc', 'P-7827', 'Phòng Fulcher', 15, 'Commodi iste incidunt et ipsa dolorem sed. Cupiditate id quod dolorum repellendus minima officia.', '2f43fc9d-1f7a-25fc-5280-7ed9d1ea06ea'),
('68f73a4f-7e6e-1f23-9b28-186a78c3f39e', 'P-3117', 'Phòng Cowley', 34, 'Et sunt ab. Nobis omnis sed. Labore maiores minus. Accusantium quia maiores. Ut cum voluptatem? Illo suscipit earum. Est minima in...', '7bd9cf39-3f55-3a7b-0035-60b3ebf808a9'),
('424dc762-2e36-2c53-7540-2c126cc94c2f', 'P-8816', 'Phòng Esposito', 44, 'Officia est sed deserunt et natus ratione. Quia ab suscipit consequatur quaerat eum molestias.', '36ac2df8-2b1e-368f-cc1d-086412a8ea97'),
('2c9a1269-6e37-5df9-baed-840d076bb970', 'P-2004', 'Phòng Stanton', 37, 'At libero iste. Sed laudantium fugiat. Sit odio reiciendis. Veritatis quo perspiciatis. Voluptatem sit unde; voluptatem dolores quis. Corporis modi inventore.', '5a841b92-791c-78df-5180-7ed9d1ea06ea'),
('65b727e7-6a03-1feb-da69-77552cf052f6', 'P-3048', 'Phòng Worley', 33, 'Ipsa fugit dicta nam sit perspiciatis ratione. Ut aliquam adipisci quia mollitia qui; et quidem facere. Tenetur eius temporibus dicta.', '3e7dd0ec-7ee5-392a-1277-d9ebc53aac3d'),
('216e3c1e-4796-5e45-b473-961b5d5b8db8', 'P-9800', 'Phòng Amaya', 9, NULL, '28cd1599-63bf-785f-4f80-7ed9d1ea06ea'),
('541f5418-502c-5e86-9c28-186a78c3f39e', 'P-2705', 'Phòng Easter', 35, 'Consequatur atque eos; alias eos eligendi. Iure aut facilis! Est et ut. Amet iste quisquam. Animi perferendis consectetur. Porro accusantium eum. Ipsum!', '481183cb-5a6c-795b-68f6-423b4e874d0f'),
('7f8a99f5-1914-3e1c-d338-03bfeb02538a', 'P-3531', 'Phòng Ashworth', 35, 'Sit ut architecto similique ea officiis magni.', '42b9446a-790b-3892-2ac2-579daad24557'),
('51755a4c-6341-4eee-5df5-ad608731b315', 'P-3297', 'Phòng Reese', 30, 'Perferendis natus saepe veniam incidunt ut laborum. Nam fugiat veritatis eius perspiciatis iusto quod.', '595e7d51-318c-39e8-1377-d9ebc53aac3d'),
('1876d0f1-3b1d-697e-16fe-de0b0c8b9758', 'P-9967', 'Phòng Mccartney', 36, 'Quia molestiae cum quaerat assumenda explicabo impedit. Ratione aperiam sit unde quisquam voluptas hic.', '62af2231-78a7-7caa-cd1d-086412a8ea97'),
('2634a292-5c65-4179-7640-2c126cc94c2f', 'P-4096', 'Phòng Echols', 43, 'Reiciendis tenetur ut vero sunt sed aut.', '1e5e96fa-5d7a-599d-27c2-579daad24557'),
('5a45ae3f-2b14-2af2-b573-961b5d5b8db8', 'P-8857', 'Phòng Nunez', 7, 'Repellendus quam velit corporis repudiandae omnis. Aut voluptatem explicabo fugiat sed aut. Ex nemo et aut? Voluptates distinctio qui minima asperiores eos.', '3738ce93-1661-5628-2cc2-579daad24557'),
('370ca915-2cd9-7767-feb2-605a27f3fd3e', 'P-9197', 'Phòng Pape', 32, 'Reprehenderit atque hic sit. Quo sed omnis autem exercitationem sed? Voluptas atque sed nesciunt aliquid quasi debitis. Ut natus et?', '3fed64ec-2f94-798f-0335-60b3ebf808a9'),
('7267031c-4487-2774-c51e-f9a34758b9dc', 'P-8544', 'Phòng Amaya', 32, 'Perspiciatis explicabo at quibusdam nostrum. Odit qui et. Dolorem inventore unde! Omnis quo architecto laudantium est porro sint.', '524751f2-1577-523d-ce1d-086412a8ea97'),
('18b53f09-284d-4d57-5ef5-ad608731b315', 'P-0593', 'Phòng Farrar', 29, 'Libero id officiis; officia suscipit consequatur. Corporis consequatur perferendis. At eum ullam. Ex voluptatem sapiente; itaque ut recusandae. Corrupti?', '62563348-7bd5-6519-3c35-0028ed526dd0'),
('51668d1f-78fa-2104-db69-77552cf052f6', 'P-1926', 'Phòng Coker', 45, 'Eaque enim accusamus. Soluta voluptate omnis? Pariatur et molestiae. Corrupti provident rerum. Est accusantium nisi. Culpa voluptas qui; architecto id soluta?', '6a763a51-4322-5c5a-b5d2-89b22d10517e'),
('26e7726d-6597-3f83-c61e-f9a34758b9dc', 'P-7826', 'Phòng Cooke', 42, 'Qui soluta quia aliquid modi sed error. Vel labore animi veritatis aut odit; sed doloremque deserunt unde nam voluptas et.', '6c80a684-1cb5-41af-ff34-60b3ebf808a9'),
('42454a5c-3926-3d9d-dc69-77552cf052f6', 'P-9693', 'Phòng Crow', 8, 'Ipsa velit voluptatum natus sit voluptatem inventore. Ut unde vel; unde et quam error explicabo unde dolorum.', '12e1b096-3542-127a-1077-d9ebc53aac3d'),
('1fd964a3-6e9e-40d0-c71e-f9a34758b9dc', 'P-6952', 'Phòng Naylor', 2, NULL, '73dc79e1-1ccb-35a6-0235-60b3ebf808a9'),
('3bbc27a8-3433-61ae-7740-2c126cc94c2f', 'P-9138', 'Phòng Bertram', 7, 'Veritatis sunt tenetur quasi illum nemo. Eligendi eaque nesciunt! Et autem nulla. Alias similique iusto! At iure error. Alias corrupti rerum.', '197fda97-5a35-781d-0e77-d9ebc53aac3d'),
('1e0ce3e5-1b57-61df-5ff5-ad608731b315', 'P-6841', 'Phòng Milner', 49, 'Suscipit et tempora et voluptatem. Quidem corporis magni. Quos libero saepe dolores suscipit ipsum a! Ut error ex. Natus necessitatibus quis? Aut natus.', '407db4d1-222b-287d-0135-60b3ebf808a9'),
('24c72a01-38e7-40dd-9d28-186a78c3f39e', 'P-7119', 'Phòng Abreu', 5, 'Omnis corporis ut. Odit cumque commodi. Quam dolor necessitatibus. Reiciendis est error? Error ut ad. Animi sequi et. Enim facilis exercitationem; doloremque.', '62563348-7bd5-6519-3c35-0028ed526dd0'),
('475372d4-62cf-41f2-dd69-77552cf052f6', 'P-4287', 'Phòng Simms', 38, 'Et quo sint nesciunt dolores a. Voluptas ut quis! Perspiciatis delectus odio; est commodi facere? Non animi eligendi. Quis accusamus alias.', '28cd1599-63bf-785f-4f80-7ed9d1ea06ea'),
('24e33ba7-2e44-138e-c81e-f9a34758b9dc', 'P-3345', 'Phòng Aponte', 23, 'Voluptatem itaque iusto error totam consectetur pariatur. Incidunt illum ut? Aut voluptas deleniti qui. Suscipit qui est quasi. Perspiciatis nulla dolor!', '7b666cc3-1b67-6037-67f6-423b4e874d0f'),
('2da9514c-30e5-3da4-bbed-840d076bb970', 'P-7438', 'Phòng Smiley', 11, 'Sint est voluptatem ut perspiciatis; ex enim et hic porro? Sed aut dolore culpa. Aspernatur unde perferendis architecto voluptas nemo a. Autem dolor magni!', '6c5b9fe7-14c9-3bb5-b4d2-89b22d10517e'),
('180230e2-77d2-2fe3-17fe-de0b0c8b9758', 'P-3913', 'Phòng Mobley', 6, 'Ut nesciunt est obcaecati voluptatum velit suscipit. Nesciunt corporis nulla dolorum quae et rem.', '5fab4ff7-1b8e-64d0-1880-de64d090a2c2'),
('7c90fa6c-62fe-68c4-7840-2c126cc94c2f', 'P-4995', 'Phòng Figueroa', 43, 'Hic aut sapiente quia. Nisi sapiente mollitia voluptatem aut facere! Nisi impedit unde. Qui in et. Nesciunt laboriosam esse; quo sed est.', '5fab4ff7-1b8e-64d0-1880-de64d090a2c2'),
('3e9721bf-615b-1b5b-60f5-ad608731b315', 'P-2608', 'Phòng Hunter', 31, 'Veniam omnis voluptas unde veritatis labore reprehenderit.', '13ede5b6-19dd-563e-1980-de64d090a2c2'),
('3c6e84f4-7024-7129-ffb2-605a27f3fd3e', 'P-3629', 'Phòng Calvert', 35, 'Dignissimos nisi voluptatem. Dicta vel enim. Voluptatem libero laudantium; vero omnis error. Illum laudantium animi! Eveniet voluptatem cum. Provident et.', '3fed64ec-2f94-798f-0335-60b3ebf808a9'),
('1a6752f6-5064-7d8e-b673-961b5d5b8db8', 'P-3539', 'Phòng Levine', 45, 'Illo qui iste. Tempora corporis maiores. Rem et omnis. Incidunt suscipit provident. Autem laboriosam vero! Aut natus itaque. Totam repudiandae qui.', '3304dddb-1b72-607f-25c2-579daad24557'),
('424691f2-1206-7471-de69-77552cf052f6', 'P-1456', 'Phòng Mcmillen', 31, NULL, '3e51a46c-4153-229c-7f41-c1ec321fe728'),
('7b4a42ef-40c2-6978-c91e-f9a34758b9dc', 'P-6629', 'Phòng Goodrich', 2, NULL, '4989ff24-23e7-7b82-b6d2-89b22d10517e');

--
-- Inserting data into table class
--
INSERT INTO class(ClassID, ClassCode, ClassName, CourseID, MajorsID) VALUES
('19165ed7-212e-21c4-0428-030d4265475f', 'L-8169', 'Lớp Weatherford', '7c4f14d8-66fb-14ae-198f-6354f958f4c0', '1c40c330-4ddd-3094-c20c-0dd710d1548d'),
('3631011e-4559-4ad8-b0ad-cb989f2177da', 'L-3422', 'Lớp Dunne', '5cbc2c4b-7d51-59ae-bb63-f389a2b8a695', '487befbc-7c2a-3ac3-872a-acc8fc2f00af'),
('7a0b757e-41eb-4df6-c6f8-494a84b910f4', 'L-4696', 'Lớp Amador', '6571ec67-6ece-3667-b963-f389a2b8a695', '6c8c2dea-5d2d-746f-0901-2997b7e81c24'),
('2924c34d-68f1-1d0a-c9c7-6c0aeb6ec302', 'L-3916', 'Lớp Bruns', '3811bf63-649c-727e-0444-e5a214c15aa7', '1bf7eb6f-2837-7f1f-acc1-8e252c39bb73'),
('4cf2dd43-5f4b-71b6-e212-ebbbcf065d1c', 'L-4224', 'Lớp Ames', '4b65b71a-5f55-3f9e-29a8-6d513e380bde', '26021185-77af-263c-842a-acc8fc2f00af'),
('5f7b48e5-16f9-2f2f-ecdc-845b5dcdad45', 'L-7595', 'Lớp Pridgen', '1fcd2033-2232-501a-42f3-eb0223d0a4f7', '487befbc-7c2a-3ac3-872a-acc8fc2f00af'),
('185f84ed-4563-51a0-cac7-6c0aeb6ec302', 'L-1201', 'Lớp Tolliver', '2e72d671-36cd-4949-2ba8-6d513e380bde', '417ca6e2-1840-20f2-862a-acc8fc2f00af'),
('1731fa87-79fd-4cc1-6978-553c0310877a', 'L-5134', 'Lớp Ohara', '6571ec67-6ece-3667-b963-f389a2b8a695', '4ef42792-4d27-23d2-9b99-4d3edfe18939'),
('471530a2-44fe-7395-b1ad-cb989f2177da', 'L-7290', 'Lớp Biddle', '58e30e45-453c-4992-a118-75d8bd200d7c', '3b572f28-195a-18fb-b6e4-cbefc3792353'),
('27366e4a-5248-12e3-e312-ebbbcf065d1c', 'L-9493', 'Lớp Chester', '5f336dac-443b-59ca-0544-e5a214c15aa7', '61cc038b-3ccf-196d-2bde-835209209de0'),
('16f20a3e-4e43-1b90-cbc7-6c0aeb6ec302', 'L-8818', 'Lớp Coats', '626eea15-30d9-2ab0-07a4-60fcae00630c', '427b1814-60ed-47cf-edb5-aae5d250830a'),
('7b01963d-2bc0-5b15-82c3-d3ede7a72094', 'L-5930', 'Lớp Burkhart', '7c4f14d8-66fb-14ae-198f-6354f958f4c0', '3e128bcd-6f37-235d-c40c-0dd710d1548d'),
('5f620c85-55d9-7632-6a78-553c0310877a', 'L-7719', 'Lớp Baggett', '536fb797-4470-4d28-1b8f-6354f958f4c0', '5712bbe2-5d36-269a-4029-0204eeb736fa'),
('79e2659b-1e78-7dc9-0528-030d4265475f', 'L-5066', 'Lớp Carrillo', '4b6b0258-4404-478f-18e6-e5912e63173c', '417ca6e2-1840-20f2-862a-acc8fc2f00af'),
('1ce192a3-6b70-712d-fa74-9471face0ab4', 'L-6441', 'Lớp Radford', '26fe1532-7e63-6a11-1a8f-6354f958f4c0', '3b572f28-195a-18fb-b6e4-cbefc3792353'),
('5626a583-2f8f-4518-e229-16c01537719a', 'L-8408', 'Lớp Abney', '58e30e45-453c-4992-a118-75d8bd200d7c', '2b031b59-5276-589c-9d75-2a7ae1c799c8'),
('2d7c5749-57b4-3c7a-eddc-845b5dcdad45', 'L-0060', 'Lớp Adair', '45ac3d26-18f2-18a9-3031-644313fbb055', '369e22f6-221c-56bd-852a-acc8fc2f00af'),
('7dcdc0cb-212f-604b-c7f8-494a84b910f4', 'L-8859', 'Lớp Russell', '35f1d742-2147-771e-2ca8-6d513e380bde', '300bd270-340d-5844-c30c-0dd710d1548d'),
('3be7f5cf-7438-6ede-83c3-d3ede7a72094', 'L-1321', 'Lớp Jobe', '41c9214e-14cd-5f4a-40f3-eb0223d0a4f7', '44b37cd4-36f8-4c5b-abc1-8e252c39bb73'),
('29d431fd-2d4b-248f-b2ad-cb989f2177da', 'L-7383', 'Lớp Brownlee', '2b66edd0-4caa-7475-3231-644313fbb055', '44b37cd4-36f8-4c5b-abc1-8e252c39bb73'),
('4628f6df-6e4d-4115-fb74-9471face0ab4', 'L-2837', 'Lớp Keene', '7c3f0380-7e8c-6885-19e6-e5912e63173c', '427b1814-60ed-47cf-edb5-aae5d250830a'),
('7e760549-7d28-2394-c8f8-494a84b910f4', 'L-1497', 'Lớp Barnard', '26fe1532-7e63-6a11-1a8f-6354f958f4c0', '643bbbfa-17f4-3102-0a01-2997b7e81c24'),
('11eea441-2a19-1735-6b78-553c0310877a', 'L-2786', 'Lớp Boggs', '46c549a5-7816-40f1-1fef-dead9398fc25', '18866bec-1af3-5d61-9f75-2a7ae1c799c8'),
('450bb33b-2a2d-352b-e412-ebbbcf065d1c', 'L-1213', 'Lớp Clayton', '5546e2d7-52f4-7149-3df3-eb0223d0a4f7', '4ef42792-4d27-23d2-9b99-4d3edfe18939'),
('28462535-1b23-3184-e329-16c01537719a', 'L-5221', 'Lớp Toledo', '676a9ab6-33e3-4094-28a8-6d513e380bde', '1720654b-2559-3acc-c50c-0dd710d1548d'),
('437ca88e-2dde-4dea-b3ad-cb989f2177da', 'L-4632', 'Lớp Pomeroy', '35f1d742-2147-771e-2ca8-6d513e380bde', '50a57f9b-5cd0-4e34-4129-0204eeb736fa'),
('54a11339-4527-4d4c-ccc7-6c0aeb6ec302', 'L-4835', 'Lớp Olson', '7915ca58-3ecb-3660-3331-644313fbb055', '32d509b9-2d1a-43b5-9d99-4d3edfe18939'),
('3c1063e8-464b-245e-c9f8-494a84b910f4', 'L-9769', 'Lớp Pride', '4b65b71a-5f55-3f9e-29a8-6d513e380bde', '60b528b8-1e15-4791-a275-2a7ae1c799c8'),
('2d7c4ad9-5762-3f18-fc74-9471face0ab4', 'L-6550', 'Lớp Betts', '35f1d742-2147-771e-2ca8-6d513e380bde', '3e128bcd-6f37-235d-c40c-0dd710d1548d'),
('3a10e21a-7b72-4e25-e512-ebbbcf065d1c', 'L-3960', 'Lớp Mcgrew', '67116b41-6c11-65b4-1be6-e5912e63173c', '1720654b-2559-3acc-c50c-0dd710d1548d'),
('1a5df1f7-1200-63f1-0628-030d4265475f', 'L-4844', 'Lớp Richardson', '35e773ea-5d44-2dda-26a8-6d513e380bde', '50a57f9b-5cd0-4e34-4129-0204eeb736fa'),
('5a6d957e-29e7-4a12-84c3-d3ede7a72094', 'L-9666', 'Lớp Dallas', '156b34c2-7a74-2dc8-0244-e5a214c15aa7', '55068fee-1a3b-6ee9-2dde-835209209de0'),
('23f585fb-3a2d-505d-b4ad-cb989f2177da', 'L-6206', 'Lớp Crutcher', '6f45e010-3200-5943-27a8-6d513e380bde', '1f3754af-7196-5287-efb5-aae5d250830a'),
('3d7f2a35-42d8-229a-e429-16c01537719a', 'L-4296', 'Lớp Ruffin', '1158b2a7-4445-6469-1de6-e5912e63173c', '487befbc-7c2a-3ac3-872a-acc8fc2f00af'),
('3f93d93d-2236-468c-fd74-9471face0ab4', 'L-3856', 'Lớp Overby', '26fe1532-7e63-6a11-1a8f-6354f958f4c0', '1f3754af-7196-5287-efb5-aae5d250830a'),
('6e52efd1-769c-2ea0-eedc-845b5dcdad45', 'L-7803', 'Lớp Cassidy', '1b9a70e0-37b0-709b-a218-75d8bd200d7c', '1f3754af-7196-5287-efb5-aae5d250830a'),
('62452262-64e1-492b-0728-030d4265475f', 'L-7599', 'Lớp Dwyer', '3f8e6896-4c7d-15f5-a018-75d8bd200d7c', '427b1814-60ed-47cf-edb5-aae5d250830a'),
('194fda9a-2129-413c-e529-16c01537719a', 'L-7754', 'Lớp Marsh', '5f40b5dd-644e-449a-3531-644313fbb055', '3ac07f71-2a4f-7b22-0801-2997b7e81c24'),
('25f99060-45d4-4d94-6c78-553c0310877a', 'L-5690', 'Lớp Baggett', '3a9bddf8-45b5-74ca-3131-644313fbb055', '13e90e15-7e80-37d9-9e99-4d3edfe18939'),
('1b561f86-2664-2a3e-efdc-845b5dcdad45', 'L-9342', 'Lớp Mcadams', '5f40b5dd-644e-449a-3531-644313fbb055', '26021185-77af-263c-842a-acc8fc2f00af'),
('2cb2bad7-3b25-1669-0828-030d4265475f', 'L-4163', 'Lớp Chase', '35e773ea-5d44-2dda-26a8-6d513e380bde', '3ac07f71-2a4f-7b22-0801-2997b7e81c24'),
('62d5360d-27b8-1ff8-cdc7-6c0aeb6ec302', 'L-7561', 'Lớp Lujan', '2e72d671-36cd-4949-2ba8-6d513e380bde', '42d62f66-610e-1f31-2cde-835209209de0'),
('54b663bd-1ea7-5260-f0dc-845b5dcdad45', 'L-6626', 'Lớp Leak', '7c4f14d8-66fb-14ae-198f-6354f958f4c0', '537f1d22-1428-3a5a-0701-2997b7e81c24'),
('405cd8be-1160-35ff-85c3-d3ede7a72094', 'L-2077', 'Lớp Furman', '1158b2a7-4445-6469-1de6-e5912e63173c', '19410667-2b94-5075-9a99-4d3edfe18939'),
('392fa796-4918-764e-6d78-553c0310877a', 'L-9469', 'Lớp Alcorn', '78aafe4a-67a7-2076-3bf3-eb0223d0a4f7', '427b1814-60ed-47cf-edb5-aae5d250830a'),
('1235c88b-5f2a-78d9-e612-ebbbcf065d1c', 'L-2427', 'Lớp Abraham', '3b4ce82c-1492-6844-3ff3-eb0223d0a4f7', '1720654b-2559-3acc-c50c-0dd710d1548d'),
('5835bc5a-49a5-3026-86c3-d3ede7a72094', 'L-4315', 'Lớp Atkinson', '35f1d742-2147-771e-2ca8-6d513e380bde', '5712bbe2-5d36-269a-4029-0204eeb736fa'),
('25b365f2-2435-14d4-caf8-494a84b910f4', 'L-2372', 'Lớp Buffington', '67116b41-6c11-65b4-1be6-e5912e63173c', '25f20752-5f67-6e6d-0b01-2997b7e81c24'),
('64982a26-5d67-270d-b5ad-cb989f2177da', 'L-6621', 'Lớp Alderman', '2c7b6277-5ebb-11bc-1d8f-6354f958f4c0', '6118a7ff-742b-25db-a9c1-8e252c39bb73'),
('4d1ff813-25eb-7909-cbf8-494a84b910f4', 'L-9148', 'Lớp Acevedo', '2b66edd0-4caa-7475-3231-644313fbb055', '42d62f66-610e-1f31-2cde-835209209de0');

--
-- Inserting data into table moduleclass
--
INSERT INTO moduleclass(ModuleClassID, ModuleClassCode, ModuleID, Semester, Status, StartTime, EndTime) VALUES
('4fac4b9e-6c96-177f-d292-0ed10b503732', 'LHP-1056', '7a4d803b-199b-2a42-964a-775f5b0c255b', 2, 1, '2003-03-08', '2010-01-29'),
('7c6369f2-18d3-679e-d7ab-8b7af6721bcf', 'LHP-8854', '4419e3b6-6dcb-722d-ef5a-dbeedbd89217', 2, 0, '1991-07-01', '1998-05-10'),
('592b006d-6335-6101-edf6-092cdb0ab5e8', 'LHP-4241', '4ca73c94-291d-73c7-954a-775f5b0c255b', 2, 1, '1994-04-22', '1970-01-07'),
('35251a6d-3944-4983-ba47-901f27b89d18', 'LHP-7252', '6fd9cee5-30b5-5670-79ff-f8ad76748b41', 1, 0, '1982-06-11', '2009-12-01'),
('5017b949-77c1-2758-e5f2-17995bf2968c', 'LHP-5076', '270ebc7c-34b9-7493-b444-6bc098520b79', 2, 1, '2011-12-29', '1986-08-04'),
('4a756255-60b4-6d83-d392-0ed10b503732', 'LHP-1784', '6ce5ae5b-7dc2-7eaf-f05a-dbeedbd89217', 1, 1, '2010-01-17', '1985-12-01'),
('4e4dd06a-1a04-681f-29dc-88a3ac8a3bba', 'LHP-2645', '5388d57b-2c9e-6c0a-b644-6bc098520b79', 2, 1, '2019-09-14', '1972-03-12'),
('60e353a5-58e0-5144-d8ab-8b7af6721bcf', 'LHP-9473', '7c185eef-7078-4c53-816a-e0860b0602ba', 1, 0, '1970-01-08', '1970-12-29'),
('2d2631c0-30a8-1850-bb47-901f27b89d18', 'LHP-2521', '380cb357-23ad-459d-0ba6-59a0c0702c31', 1, 2, '1970-01-09', '1971-06-22'),
('4ddd46a8-42d2-6d26-1191-0af2c7f2a1a0', 'LHP-8164', '7536aa8e-77f4-2e74-cc8f-e9717deaa492', 1, 2, '1975-07-02', '1993-12-08'),
('641eb0d6-1506-74b9-2adc-88a3ac8a3bba', 'LHP-5805', '2ee7af5c-4a84-745d-f15a-dbeedbd89217', 1, 1, '1972-09-13', '1970-07-03'),
('4d963204-46cc-538c-9d66-43a328b17837', 'LHP-3567', '2cfa16ff-1641-46e2-b344-6bc098520b79', 1, 1, '1992-05-22', '1970-01-10'),
('7e951f52-34a1-2e20-cda7-99e7765afd72', 'LHP-2461', '2a2317ec-7be5-49d8-f25a-dbeedbd89217', 2, 1, '1970-01-01', '1970-10-26'),
('46335fb5-1ac4-66ae-b6b1-c1540d491251', 'LHP-5247', '20aa4bfe-1bf4-6715-0da6-59a0c0702c31', 1, 0, '2010-01-14', '1998-04-28'),
('629d287a-406b-4f35-eef6-092cdb0ab5e8', 'LHP-7955', '70701af8-7bc4-5d50-07a6-59a0c0702c31', 1, 2, '1976-05-04', '1992-07-11'),
('6737a48e-36e0-26f6-d9ab-8b7af6721bcf', 'LHP-2857', '31df9e9c-56fc-3664-a156-4fc3bbeea6ea', 2, 2, '1977-05-17', '1989-12-09'),
('5a80a199-54ec-1c66-d492-0ed10b503732', 'LHP-6748', '152bd1b0-3e3e-6e7b-7bff-f8ad76748b41', 2, 1, '1999-05-10', '1993-03-23'),
('69827ce8-2a62-31e0-bc47-901f27b89d18', 'LHP-6091', '2cfa16ff-1641-46e2-b344-6bc098520b79', 2, 2, '1990-07-31', '2009-05-10'),
('24b6e294-3962-3cac-eff6-092cdb0ab5e8', 'LHP-4720', '7f5a4dac-6d24-2306-09a6-59a0c0702c31', 1, 1, '1985-05-06', '1970-01-07'),
('5d104629-56c9-1241-daab-8b7af6721bcf', 'LHP-6129', '44b28091-5231-5329-cb8f-e9717deaa492', 2, 2, '2010-02-28', '2005-07-07'),
('4f3d42c1-6e2c-2c89-e6f2-17995bf2968c', 'LHP-1533', '3b12f323-3359-1787-0ca6-59a0c0702c31', 2, 1, '1971-11-17', '1988-03-09'),
('2229d431-6911-6ec7-d592-0ed10b503732', 'LHP-8244', '3061c62e-7ef4-7db1-8c0b-d111d7560dd1', 1, 2, '1970-01-04', '1977-02-28'),
('50cd7cd2-6007-63f8-cea7-99e7765afd72', 'LHP-2746', '334d4519-33ef-6c5f-7cff-f8ad76748b41', 1, 1, '2004-08-21', '2012-02-04'),
('52865d12-2628-2164-9e66-43a328b17837', 'LHP-6033', '7f5a4dac-6d24-2306-09a6-59a0c0702c31', 1, 1, '2000-05-28', '2018-08-16'),
('76b970ae-70a0-32ec-b7b1-c1540d491251', 'LHP-2434', '7c185eef-7078-4c53-816a-e0860b0602ba', 2, 1, '2017-08-27', '2018-09-09'),
('3483adfe-38c9-1789-9f66-43a328b17837', 'LHP-3987', '7e895323-4cec-68de-b244-6bc098520b79', 1, 2, '1980-02-28', '2016-05-17'),
('215c458d-76a1-715d-b8b1-c1540d491251', 'LHP-1239', '6e12e208-3a95-539a-f45a-dbeedbd89217', 2, 2, '2001-11-18', '1977-12-17'),
('12005c59-4cdb-2a35-f0f6-092cdb0ab5e8', 'LHP-0977', '1ce44394-2f81-5943-7aff-f8ad76748b41', 2, 1, '1990-12-02', '1975-08-17'),
('61cf5088-6432-5af3-1291-0af2c7f2a1a0', 'LHP-5988', '274ef38d-6952-6e33-ce8f-e9717deaa492', 1, 1, '1970-01-08', '2011-09-26'),
('396eaf2d-5bc5-5766-e7f2-17995bf2968c', 'LHP-0389', '3061c62e-7ef4-7db1-8c0b-d111d7560dd1', 1, 1, '1970-03-17', '1994-06-19'),
('45422559-79e1-254d-cfa7-99e7765afd72', 'LHP-7264', '1975a37d-41d2-5eff-08a6-59a0c0702c31', 2, 2, '1981-11-03', '2008-01-14'),
('3d99a93b-28ef-1fd5-e8f2-17995bf2968c', 'LHP-4924', '2cc67e6d-5a05-423e-7dff-f8ad76748b41', 2, 1, '1977-11-07', '1979-02-12'),
('786f7632-26e0-6731-bd47-901f27b89d18', 'LHP-1154', '56d97e17-4a62-3c01-b544-6bc098520b79', 1, 1, '2020-09-11', '1982-06-08'),
('4e9da7be-7985-16d6-a066-43a328b17837', 'LHP-0514', '4f128bf7-7cde-51c3-f35a-dbeedbd89217', 1, 2, '2015-10-25', '1998-07-15'),
('796fb75a-1d7c-15bd-d0a7-99e7765afd72', 'LHP-8779', '2ee7af5c-4a84-745d-f15a-dbeedbd89217', 1, 2, '1992-12-15', '1974-05-24'),
('7fe66e5d-6151-3077-d692-0ed10b503732', 'LHP-5018', '44b28091-5231-5329-cb8f-e9717deaa492', 1, 2, '2018-07-19', '1987-04-23'),
('74794097-6a44-73fb-e9f2-17995bf2968c', 'LHP-1507', '7a4d803b-199b-2a42-964a-775f5b0c255b', 1, 2, '2002-10-07', '1998-06-06'),
('24873f8c-4b36-5550-2bdc-88a3ac8a3bba', 'LHP-8161', '7a4d803b-199b-2a42-964a-775f5b0c255b', 1, 2, '2007-10-22', '1972-03-31'),
('2bdbb408-2566-47f8-dbab-8b7af6721bcf', 'LHP-0213', '1a40131a-73f7-1c19-8d0b-d111d7560dd1', 1, 2, '1991-12-01', '1984-12-14'),
('7135b52a-553e-39d8-d1a7-99e7765afd72', 'LHP-2330', '44b28091-5231-5329-cb8f-e9717deaa492', 1, 2, '2017-10-03', '2014-03-24'),
('26908de3-5b2d-58bb-f1f6-092cdb0ab5e8', 'LHP-0639', '54087c86-5a3b-77f9-a456-4fc3bbeea6ea', 1, 2, '2011-12-30', '1979-07-03'),
('51573293-1a8a-5622-be47-901f27b89d18', 'LHP-2524', '4ca73c94-291d-73c7-954a-775f5b0c255b', 2, 1, '1970-03-07', '1970-01-08'),
('4cabaf0d-1c77-2fab-1391-0af2c7f2a1a0', 'LHP-6845', '3061c62e-7ef4-7db1-8c0b-d111d7560dd1', 1, 0, '1970-01-01', '1993-01-16'),
('1f6428fc-3a0a-5d80-dcab-8b7af6721bcf', 'LHP-3458', '152bd1b0-3e3e-6e7b-7bff-f8ad76748b41', 2, 0, '1977-02-07', '2017-02-22'),
('3616bf85-6fa7-5d66-eaf2-17995bf2968c', 'LHP-4029', '172bfb98-61e3-1a45-b144-6bc098520b79', 2, 2, '2020-10-20', '2005-09-24'),
('538eb3ed-1f4f-6709-b9b1-c1540d491251', 'LHP-6682', '4e86ee0c-533e-1855-671f-62d5266e68a0', 2, 2, '1995-04-20', '1970-04-02'),
('31163c02-33fc-587f-f2f6-092cdb0ab5e8', 'LHP-6119', '2cfa16ff-1641-46e2-b344-6bc098520b79', 1, 2, '1979-06-08', '1981-11-13'),
('1ae4f1d0-48f9-3cac-2cdc-88a3ac8a3bba', 'LHP-5456', '1c1fcd85-59ec-7f23-924a-775f5b0c255b', 1, 0, '1988-10-31', '1976-08-12'),
('47fc0199-4500-4075-d2a7-99e7765afd72', 'LHP-8120', '4f128bf7-7cde-51c3-f35a-dbeedbd89217', 1, 1, '1985-05-19', '2019-03-25'),
('329cf47b-1dcc-5625-d792-0ed10b503732', 'LHP-3210', '3f84bcae-3049-58d5-a256-4fc3bbeea6ea', 1, 1, '1970-01-10', '2003-03-08');

--
-- Inserting data into table practicegroup
--
INSERT INTO practicegroup(PracticeGroupID, PracticeGroupCode, ModuleClassID, PracticeGroupName, Teacher, Note) VALUES
('31364645-14ed-27fc-d711-56e108b1c222', 'NH-9180', '215c458d-76a1-715d-b8b1-c1540d491251', 'Nhóm Coppola', '1JAES702ASC8Q63SLJ7384K2604', '9YF09PP1HRHYJGY7WG8GPMTE6DEMJ2W122VU4W593K9DVS3SWWB1ZH25OP64021100B95PLX37M42'),
('394b238c-2ef4-4298-5333-57d1d013a38f', 'NH-5604', '2bdbb408-2566-47f8-dbab-8b7af6721bcf', 'Nhóm Homan', '54', '6169QPV'),
('5db23f21-65b9-3ea7-244c-4663158f29cd', 'NH-6029', '4a756255-60b4-6d83-d392-0ed10b503732', 'Nhóm Adair', 'GB8BI0QP302403895PTNA9H4437OHVK62WW1H8438BMPA22HPJV06G541P7TO771271A74CSC92U6OC0MM76X', 'M8PD1YCG7Q991TOGBIUU3H52FKI1DDC6QJM3P27P62MOSZO38M2Y968'),
('61b9cb60-344e-7294-f363-8a7ba31d9960', 'NH-5251', '2d2631c0-30a8-1850-bb47-901f27b89d18', 'Nhóm Delgadillo', '2421P34NQU3PGVNHQ0T', 'AT0PFE6MJ8I43IWO'),
('72fe93fd-517a-1729-db18-0ccabe85ff46', 'NH-3178', '7fe66e5d-6151-3077-d692-0ed10b503732', 'Nhóm Carpenter', '5HGCWFL6VK2697SAL9R3L18EM645O7M4E805BC26', 'BXZ08UZ1ZK'),
('6e33d899-6a6c-5534-bfc6-d72f24192909', 'NH-8036', '3d99a93b-28ef-1fd5-e8f2-17995bf2968c', 'Nhóm Carney', 'B2G0703', NULL),
('21d97f61-513d-59dc-abb3-cad96b318fc3', 'NH-0786', '3483adfe-38c9-1789-9f66-43a328b17837', 'Nhóm Landry', 'VD7067ZOSEY3S', 'C40DD213GONOX7QYFB40S6D9VZ80ZC41L0RY6JJ2YMB5BTD111RNO1A3U5T'),
('28048e4e-650a-6f62-3a97-c414fa26c3e6', 'NH-9723', '7135b52a-553e-39d8-d1a7-99e7765afd72', 'Nhóm Abrams', '2UWXI81EZQ57YX9NQQ3IFM1B', NULL),
('33c6d4c6-4389-65c9-d811-56e108b1c222', 'NH-2589', '76b970ae-70a0-32ec-b7b1-c1540d491251', 'Nhóm Cates', '2X50QCD2FE716K1IDTIB937H59C829474H6CGYIBN4L', '35AM6737NQV520DJ57VLPU86E91S180H4PT3O36016S87G0W0F7K'),
('493bb3e1-766d-55a9-c0c6-d72f24192909', 'NH-1920', '5017b949-77c1-2758-e5f2-17995bf2968c', 'Nhóm Barbee', 'G3ZP7K31B6E33O5HG576D10CNNX7JC0GJQ4S68LPS1', 'Z73ON3G09OD4HUE2J61UHWD6KY812KJV7LC'),
('4d10a10b-7811-3be5-9368-4c288799f5a9', 'NH-9957', '69827ce8-2a62-31e0-bc47-901f27b89d18', 'Nhóm Abraham', 'FL2OB8IHPX6B78', 'BOA6BZ18ZC2WL512Q4U8TK8T263DPA5DAWH69B472G4G36VQPDM63K33B76ZK72KF1H9IZ01ZWM0EB2S654K3JD86K3'),
('2db421f5-6b7f-6073-d911-56e108b1c222', 'NH-7753', '796fb75a-1d7c-15bd-d0a7-99e7765afd72', 'Nhóm Meyer', 'J0NFM6A6P46TPDW4803370148FIPXNJB1X8HCNYSKZL12P', '5N5355LYC'),
('54b181af-3f2c-75a4-f463-8a7ba31d9960', 'NH-3147', '4f3d42c1-6e2c-2c89-e6f2-17995bf2968c', 'Nhóm Bock', '40QL8PVCVS1F8916F5R47D2Z4P9', 'K4YC1X6AL2'),
('57cccbf8-1f47-44c0-3be8-d81fec7b0976', 'NH-4473', '592b006d-6335-6101-edf6-092cdb0ab5e8', 'Nhóm Clem', '3NY', 'HWC01370XX8UA8YRXHHU20J3WYTS4PK4Y5MHEIC'),
('13e8fc3d-5d5f-34d7-acb3-cad96b318fc3', 'NH-2176', '35251a6d-3944-4983-ba47-901f27b89d18', 'Nhóm Temple', '968G4F3VXC8QBRP3U', NULL),
('41e722fd-3920-5eab-c1c6-d72f24192909', 'NH-9868', '1f6428fc-3a0a-5d80-dcab-8b7af6721bcf', 'Nhóm Spaulding', 'HO0', '9S9'),
('3bf643e8-45cd-48bc-da11-56e108b1c222', 'NH-4613', '7fe66e5d-6151-3077-d692-0ed10b503732', 'Nhóm Mccreary', '54B17', 'N3P1C2YW35EWT5BG2Z6610C9ZA6R6326EV5K3K6TOE1K45'),
('3a82520e-5197-4d07-5433-57d1d013a38f', 'NH-6754', '51573293-1a8a-5622-be47-901f27b89d18', 'Nhóm Ramsey', 'G66XJY7T32B9ZS49028CUV510I', '7UL9NDHL4'),
('6064916e-41bf-144d-3ce8-d81fec7b0976', 'NH-5928', '2bdbb408-2566-47f8-dbab-8b7af6721bcf', 'Nhóm Haggard', 'S0OT524J9U53JUO5193TE75V2G06B3XVXE477CMN3V4B74IP0M056N20012V6B5M6G4BAP863G5LMBH6YI8I32YCTII864Z54PQ', '9RQLD4BJA0FJ5Y0JUOPIVCEN'),
('4baccce5-4bee-4345-c2c6-d72f24192909', 'NH-9165', '61cf5088-6432-5af3-1291-0af2c7f2a1a0', 'Nhóm Mclaurin', '0', '4SJE9ZPUKO9'),
('47f90970-55bd-47a3-dc18-0ccabe85ff46', 'NH-8168', '1f6428fc-3a0a-5d80-dcab-8b7af6721bcf', 'Nhóm Blackwood', 'HE', '0D9VJOD95D6167N2CNRR6X1P88U5GR8K221221T'),
('1fce4390-472e-4a78-9468-4c288799f5a9', 'NH-8183', '7e951f52-34a1-2e20-cda7-99e7765afd72', 'Nhóm Schulze', 'UU4', 'X5'),
('1d0abbf4-25e1-52a8-f563-8a7ba31d9960', 'NH-3712', '45422559-79e1-254d-cfa7-99e7765afd72', 'Nhóm Bradley', 'D36U4DDVKF5SP4Y67CRE3IQO3AW8NU4410VN59TSE5I669UD012H', '5L760MUZUEP9'),
('7d1ab01b-1952-7b5d-dd18-0ccabe85ff46', 'NH-7970', '3d99a93b-28ef-1fd5-e8f2-17995bf2968c', 'Nhóm Aiken', 'S39905L', NULL),
('1e7e748b-3649-7599-f663-8a7ba31d9960', 'NH-7684', '7c6369f2-18d3-679e-d7ab-8b7af6721bcf', 'Nhóm Chavez', 'R9', 'SB3UN1K2A1X2TLPL02OALJ00YV4CZ14121OD73417GV15Z7'),
('4f2ac8a2-6e43-5660-db11-56e108b1c222', 'NH-8553', '5017b949-77c1-2758-e5f2-17995bf2968c', 'Nhóm Lucero', '3V535K107C5B3FYG4', '0PR28Y4T0Y565BM6V7095EPBDLS27'),
('13d0dbbe-3117-4edc-c3c6-d72f24192909', 'NH-9679', '51573293-1a8a-5622-be47-901f27b89d18', 'Nhóm Gaskins', 'IP34MZOTD5759ZRX224289X06942E2', '9288E1045V095HN4CY6P2P0YZ37'),
('65f88ca0-629b-53e0-254c-4663158f29cd', 'NH-5910', '7135b52a-553e-39d8-d1a7-99e7765afd72', 'Nhóm Medeiros', 'O5', 'Z4U6KOOS1873S26DBEU03C7U5BD21BOS1'),
('2319eaf6-7292-2a06-5533-57d1d013a38f', 'NH-6666', '5d104629-56c9-1241-daab-8b7af6721bcf', 'Nhóm Tinsley', '84E4PMT4711251N251A', '438Y1'),
('15526762-21e9-2b75-dc11-56e108b1c222', 'NH-4102', '4ddd46a8-42d2-6d26-1191-0af2c7f2a1a0', 'Nhóm Broome', 'T916U', '09S5D5QS'),
('6218b0b4-77dd-784b-3b97-c414fa26c3e6', 'NH-6136', '69827ce8-2a62-31e0-bc47-901f27b89d18', 'Nhóm Blevins', 'O0W7688SZ35EL323Q9MEQ30P0', '888G354DAY451ZNR2HMBX4Z4WUKCZD8Y2ZA'),
('7f1af386-5055-17f2-3de8-d81fec7b0976', 'NH-5312', '215c458d-76a1-715d-b8b1-c1540d491251', 'Nhóm Grubbs', 'M06556C8S9ATJ32312384S6D403KIWL7V2R9Z91H042IO91E0YL448W92ES', '2MTU736PD2TBPO9C19Y94DC0U43GH9G7LBZQF55FJ58K9HMO9GT44434ICSX0YWTSS18Y9UQCAD105Q9763KSZ2J01P33VJ7BEY8'),
('6728f19b-3625-45a1-de18-0ccabe85ff46', 'NH-9319', '35251a6d-3944-4983-ba47-901f27b89d18', 'Nhóm Bullock', 'AK1C6V8695I34M342KFL374UX3SIZPY15X8654V', 'P'),
('509412e8-33ab-7070-adb3-cad96b318fc3', 'NH-3949', '69827ce8-2a62-31e0-bc47-901f27b89d18', 'Nhóm Burleson', 'X788UO7W7J9869A2UXD6331LGY6Q7DB73WTSIGD', '9D2KG35M'),
('69d50df7-36cc-7c1f-9568-4c288799f5a9', 'NH-0106', '31163c02-33fc-587f-f2f6-092cdb0ab5e8', 'Nhóm Chester', '5G65WZHT61RL43EK8L5G597NC5U1HRO67BG', '79WX4L99316FF5'),
('7163653d-43a1-57cb-aeb3-cad96b318fc3', 'NH-4947', '7fe66e5d-6151-3077-d692-0ed10b503732', 'Nhóm Valle', '835T', '793FUL30763TWPBI5JJ3TY1UOWP'),
('1fc853bd-2cd7-7198-264c-4663158f29cd', 'NH-1649', '45422559-79e1-254d-cfa7-99e7765afd72', 'Nhóm Abbott', '1BLLCY4TBG5F25C76S7P77T1KX08032521', 'BD24M8YLU5IZ99'),
('6d4ffece-2207-7f00-c4c6-d72f24192909', 'NH-7546', '4ddd46a8-42d2-6d26-1191-0af2c7f2a1a0', 'Nhóm Sweeney', 'SJYN4Y6FQ286', '2MAQ3PQ4J6OLYPAV22W43JVF216YU9ZW3G8THI5VDPJ9RQLOY71923S80N7PYSD12FD78CWEV658I27P2803ENC3TCIKUYF1WJE8C31O8YC3H8E8JM9X9C70293K7'),
('35d77883-4826-73d7-dd11-56e108b1c222', 'NH-9085', '7c6369f2-18d3-679e-d7ab-8b7af6721bcf', 'Nhóm Dahl', '6X8E48X5SM10', '72RRCO2'),
('261431eb-15c6-1314-5633-57d1d013a38f', 'NH-9580', '4cabaf0d-1c77-2fab-1391-0af2c7f2a1a0', 'Nhóm Sellers', '160B1A5U76Z5Y8I3J92E4SZ2CB1MS9B5YFUL7H796XT1BDIGXNZDRAXEZ5', 'RB2R75RVGJVJ80VK313Y7916LQ6838U0B65J240A04OVN'),
('373fdaad-1f0f-244b-f763-8a7ba31d9960', 'NH-9943', '1ae4f1d0-48f9-3cac-2cdc-88a3ac8a3bba', 'Nhóm Stamper', 'TMT69J0V788UK70', 'O'),
('75e7e6b9-4cb6-3cd1-3c97-c414fa26c3e6', 'NH-0704', '5d104629-56c9-1241-daab-8b7af6721bcf', 'Nhóm Sommer', '89G290959L173J7JA503D8926RF5R84ZMF', '451WMD2'),
('531bb86c-71cc-456d-9668-4c288799f5a9', 'NH-6843', '215c458d-76a1-715d-b8b1-c1540d491251', 'Nhóm Stoddard', 'DOD3R50EFA2380B89SF17SCXVO980J92O76F21W0RZB9F55107ECNW54M', 'HZ87KA9'),
('415bdccd-7d9b-7000-c5c6-d72f24192909', 'NH-2439', '4ddd46a8-42d2-6d26-1191-0af2c7f2a1a0', 'Nhóm Huston', '5EY5S', '7DP4J93SE3756SL6P44AGF225CZM0V1QVSK1GDTL'),
('6bf7a049-3229-6355-274c-4663158f29cd', 'NH-3254', '4fac4b9e-6c96-177f-d292-0ed10b503732', 'Nhóm Lindsey', '2V271K5T59N3KB6O0N9JRGQ325YJ36E99V3LI0X432ZLWA1348A8869269KUU16X9YH8LEH35SWKF', '9EU074Y6044RZ9'),
('1dbfb5d7-443b-64f9-3d97-c414fa26c3e6', 'NH-3413', '5d104629-56c9-1241-daab-8b7af6721bcf', 'Nhóm Bauman', 'W0IDE72ITW5QX904', '3Y3PRZ7N'),
('46b17b19-2346-6291-284c-4663158f29cd', 'NH-7315', '4a756255-60b4-6d83-d392-0ed10b503732', 'Nhóm Shaw', '4GI1O772CT1N1JZQ', '7P5TA484O7IQM46395O3320ZEG59GJRQ5Z1K'),
('2630a8b2-53c5-5917-de11-56e108b1c222', 'NH-0300', '396eaf2d-5bc5-5766-e7f2-17995bf2968c', 'Nhóm Blanchette', '2EGR095I3O717O', '2M1450KQ5L69537958952NXT4C16SVM4GJ4IPALHYS62N4611S4XN946HPDP7I5G9N0I5X'),
('42578c3c-627c-6196-afb3-cad96b318fc3', 'NH-8200', '4d963204-46cc-538c-9d66-43a328b17837', 'Nhóm Mccallister', 'P9R0E7RLZTBJ002INS2Y054E3G7QC8L50AN', '595G'),
('22427d80-6fcd-14d0-c6c6-d72f24192909', 'NH-5342', '7c6369f2-18d3-679e-d7ab-8b7af6721bcf', 'Nhóm Mcewen', 'C', NULL);

--
-- Inserting data into table student
--
INSERT INTO student(StudentID, StudentCode, FullName, DateOfBirth, Gender, ClassID) VALUES
('676a0b19-3adf-6877-3c32-1fe60697734c', 'SV-7771', 'Nguyễn Thị Minh', '1972-03-29', 0, '7a0b757e-41eb-4df6-c6f8-494a84b910f4'),
('331a96bf-139a-47a4-635f-4db9ab45a18c', 'SV-2004', 'Trần Thành Hường', '1965-11-04', 1, '7dcdc0cb-212f-604b-c7f8-494a84b910f4'),
('48cf7b00-3fee-40c7-4451-59dcbd91f22d', 'SV-6525', 'Trần Tú Minh', '1969-12-28', 1, '19165ed7-212e-21c4-0428-030d4265475f'),
('608e257f-4efd-530f-9ffa-27d59245c5d9', 'SV-5403', 'Nguyễn Thị Hương', '1980-07-17', 1, '1b561f86-2664-2a3e-efdc-845b5dcdad45'),
('5936ed98-4e22-6872-4b14-cf07c7ad0773', 'SV-2595', 'Vũ Trọng Lương', '1952-03-31', 1, '2cb2bad7-3b25-1669-0828-030d4265475f'),
('39e1a5b9-5e5b-7404-557d-9d97eb2e0d66', 'SV-5028', 'Mai Thị Thăng', '1951-04-10', 1, '3d7f2a35-42d8-229a-e429-16c01537719a'),
('36284e50-7813-2d40-3929-aef25fbc82b3', 'SV-7077', 'Đinh Văn Liễu', '1963-04-06', 0, '54b663bd-1ea7-5260-f0dc-845b5dcdad45'),
('416fb62a-7aa6-6664-645f-4db9ab45a18c', 'SV-4305', 'Hồ Văn Ánh', '1951-01-05', 1, '1ce192a3-6b70-712d-fa74-9471face0ab4'),
('3d991ef6-694b-425e-b545-a68677dd5ef3', 'SV-4709', 'Mai Văn Quân', '1977-08-12', 0, '11eea441-2a19-1735-6b78-553c0310877a'),
('23becab8-73ce-4e02-2c06-db2ad9f95814', 'SV-9660', 'Hoàng Hưng Thông', '1975-05-01', 0, '54a11339-4527-4d4c-ccc7-6c0aeb6ec302'),
('7cd25f54-3576-7faa-3d32-1fe60697734c', 'SV-0570', 'Trần Thị Như', '1951-04-25', 1, '7a0b757e-41eb-4df6-c6f8-494a84b910f4'),
('4bcddfb6-1b23-3887-a0fa-27d59245c5d9', 'SV-2886', 'Trần Thị Bảo', '1951-03-20', 0, '3c1063e8-464b-245e-c9f8-494a84b910f4'),
('51e7f3cf-6de1-7384-4551-59dcbd91f22d', 'SV-5554', 'Trương Thị Dũng', '1991-06-26', 0, '6e52efd1-769c-2ea0-eedc-845b5dcdad45'),
('1998f087-5320-231d-567d-9d97eb2e0d66', 'SV-7426', 'Trương Thị Lệ', '1952-10-18', 1, '4d1ff813-25eb-7909-cbf8-494a84b910f4'),
('7098453c-6c74-3b9d-b645-a68677dd5ef3', 'SV-3546', 'Nguyễn Ngọc Diễm', '1968-11-12', 1, '79e2659b-1e78-7dc9-0528-030d4265475f'),
('51b501de-1b67-1d6c-21de-2f417b24e999', 'SV-8894', 'Võ Thị Băng', '1951-01-04', 0, '450bb33b-2a2d-352b-e412-ebbbcf065d1c'),
('6dd07775-49c8-51fa-2d06-db2ad9f95814', 'SV-0235', 'Nông Khánh Thông', '2000-10-25', 1, '1a5df1f7-1200-63f1-0628-030d4265475f'),
('5c81fc59-2d92-582c-a1fa-27d59245c5d9', 'SV-3917', 'Trịnh Văn Tuệ', '1971-03-03', 1, '6e52efd1-769c-2ea0-eedc-845b5dcdad45'),
('56087135-3040-2fc6-4651-59dcbd91f22d', 'SV-3931', 'Nguyễn Ngọc Dũng', '1951-01-05', 1, '3f93d93d-2236-468c-fd74-9471face0ab4'),
('79e387c3-4e3d-5635-3a29-aef25fbc82b3', 'SV-3907', 'Mai Văn Nga', '1953-07-18', 0, '27366e4a-5248-12e3-e312-ebbbcf065d1c'),
('48ca29f0-6bb3-30cb-2e06-db2ad9f95814', 'SV-4288', 'Đinh Đức Đan', '1956-12-15', 1, '5a6d957e-29e7-4a12-84c3-d3ede7a72094'),
('33e1ea0d-501e-28d7-4751-59dcbd91f22d', 'SV-8539', 'Vũ Khánh Nghi', '1973-07-28', 1, '4cf2dd43-5f4b-71b6-e212-ebbbcf065d1c'),
('33cdbc49-1e22-4ec1-22de-2f417b24e999', 'SV-6504', 'Nguyễn Thị Nga', '1964-08-22', 1, '3631011e-4559-4ad8-b0ad-cb989f2177da'),
('5d6c08b9-2cdb-5cc3-3e32-1fe60697734c', 'SV-3160', 'Mai Tiến Trà', '1979-08-11', 0, '7a0b757e-41eb-4df6-c6f8-494a84b910f4'),
('44ee882f-7d40-4a4a-4c14-cf07c7ad0773', 'SV-8836', 'Nguyễn Thị An', '1988-05-04', 0, '11eea441-2a19-1735-6b78-553c0310877a'),
('20b2c186-721a-1d2d-b745-a68677dd5ef3', 'SV-4893', 'Nguyễn Tiến Giang', '1959-11-17', 1, '3631011e-4559-4ad8-b0ad-cb989f2177da'),
('584f63ed-5bc6-7611-655f-4db9ab45a18c', 'SV-6042', 'Trần Mỹ Mỹ', '1951-01-08', 0, '23f585fb-3a2d-505d-b4ad-cb989f2177da'),
('24e25cc5-70fc-7fe3-577d-9d97eb2e0d66', 'SV-9887', 'Nông Vân Thư', '1951-04-09', 0, '16f20a3e-4e43-1b90-cbc7-6c0aeb6ec302'),
('23f7a1e3-6f7b-3463-3f32-1fe60697734c', 'SV-7869', 'Bùi Thành Khương', '1951-01-09', 0, '25f99060-45d4-4d94-6c78-553c0310877a'),
('4f933a74-5c22-3d68-4d14-cf07c7ad0773', 'SV-8581', 'Bùi Thị Mạnh', '1993-06-02', 0, '4628f6df-6e4d-4115-fb74-9471face0ab4'),
('37ff8b06-73d5-5c6a-665f-4db9ab45a18c', 'SV-8451', 'Trần Văn Toản', '1973-04-18', 0, '392fa796-4918-764e-6d78-553c0310877a'),
('1e574bb9-3294-7d53-a2fa-27d59245c5d9', 'SV-6533', 'Trần Thị Ngà', '1982-02-06', 1, '7b01963d-2bc0-5b15-82c3-d3ede7a72094'),
('397335e2-2518-6df0-4e14-cf07c7ad0773', 'SV-1897', 'Nguyễn Thị Chi', '1953-07-23', 1, '2d7c5749-57b4-3c7a-eddc-845b5dcdad45'),
('6591fa4c-1366-6d19-b845-a68677dd5ef3', 'SV-9439', 'Trần Thị Bốn', '1951-01-21', 1, '3a10e21a-7b72-4e25-e512-ebbbcf065d1c'),
('3c080cca-713e-4c4c-a3fa-27d59245c5d9', 'SV-5670', 'Nguyễn Thị Duy', '1968-09-04', 1, '28462535-1b23-3184-e329-16c01537719a'),
('1a72ef68-31f6-6771-b945-a68677dd5ef3', 'SV-0510', 'Nguyễn Thị Giang', '1958-07-10', 1, '185f84ed-4563-51a0-cac7-6c0aeb6ec302'),
('5f6d0a72-78f4-201c-587d-9d97eb2e0d66', 'SV-4088', 'Nguyễn Thị Hương', '1951-01-02', 0, '62452262-64e1-492b-0728-030d4265475f'),
('3d3d630f-5a99-6371-a4fa-27d59245c5d9', 'SV-7278', 'Bùi Mỹ Dung', '1993-11-03', 0, '11eea441-2a19-1735-6b78-553c0310877a'),
('64376cea-3e8e-15d2-3b29-aef25fbc82b3', 'SV-0284', 'Trần Văn Lĩnh', '1951-01-02', 0, '2d7c4ad9-5762-3f18-fc74-9471face0ab4'),
('59152223-3098-5bce-2f06-db2ad9f95814', 'SV-3328', 'Võ Văn Ly', '1971-11-15', 1, '64982a26-5d67-270d-b5ad-cb989f2177da'),
('4bbe43c8-54c4-2288-ba45-a68677dd5ef3', 'SV-0799', 'Nguyễn Kim Trâm', '1962-08-31', 1, '5f620c85-55d9-7632-6a78-553c0310877a'),
('6a9ca5c3-1fe6-152b-4851-59dcbd91f22d', 'SV-6601', 'Hoàng Văn Thu', '1981-11-24', 0, '62452262-64e1-492b-0728-030d4265475f'),
('6b247db5-21cf-4b38-a5fa-27d59245c5d9', 'SV-6317', 'Nguyễn Thị Phượng', '2000-04-02', 1, '79e2659b-1e78-7dc9-0528-030d4265475f'),
('1e160c2f-73eb-5f31-4032-1fe60697734c', 'SV-2385', 'Hồ Thị Phúc', '1960-10-13', 1, '1235c88b-5f2a-78d9-e612-ebbbcf065d1c'),
('5f593e45-1d82-4cfa-675f-4db9ab45a18c', 'SV-7078', 'Trương Kim Mai', '1951-01-02', 0, '3f93d93d-2236-468c-fd74-9471face0ab4'),
('763f3697-1c6c-33a4-bb45-a68677dd5ef3', 'SV-5109', 'Nguyễn Trí Giang', '1968-10-12', 1, '2924c34d-68f1-1d0a-c9c7-6c0aeb6ec302'),
('6bff9ac2-6e11-2f19-4f14-cf07c7ad0773', 'SV-3389', 'Vũ Đức Bảo', '1976-02-20', 0, '1731fa87-79fd-4cc1-6978-553c0310877a'),
('1c5d7244-44c2-6838-597d-9d97eb2e0d66', 'SV-6373', 'Nguyễn Mỹ Anh', '1971-09-02', 1, '471530a2-44fe-7395-b1ad-cb989f2177da'),
('4237540d-7107-1306-3006-db2ad9f95814', 'SV-4849', 'Nguyễn Ngọc Giang', '1978-05-15', 0, '185f84ed-4563-51a0-cac7-6c0aeb6ec302'),
('6a941ff4-43a5-234e-4951-59dcbd91f22d', 'SV-5370', 'Đinh Quang Quỳnh', '1973-06-03', 0, '2cb2bad7-3b25-1669-0828-030d4265475f');

--
-- Inserting data into table attendance
--
INSERT INTO attendance(AttendanceID, StudentID, StartTime, EndTime, Description) VALUES
('142cb08f-7c31-21fa-8e90-67245e8b283e', '23f7a1e3-6f7b-3463-3f32-1fe60697734c', '1970-01-01 00:07:13', '1970-01-01 00:00:04', 'Praesentium excepturi architecto ipsum possimus. Dolore molestiae omnis nihil. Aliquid perspiciatis qui. Ea sed nam; accusantium ipsam ut. Soluta.'),
('469b3ece-744a-45d5-957d-e8c757976496', '5d6c08b9-2cdb-5cc3-3e32-1fe60697734c', '2011-09-18 02:24:22', '2003-05-22 10:08:57', 'Quam odit provident dolor. Natus error velit consequatur hic vero ut! Est nemo molestiae adipisci qui quia ipsam.'),
('4e272fc4-7875-78d6-7d32-6a1673ffca7c', '20b2c186-721a-1d2d-b745-a68677dd5ef3', '1972-05-30 15:10:49', '1970-01-01 00:00:08', 'Qui tempora nisi similique laboriosam illum nesciunt. Unde similique omnis voluptatem sit nisi ipsum. Illum accusantium sit quia quidem; in et fuga.'),
('17120d02-6ab5-3e43-18cb-66948daf6128', '331a96bf-139a-47a4-635f-4db9ab45a18c', '2014-11-09 12:10:50', '2008-11-12 22:36:04', 'Neque amet ut. Natus quis ratione. Itaque tempore ut. Enim impedit magnam. Quo consectetur temporibus! Excepturi debitis perspiciatis. Quis et expedita!'),
('11452b0c-768e-5ff7-0d63-eeb1d8ed8cef', '51e7f3cf-6de1-7384-4551-59dcbd91f22d', '2000-07-16 23:07:46', '1996-03-07 12:48:59', 'Quo et consectetur. Omnis dolorem delectus quo corporis suscipit officiis; incidunt saepe vel nostrum ex et sed.'),
('768f8e64-7d10-20c9-967d-e8c757976496', '3d991ef6-694b-425e-b545-a68677dd5ef3', '2008-01-05 14:22:19', '2001-01-15 00:34:06', 'Unde ipsa sint fugit. Et tenetur error deserunt aspernatur sit error. Perspiciatis voluptas nobis dolor eos illum dolor!'),
('4577565a-7e3e-493a-74dd-867949feb8b5', '37ff8b06-73d5-5c6a-665f-4db9ab45a18c', '1997-01-17 01:51:59', '1998-05-07 19:23:25', 'Et dolorem minus. Quasi non nesciunt! Minus alias suscipit. Laboriosam tenetur consectetur. Quia eaque enim! Minus nam vel. Voluptatum veniam fuga. Ipsum.'),
('7686595d-16d5-33b3-0080-e8e2a817c80e', '6a941ff4-43a5-234e-4951-59dcbd91f22d', '1975-09-26 22:37:33', '2015-03-06 01:57:57', 'Unde quia dolorem. Molestias fuga dolor. Laudantium commodi dolor. Qui dicta mollitia. Tempore qui ut. Quia facere nesciunt! Veniam possimus nihil; nihil.'),
('59d19422-6657-452e-a7db-e5d54223c257', '39e1a5b9-5e5b-7404-557d-9d97eb2e0d66', '1970-01-01 00:01:04', '1976-11-26 09:31:22', NULL),
('2bbbd485-6df2-536a-7e32-6a1673ffca7c', '763f3697-1c6c-33a4-bb45-a68677dd5ef3', '1994-06-20 20:10:38', '2013-09-18 12:08:08', 'Aut et aut. Animi delectus tenetur! Cum omnis consequatur? Explicabo ut et! Facilis aliquam aspernatur. Qui labore facilis. Ad nesciunt pariatur! Nisi.'),
('4760d71f-6e2f-5b32-19cb-66948daf6128', '397335e2-2518-6df0-4e14-cf07c7ad0773', '1985-12-05 00:48:30', '1970-01-01 00:10:39', 'Quas nam ut facilis. Omnis dicta aut non ut iste deserunt; et laboriosam corporis unde est voluptatem fugit.'),
('5b2fcdf5-2050-7cb2-8f90-67245e8b283e', '59152223-3098-5bce-2f06-db2ad9f95814', '1970-01-01 00:00:05', '1970-01-01 00:56:40', 'Sit nihil autem. Ut velit repellat eaque non perspiciatis unde? Eos nostrum amet eum qui ea aut.'),
('1f74cd3f-6de4-5324-0180-e8e2a817c80e', '56087135-3040-2fc6-4651-59dcbd91f22d', '2003-07-17 06:09:11', '1987-07-13 22:02:23', 'Corrupti aliquam ut enim blanditiis et officia.'),
('68478414-705a-2626-5c92-08c864661f9c', '1e160c2f-73eb-5f31-4032-1fe60697734c', '1970-01-01 00:00:01', '1970-01-01 00:01:06', 'Nulla quas aut. Consequatur quis quia. Velit enim quidem! Et ab eaque. Voluptates ea sint. Magnam distinctio omnis. Corporis excepturi enim.'),
('7bec5682-21c4-666f-a8db-e5d54223c257', '1998f087-5320-231d-567d-9d97eb2e0d66', '2000-05-04 18:24:37', '1970-01-01 00:06:55', 'Nesciunt magnam iste. Eos repudiandae delectus! Quia blanditiis molestiae. Modi sunt atque! Quas nulla non. Quia maxime et. Placeat fugiat eligendi? Aliquam.'),
('5660d465-6020-48f3-75dd-867949feb8b5', '44ee882f-7d40-4a4a-4c14-cf07c7ad0773', '1974-12-03 06:11:59', '1996-06-21 03:44:04', 'Voluptatibus omnis corrupti ipsam. Fugit corrupti molestiae odit cupiditate vero quo. Fuga et quos voluptatibus natus maxime. Enim quae et!'),
('2dcedb9c-6c32-7d27-977d-e8c757976496', '79e387c3-4e3d-5635-3a29-aef25fbc82b3', '2017-07-02 19:36:50', '1970-01-01 00:00:25', 'Sit sed exercitationem. Sit quia doloremque. Perspiciatis est rerum! Neque fugit tempora? Sed repellat sit. Minima voluptas expedita. Ut beatae id. Quam!'),
('284ccb05-337b-7e6f-9090-67245e8b283e', '1a72ef68-31f6-6771-b945-a68677dd5ef3', '1970-01-01 00:15:42', '1996-10-05 07:34:11', 'In sed consequatur soluta sit voluptates ut. Hic error officiis. Tenetur culpa quidem numquam; sunt voluptatem optio accusantium? Asperiores magnam culpa.'),
('4d7b21db-2e02-12b7-a9db-e5d54223c257', '51b501de-1b67-1d6c-21de-2f417b24e999', '1987-07-05 23:02:56', '1987-03-26 11:45:54', 'Sit doloribus aspernatur consectetur reprehenderit. Ea voluptas enim. Omnis distinctio alias. Ut qui quasi ullam vitae voluptates adipisci.'),
('1ded3dd7-32db-5bc9-9190-67245e8b283e', '51b501de-1b67-1d6c-21de-2f417b24e999', '1970-01-01 00:01:23', '1970-01-01 00:57:34', 'Quaerat doloremque sunt quo optio perspiciatis omnis. Qui alias ut consectetur reprehenderit rerum est!'),
('404fe340-1fd3-414b-aadb-e5d54223c257', '608e257f-4efd-530f-9ffa-27d59245c5d9', '2018-05-04 20:45:25', '1970-01-01 02:09:09', 'Omnis numquam aut voluptatem dolor minima non. Quia vitae sed! Ut inventore et. Doloremque illo molestiae. Dolorum ut commodi. Et ut minima.'),
('11f7089b-33e6-371a-f817-7000f455f3d5', '23f7a1e3-6f7b-3463-3f32-1fe60697734c', '2003-10-05 23:22:05', '1975-08-12 09:20:33', 'Quod et non ab debitis quos totam.'),
('5ae2d70b-201d-3e23-7f32-6a1673ffca7c', '397335e2-2518-6df0-4e14-cf07c7ad0773', '2018-11-25 20:29:16', '1970-01-01 02:25:46', 'Consectetur accusamus ut omnis ex aliquid rem.'),
('7623d42f-35f4-1ce5-987d-e8c757976496', '23becab8-73ce-4e02-2c06-db2ad9f95814', '2011-12-14 21:29:38', '1987-12-11 05:17:08', 'Sequi nesciunt repellat. Qui voluptas nesciunt? A repudiandae quaerat! Ut fuga laboriosam; optio sit optio; qui et ut. Fuga consequatur ut. Sunt officiis?'),
('5608f456-3b97-2e05-5d92-08c864661f9c', '4f933a74-5c22-3d68-4d14-cf07c7ad0773', '1970-01-01 00:05:13', '1970-01-01 00:00:10', 'Possimus veritatis aut pariatur sapiente error. Necessitatibus sed ipsa. Sed sint unde! Doloremque omnis saepe. Qui magnam voluptatem? Perferendis quia.'),
('6764ab86-6fcc-2757-8032-6a1673ffca7c', '3d3d630f-5a99-6371-a4fa-27d59245c5d9', '1992-04-07 09:01:11', '2020-05-09 16:42:31', 'Nesciunt magnam iure error iste perspiciatis ut.'),
('2fb0b105-7808-503a-76dd-867949feb8b5', '6591fa4c-1366-6d19-b845-a68677dd5ef3', '2012-04-03 12:45:25', '1997-11-21 18:02:53', NULL),
('3599ef50-13ed-5404-0e63-eeb1d8ed8cef', '3d991ef6-694b-425e-b545-a68677dd5ef3', '1970-01-01 00:01:28', '2018-12-25 07:34:02', 'Natus et quas. Modi accusamus unde. Nesciunt eaque in! Nesciunt dicta ipsa. Facilis amet enim! Sunt ut sed. Molestiae dolores consequatur! Aut quia rem.'),
('6916f8cf-1279-16d8-9290-67245e8b283e', '51e7f3cf-6de1-7384-4551-59dcbd91f22d', '1987-03-02 02:28:32', '2001-05-26 00:07:31', 'Distinctio modi in. Vitae neque ut in. Rerum quisquam iusto et! Sunt unde nostrum adipisci voluptatem veritatis perspiciatis. Animi iste expedita. Et eum.'),
('24629593-3d34-32fd-997d-e8c757976496', '36284e50-7813-2d40-3929-aef25fbc82b3', '1970-01-01 00:01:38', '1996-06-07 15:57:26', 'Voluptatem sit quod. Dolore et rerum! Aut sunt totam; assumenda nesciunt natus. Excepturi sit praesentium! Earum quia inventore; ipsa ullam sed. Sit!'),
('1f22399e-14b4-5c2b-8132-6a1673ffca7c', '33cdbc49-1e22-4ec1-22de-2f417b24e999', '1988-02-11 21:19:14', '1970-01-01 00:00:04', 'Odit hic sit. Rem dolor recusandae possimus dolorum eveniet officiis. Quisquam molestiae a quia consectetur. Culpa autem deserunt odit ut.'),
('30c8ee28-58a3-22f2-5e92-08c864661f9c', '4f933a74-5c22-3d68-4d14-cf07c7ad0773', '1997-01-08 01:47:05', '1996-06-12 09:18:28', NULL),
('14c0ce35-1687-459c-1acb-66948daf6128', '44ee882f-7d40-4a4a-4c14-cf07c7ad0773', '2011-11-04 11:59:32', '1970-01-01 00:16:31', 'Iure sit excepturi fugit omnis natus adipisci. Natus consequatur minima eos ea necessitatibus sapiente.'),
('34cde64f-62e4-186c-77dd-867949feb8b5', '763f3697-1c6c-33a4-bb45-a68677dd5ef3', '1970-01-01 01:00:18', '1991-03-26 22:19:45', 'Ullam praesentium consequuntur. Mollitia nisi debitis alias! Eligendi iusto eius atque ut? Possimus quasi praesentium rerum qui nobis illum.'),
('3f66f2d6-688b-4161-5f92-08c864661f9c', '4bbe43c8-54c4-2288-ba45-a68677dd5ef3', '1980-02-08 13:25:29', '1978-06-01 13:12:31', 'Ea veritatis et vero amet qui nemo.'),
('2bf413d3-7a2c-217a-78dd-867949feb8b5', '59152223-3098-5bce-2f06-db2ad9f95814', '1997-11-14 10:31:07', '2007-08-12 10:51:37', 'Exercitationem aliquam incidunt. Quod quidem rem; quae voluptatem incidunt. Inventore et architecto. Eum dolorem necessitatibus! Necessitatibus qui molestias.'),
('47f60f67-6087-2a86-abdb-e5d54223c257', '7098453c-6c74-3b9d-b645-a68677dd5ef3', '1985-03-15 13:43:28', '1980-12-07 12:23:36', 'Quasi et quaerat consectetur veniam itaque non; eveniet quae nulla perspiciatis quas nobis iure. Est eveniet voluptatem mollitia! Est alias modi.'),
('6429b0f4-1391-7f32-9390-67245e8b283e', '33e1ea0d-501e-28d7-4751-59dcbd91f22d', '1992-03-05 11:28:25', '1988-10-26 10:47:03', 'Reprehenderit facilis ut iusto sed impedit. Maiores qui quidem! Molestias est officiis; qui eaque praesentium omnis? Aut id ut rerum dolorem enim voluptatem.'),
('2de001fe-529b-33ad-0280-e8e2a817c80e', '608e257f-4efd-530f-9ffa-27d59245c5d9', '1983-04-18 02:50:36', '1970-01-01 00:10:02', 'Alias molestiae omnis natus. Tenetur consequatur iusto natus. Autem molestiae architecto aut consequatur. Qui quis odio qui dolorum voluptatem.'),
('771e3dd1-42bb-2339-acdb-e5d54223c257', '48cf7b00-3fee-40c7-4451-59dcbd91f22d', '2009-06-01 21:33:21', '1970-01-01 01:59:55', 'Soluta beatae omnis. Qui nobis dolor. Velit dolorem error! Rerum numquam et. Aliquid reprehenderit odio. Est libero omnis. Autem unde nemo! Voluptas qui et.'),
('69cdb3c5-55bc-2a7a-9a7d-e8c757976496', '33cdbc49-1e22-4ec1-22de-2f417b24e999', '2013-10-22 13:18:28', '1983-07-29 20:56:05', 'Blanditiis vel ex ducimus molestias dolorem iste.'),
('205a3e0a-13fe-3557-8232-6a1673ffca7c', '23f7a1e3-6f7b-3463-3f32-1fe60697734c', '1998-01-01 13:15:51', '1970-01-01 00:00:38', NULL),
('645f2e5c-7670-66a0-6092-08c864661f9c', '1e574bb9-3294-7d53-a2fa-27d59245c5d9', '2009-08-29 15:08:52', '1970-01-01 00:00:13', 'Obcaecati nihil nam quo optio. Dolorum molestiae ut veritatis. Ut animi non ullam aperiam! Autem officiis quia illo vero officiis odio. Assumenda quisquam.'),
('2b850d3d-6722-3f01-1bcb-66948daf6128', '33e1ea0d-501e-28d7-4751-59dcbd91f22d', '1984-08-22 19:24:51', '1973-10-20 14:10:25', 'Et quis aut. Ea neque repellat? Temporibus et quaerat. Sit facilis blanditiis! Perferendis quisquam saepe. Fuga animi voluptatem; unde ut quidem. Quam facere!'),
('61a45b9e-55c1-3dbb-f917-7000f455f3d5', '3d991ef6-694b-425e-b545-a68677dd5ef3', '1970-01-01 00:02:22', '1999-05-08 12:24:49', 'Exercitationem culpa nostrum nesciunt voluptate. Molestiae consectetur eligendi sit ut enim nobis. Hic amet adipisci. Mollitia quia dicta. Et quibusdam sed.'),
('1f8d7e46-1d1e-335f-79dd-867949feb8b5', '6591fa4c-1366-6d19-b845-a68677dd5ef3', '2019-05-20 03:53:39', '2008-06-11 14:18:41', 'Quia et soluta. Quis error ullam! Neque possimus voluptatem. Dolor enim omnis. Repellat aperiam quis; eligendi et laudantium; explicabo laborum aliquid.'),
('46f514e3-3598-177c-6192-08c864661f9c', '1e574bb9-3294-7d53-a2fa-27d59245c5d9', '2020-02-12 06:28:46', '1970-01-01 00:05:07', 'Voluptatem fugit tenetur omnis tenetur dolorum rerum; itaque dolor laudantium dolor dolore aut quisquam.'),
('247986de-4165-651a-9490-67245e8b283e', '39e1a5b9-5e5b-7404-557d-9d97eb2e0d66', '1989-03-30 12:08:12', '2020-12-13 10:27:00', 'Modi aut harum sint quia sint est.'),
('6a4d99cd-242a-6200-7add-867949feb8b5', '33e1ea0d-501e-28d7-4751-59dcbd91f22d', '1980-06-03 16:31:22', '1970-01-01 00:07:20', 'Assumenda voluptatibus iste et. Deleniti praesentium velit libero qui in rem. Similique tempora praesentium quas quis corporis rem.'),
('1152da18-24d8-65b6-0380-e8e2a817c80e', '23f7a1e3-6f7b-3463-3f32-1fe60697734c', '1970-01-01 02:45:15', '1992-10-13 17:07:14', NULL);

--
-- Inserting data into table detailmoduleclass
--
INSERT INTO detailmoduleclass(ModuleClassID, StudentID, FrequentPoints1, FrequentPoints2, MediumScore) VALUES
('31163c02-33fc-587f-f2f6-092cdb0ab5e8', '6bff9ac2-6e11-2f19-4f14-cf07c7ad0773', 6, 7, 4),
('2d2631c0-30a8-1850-bb47-901f27b89d18', '3d991ef6-694b-425e-b545-a68677dd5ef3', 4, 6, 10),
('69827ce8-2a62-31e0-bc47-901f27b89d18', '5c81fc59-2d92-582c-a1fa-27d59245c5d9', 0, 0, 4),
('35251a6d-3944-4983-ba47-901f27b89d18', '608e257f-4efd-530f-9ffa-27d59245c5d9', 0, 9, 0),
('12005c59-4cdb-2a35-f0f6-092cdb0ab5e8', '24e25cc5-70fc-7fe3-577d-9d97eb2e0d66', 2, 7, 3),
('329cf47b-1dcc-5625-d792-0ed10b503732', '6a941ff4-43a5-234e-4951-59dcbd91f22d', 9, 4, 2),
('3616bf85-6fa7-5d66-eaf2-17995bf2968c', '5f593e45-1d82-4cfa-675f-4db9ab45a18c', 3, 5, 2),
('1ae4f1d0-48f9-3cac-2cdc-88a3ac8a3bba', '1c5d7244-44c2-6838-597d-9d97eb2e0d66', 0, 3, 9),
('538eb3ed-1f4f-6709-b9b1-c1540d491251', '763f3697-1c6c-33a4-bb45-a68677dd5ef3', 0, 3, 4),
('50cd7cd2-6007-63f8-cea7-99e7765afd72', '33cdbc49-1e22-4ec1-22de-2f417b24e999', 9, 5, 4),
('7e951f52-34a1-2e20-cda7-99e7765afd72', '51e7f3cf-6de1-7384-4551-59dcbd91f22d', 0, 1, 4),
('24b6e294-3962-3cac-eff6-092cdb0ab5e8', '56087135-3040-2fc6-4651-59dcbd91f22d', 10, 10, 7),
('51573293-1a8a-5622-be47-901f27b89d18', '6a9ca5c3-1fe6-152b-4851-59dcbd91f22d', 10, 0, 7),
('46335fb5-1ac4-66ae-b6b1-c1540d491251', '1998f087-5320-231d-567d-9d97eb2e0d66', 5, 1, 9),
('5d104629-56c9-1241-daab-8b7af6721bcf', '79e387c3-4e3d-5635-3a29-aef25fbc82b3', 2, 3, 5),
('47fc0199-4500-4075-d2a7-99e7765afd72', '4237540d-7107-1306-3006-db2ad9f95814', 6, 6, 10),
('629d287a-406b-4f35-eef6-092cdb0ab5e8', '7098453c-6c74-3b9d-b645-a68677dd5ef3', 7, 7, 8),
('74794097-6a44-73fb-e9f2-17995bf2968c', '5f6d0a72-78f4-201c-587d-9d97eb2e0d66', 2, 10, 4),
('4cabaf0d-1c77-2fab-1391-0af2c7f2a1a0', '6b247db5-21cf-4b38-a5fa-27d59245c5d9', 6, 7, 5),
('4f3d42c1-6e2c-2c89-e6f2-17995bf2968c', '48ca29f0-6bb3-30cb-2e06-db2ad9f95814', 5, 9, 0),
('61cf5088-6432-5af3-1291-0af2c7f2a1a0', '23f7a1e3-6f7b-3463-3f32-1fe60697734c', 8, 3, 5),
('24873f8c-4b36-5550-2bdc-88a3ac8a3bba', '3d3d630f-5a99-6371-a4fa-27d59245c5d9', 2, 1, 2),
('4ddd46a8-42d2-6d26-1191-0af2c7f2a1a0', '23becab8-73ce-4e02-2c06-db2ad9f95814', 9, 5, 1),
('6737a48e-36e0-26f6-d9ab-8b7af6721bcf', '51b501de-1b67-1d6c-21de-2f417b24e999', 1, 8, 0),
('5017b949-77c1-2758-e5f2-17995bf2968c', '5936ed98-4e22-6872-4b14-cf07c7ad0773', 0, 9, 3),
('641eb0d6-1506-74b9-2adc-88a3ac8a3bba', '7cd25f54-3576-7faa-3d32-1fe60697734c', 1, 1, 1),
('52865d12-2628-2164-9e66-43a328b17837', '5d6c08b9-2cdb-5cc3-3e32-1fe60697734c', 4, 8, 3),
('396eaf2d-5bc5-5766-e7f2-17995bf2968c', '4f933a74-5c22-3d68-4d14-cf07c7ad0773', 1, 8, 7),
('76b970ae-70a0-32ec-b7b1-c1540d491251', '44ee882f-7d40-4a4a-4c14-cf07c7ad0773', 7, 6, 5),
('2229d431-6911-6ec7-d592-0ed10b503732', '33e1ea0d-501e-28d7-4751-59dcbd91f22d', 6, 1, 5),
('1f6428fc-3a0a-5d80-dcab-8b7af6721bcf', '1e160c2f-73eb-5f31-4032-1fe60697734c', 7, 10, 6),
('4a756255-60b4-6d83-d392-0ed10b503732', '39e1a5b9-5e5b-7404-557d-9d97eb2e0d66', 8, 6, 8),
('45422559-79e1-254d-cfa7-99e7765afd72', '37ff8b06-73d5-5c6a-665f-4db9ab45a18c', 0, 5, 8),
('2bdbb408-2566-47f8-dbab-8b7af6721bcf', '64376cea-3e8e-15d2-3b29-aef25fbc82b3', 8, 0, 0),
('3483adfe-38c9-1789-9f66-43a328b17837', '20b2c186-721a-1d2d-b745-a68677dd5ef3', 9, 2, 3),
('3d99a93b-28ef-1fd5-e8f2-17995bf2968c', '1e574bb9-3294-7d53-a2fa-27d59245c5d9', 2, 10, 2),
('5a80a199-54ec-1c66-d492-0ed10b503732', '6dd07775-49c8-51fa-2d06-db2ad9f95814', 1, 1, 5),
('4d963204-46cc-538c-9d66-43a328b17837', '4bcddfb6-1b23-3887-a0fa-27d59245c5d9', 7, 5, 9),
('4fac4b9e-6c96-177f-d292-0ed10b503732', '676a0b19-3adf-6877-3c32-1fe60697734c', 1, 3, 10),
('4e9da7be-7985-16d6-a066-43a328b17837', '6591fa4c-1366-6d19-b845-a68677dd5ef3', 8, 0, 6),
('7135b52a-553e-39d8-d1a7-99e7765afd72', '59152223-3098-5bce-2f06-db2ad9f95814', 5, 6, 4),
('215c458d-76a1-715d-b8b1-c1540d491251', '584f63ed-5bc6-7611-655f-4db9ab45a18c', 1, 2, 3),
('786f7632-26e0-6731-bd47-901f27b89d18', '397335e2-2518-6df0-4e14-cf07c7ad0773', 3, 0, 3),
('4e4dd06a-1a04-681f-29dc-88a3ac8a3bba', '36284e50-7813-2d40-3929-aef25fbc82b3', 3, 7, 8),
('796fb75a-1d7c-15bd-d0a7-99e7765afd72', '3c080cca-713e-4c4c-a3fa-27d59245c5d9', 4, 4, 3),
('26908de3-5b2d-58bb-f1f6-092cdb0ab5e8', '4bbe43c8-54c4-2288-ba45-a68677dd5ef3', 9, 0, 0),
('7fe66e5d-6151-3077-d692-0ed10b503732', '1a72ef68-31f6-6771-b945-a68677dd5ef3', 5, 5, 9),
('7c6369f2-18d3-679e-d7ab-8b7af6721bcf', '331a96bf-139a-47a4-635f-4db9ab45a18c', 6, 1, 1),
('60e353a5-58e0-5144-d8ab-8b7af6721bcf', '416fb62a-7aa6-6664-645f-4db9ab45a18c', 1, 9, 3),
('592b006d-6335-6101-edf6-092cdb0ab5e8', '48cf7b00-3fee-40c7-4451-59dcbd91f22d', 1, 5, 5);

--
-- Inserting data into table detailpracticegroup
--
INSERT INTO detailpracticegroup(PracticeGroupID, StudentID, Note) VALUES
('46b17b19-2346-6291-284c-4663158f29cd', '6bff9ac2-6e11-2f19-4f14-cf07c7ad0773', 'Thành viên'),
('33c6d4c6-4389-65c9-d811-56e108b1c222', '3d991ef6-694b-425e-b545-a68677dd5ef3', 'Thành viên'),
('3a82520e-5197-4d07-5433-57d1d013a38f', '5c81fc59-2d92-582c-a1fa-27d59245c5d9', 'Nhóm Trưởng'),
('61b9cb60-344e-7294-f363-8a7ba31d9960', '608e257f-4efd-530f-9ffa-27d59245c5d9', 'Nhóm Trưởng'),
('65f88ca0-629b-53e0-254c-4663158f29cd', '24e25cc5-70fc-7fe3-577d-9d97eb2e0d66', 'Nhóm Trưởng'),
('22427d80-6fcd-14d0-c6c6-d72f24192909', '6a941ff4-43a5-234e-4951-59dcbd91f22d', 'Thành viên'),
('6bf7a049-3229-6355-274c-4663158f29cd', '5f593e45-1d82-4cfa-675f-4db9ab45a18c', 'Thành viên'),
('2630a8b2-53c5-5917-de11-56e108b1c222', '1c5d7244-44c2-6838-597d-9d97eb2e0d66', NULL),
('1dbfb5d7-443b-64f9-3d97-c414fa26c3e6', '763f3697-1c6c-33a4-bb45-a68677dd5ef3', 'Thành viên'),
('1d0abbf4-25e1-52a8-f563-8a7ba31d9960', '33cdbc49-1e22-4ec1-22de-2f417b24e999', 'Nhóm Trưởng'),
('54b181af-3f2c-75a4-f463-8a7ba31d9960', '51e7f3cf-6de1-7384-4551-59dcbd91f22d', 'Nhóm Trưởng'),
('6064916e-41bf-144d-3ce8-d81fec7b0976', '56087135-3040-2fc6-4651-59dcbd91f22d', 'Nhóm Trưởng'),
('75e7e6b9-4cb6-3cd1-3c97-c414fa26c3e6', '6a9ca5c3-1fe6-152b-4851-59dcbd91f22d', 'Thành viên'),
('57cccbf8-1f47-44c0-3be8-d81fec7b0976', '1998f087-5320-231d-567d-9d97eb2e0d66', 'Thành viên'),
('4baccce5-4bee-4345-c2c6-d72f24192909', '79e387c3-4e3d-5635-3a29-aef25fbc82b3', 'Thành viên'),
('42578c3c-627c-6196-afb3-cad96b318fc3', '4237540d-7107-1306-3006-db2ad9f95814', 'Thành viên'),
('13e8fc3d-5d5f-34d7-acb3-cad96b318fc3', '7098453c-6c74-3b9d-b645-a68677dd5ef3', 'Nhóm Trưởng'),
('1fc853bd-2cd7-7198-264c-4663158f29cd', '5f6d0a72-78f4-201c-587d-9d97eb2e0d66', 'Nhóm Trưởng'),
('531bb86c-71cc-456d-9668-4c288799f5a9', '6b247db5-21cf-4b38-a5fa-27d59245c5d9', 'Thành viên'),
('47f90970-55bd-47a3-dc18-0ccabe85ff46', '48ca29f0-6bb3-30cb-2e06-db2ad9f95814', 'Thành viên'),
('2319eaf6-7292-2a06-5533-57d1d013a38f', '23f7a1e3-6f7b-3463-3f32-1fe60697734c', 'Nhóm Trưởng'),
('6d4ffece-2207-7f00-c4c6-d72f24192909', '3d3d630f-5a99-6371-a4fa-27d59245c5d9', 'Thành viên'),
('493bb3e1-766d-55a9-c0c6-d72f24192909', '23becab8-73ce-4e02-2c06-db2ad9f95814', 'Nhóm Trưởng'),
('41e722fd-3920-5eab-c1c6-d72f24192909', '51b501de-1b67-1d6c-21de-2f417b24e999', 'Thành viên'),
('72fe93fd-517a-1729-db18-0ccabe85ff46', '5936ed98-4e22-6872-4b14-cf07c7ad0773', 'Nhóm Trưởng'),
('4d10a10b-7811-3be5-9368-4c288799f5a9', '7cd25f54-3576-7faa-3d32-1fe60697734c', 'Nhóm Trưởng'),
('7d1ab01b-1952-7b5d-dd18-0ccabe85ff46', '5d6c08b9-2cdb-5cc3-3e32-1fe60697734c', 'Nhóm Trưởng'),
('15526762-21e9-2b75-dc11-56e108b1c222', '4f933a74-5c22-3d68-4d14-cf07c7ad0773', 'Nhóm Trưởng'),
('1e7e748b-3649-7599-f663-8a7ba31d9960', '44ee882f-7d40-4a4a-4c14-cf07c7ad0773', 'Thành viên'),
('1fce4390-472e-4a78-9468-4c288799f5a9', '33e1ea0d-501e-28d7-4751-59dcbd91f22d', 'Nhóm Trưởng'),
('415bdccd-7d9b-7000-c5c6-d72f24192909', '1e160c2f-73eb-5f31-4032-1fe60697734c', 'Nhóm Trưởng'),
('6e33d899-6a6c-5534-bfc6-d72f24192909', '39e1a5b9-5e5b-7404-557d-9d97eb2e0d66', 'Nhóm Trưởng'),
('6218b0b4-77dd-784b-3b97-c414fa26c3e6', '37ff8b06-73d5-5c6a-665f-4db9ab45a18c', 'Thành viên'),
('35d77883-4826-73d7-dd11-56e108b1c222', '64376cea-3e8e-15d2-3b29-aef25fbc82b3', 'Nhóm Trưởng'),
('4f2ac8a2-6e43-5660-db11-56e108b1c222', '20b2c186-721a-1d2d-b745-a68677dd5ef3', 'Nhóm Trưởng'),
('7f1af386-5055-17f2-3de8-d81fec7b0976', '1e574bb9-3294-7d53-a2fa-27d59245c5d9', 'Thành viên'),
('3bf643e8-45cd-48bc-da11-56e108b1c222', '6dd07775-49c8-51fa-2d06-db2ad9f95814', 'Thành viên'),
('2db421f5-6b7f-6073-d911-56e108b1c222', '4bcddfb6-1b23-3887-a0fa-27d59245c5d9', 'Nhóm Trưởng'),
('31364645-14ed-27fc-d711-56e108b1c222', '676a0b19-3adf-6877-3c32-1fe60697734c', 'Thành viên'),
('509412e8-33ab-7070-adb3-cad96b318fc3', '6591fa4c-1366-6d19-b845-a68677dd5ef3', 'Thành viên'),
('261431eb-15c6-1314-5633-57d1d013a38f', '59152223-3098-5bce-2f06-db2ad9f95814', 'Nhóm Trưởng'),
('13d0dbbe-3117-4edc-c3c6-d72f24192909', '584f63ed-5bc6-7611-655f-4db9ab45a18c', 'Thành viên'),
('6728f19b-3625-45a1-de18-0ccabe85ff46', '397335e2-2518-6df0-4e14-cf07c7ad0773', 'Thành viên'),
('21d97f61-513d-59dc-abb3-cad96b318fc3', '36284e50-7813-2d40-3929-aef25fbc82b3', 'Thành viên'),
('69d50df7-36cc-7c1f-9568-4c288799f5a9', '3c080cca-713e-4c4c-a3fa-27d59245c5d9', 'Thành viên'),
('373fdaad-1f0f-244b-f763-8a7ba31d9960', '4bbe43c8-54c4-2288-ba45-a68677dd5ef3', 'Thành viên'),
('7163653d-43a1-57cb-aeb3-cad96b318fc3', '1a72ef68-31f6-6771-b945-a68677dd5ef3', NULL),
('394b238c-2ef4-4298-5333-57d1d013a38f', '331a96bf-139a-47a4-635f-4db9ab45a18c', NULL),
('28048e4e-650a-6f62-3a97-c414fa26c3e6', '416fb62a-7aa6-6664-645f-4db9ab45a18c', NULL),
('5db23f21-65b9-3ea7-244c-4663158f29cd', '48cf7b00-3fee-40c7-4451-59dcbd91f22d', NULL);

--
-- Inserting data into table practiceschedule
--
INSERT INTO practiceschedule(PracticeScheduleID, Date, PracticeShiftID, PracticeGroupID, PracticalLaboratoryID, Status, Description, StartTime, EndTime) VALUES
('3c085312-6a93-27c6-9377-d197b06147a8', '1970-02-10', '42155f79-63a5-3b1e-e39f-8dd6f6d7e4f8', '1d0abbf4-25e1-52a8-f563-8a7ba31d9960', '24c72a01-38e7-40dd-9d28-186a78c3f39e', 1, 'Error illum dolores. Eveniet tempora doloribus modi. Quasi velit id laudantium consequuntur. Sunt ut sequi dolorem sed obcaecati facilis.', '1970-01-01 00:00:41', '1980-07-30 21:57:07'),
('28e0e5dc-6ef2-2562-f22c-20ada5f246eb', '1999-05-29', '7d22876a-7262-128c-43d4-35a726f0ef4c', '2db421f5-6b7f-6073-d911-56e108b1c222', '65b727e7-6a03-1feb-da69-77552cf052f6', 1, NULL, '1976-09-14 21:02:54', '1978-06-06 12:49:33'),
('1aa795ec-2f2f-3600-acc2-4f4995f9e0c1', '1994-01-23', '4edb35dc-793c-6dd4-cc54-0f2512404bdf', '31364645-14ed-27fc-d711-56e108b1c222', '2da9514c-30e5-3da4-bbed-840d076bb970', 0, 'Et est perspiciatis veniam vel qui. Eos atque repudiandae voluptas repellat atque tempore. Ipsa maiores laboriosam! Dicta inventore ea. Ab sint iste.', '2012-01-31 00:30:37', '1982-05-03 08:15:17'),
('7ef53436-328a-70dc-3865-2901bec7844e', '1970-01-07', '63e5935e-5bcc-2a98-2ebf-2d1df1341b8b', '2db421f5-6b7f-6073-d911-56e108b1c222', '475372d4-62cf-41f2-dd69-77552cf052f6', 1, 'Explicabo ut ratione exercitationem aliquid magnam ut. Culpa nobis nisi. Adipisci cumque ipsa. Iusto quia et. Ut deserunt omnis aliquam assumenda neque iste.', '1970-01-01 00:00:07', '1979-05-20 04:10:01'),
('3fbd5745-3a37-4b21-25e2-6211d310be16', '1979-07-28', '42155f79-63a5-3b1e-e39f-8dd6f6d7e4f8', '72fe93fd-517a-1729-db18-0ccabe85ff46', '7f8a99f5-1914-3e1c-d338-03bfeb02538a', 0, 'Accusantium quis veritatis accusamus. Dolor unde ut omnis repellendus culpa id. Enim perferendis deserunt laudantium repellat itaque ab.', '2018-07-23 05:27:50', '1989-04-07 16:55:32'),
('4bf6e08f-7344-16e4-201a-ab4fd92feb34', '1970-03-04', '73a00f62-412c-14ce-31bf-2d1df1341b8b', '46b17b19-2346-6291-284c-4663158f29cd', '4b24c549-7e20-66b7-b073-961b5d5b8db8', 0, 'Eum ut in sed ut accusantium et. Quae ex vitae velit omnis magnam; rerum veritatis sapiente. Aut ipsam reprehenderit. Quis minima et.', '1970-01-01 00:01:03', '1970-01-01 00:07:46'),
('63b09ce3-3cfd-6242-dde1-a1fbc05aadd1', '1999-01-10', '6c2beba5-4d8d-2def-74b2-6fc19c70b90a', '61b9cb60-344e-7294-f363-8a7ba31d9960', '3247100d-5018-5366-7440-2c126cc94c2f', 0, 'Molestiae ut dolore. Ut consequuntur repudiandae? Odit delectus quis. Laboriosam iusto doloremque. Ut blanditiis debitis; sunt modi pariatur. Quia ut in!', '2000-04-21 17:47:03', '1997-06-23 11:45:16'),
('48b02f77-34a8-1981-9477-d197b06147a8', '1984-09-15', '596a784a-1280-53ab-df9f-8dd6f6d7e4f8', '1d0abbf4-25e1-52a8-f563-8a7ba31d9960', '24c72a01-38e7-40dd-9d28-186a78c3f39e', 1, 'Deserunt autem nisi. Voluptatem sint consequuntur. Unde sint sunt. Iste sit dolor; omnis reprehenderit vel. Esse ad eaque. Facere aliquam sit. Provident quia.', '1970-03-26 00:37:58', '1970-01-07 03:24:19'),
('210a7146-6ee6-49dc-adc2-4f4995f9e0c1', '1970-03-16', '78cdd455-661c-1415-77b2-6fc19c70b90a', '4d10a10b-7811-3be5-9368-4c288799f5a9', '3bbc27a8-3433-61ae-7740-2c126cc94c2f', 0, 'Assumenda iure dolores molestiae illo. Consequatur eligendi quia et. In et totam? Error aut ut deleniti qui itaque dolore. Impedit fuga eaque...', '1970-01-01 00:01:15', '1970-01-01 00:16:33'),
('398d9b1b-5ac3-375b-272e-c4457c8cc573', '1978-01-24', '27ce8f87-70fb-4abf-2d89-b7f541585633', '21d97f61-513d-59dc-abb3-cad96b318fc3', '3c6e84f4-7024-7129-ffb2-605a27f3fd3e', 1, 'Et reprehenderit tempora. Doloremque molestiae pariatur. Et quas ut. Hic voluptas quo. Hic adipisci est. Delectus qui sint! Voluptatem quae sit. Incidunt!', '1970-02-26 19:06:35', '1997-10-31 08:00:30'),
('1ca1d42a-7cc0-245e-4079-42f760245f8d', '1980-06-15', '1932f045-2ef9-6195-76b2-6fc19c70b90a', '6e33d899-6a6c-5534-bfc6-d72f24192909', '3c6e84f4-7024-7129-ffb2-605a27f3fd3e', 0, 'Omnis quaerat veritatis molestiae magni. Accusantium in et. Asperiores dolores et nihil velit veniam perspiciatis! Dolores sint pariatur. Non sit amet? Fuga.', '2020-11-03 07:31:06', '1973-06-13 03:31:03'),
('425d37b2-576e-3ed6-9577-d197b06147a8', '2019-08-21', '78cdd455-661c-1415-77b2-6fc19c70b90a', '21d97f61-513d-59dc-abb3-cad96b318fc3', '3626bfa8-5701-284a-b173-961b5d5b8db8', 0, 'Itaque voluptatum ipsa. Beatae obcaecati magnam; eum optio aliquam. Ut alias molestiae. Sit obcaecati sunt! Ducimus rerum ex? Ut dolores ipsum! Aperiam enim.', '2009-07-15 07:58:17', '2019-02-23 19:14:09'),
('23f85418-2721-29c3-aec2-4f4995f9e0c1', '1981-10-13', '7eae0314-2b9b-18f2-e29f-8dd6f6d7e4f8', '3a82520e-5197-4d07-5433-57d1d013a38f', '2da9514c-30e5-3da4-bbed-840d076bb970', 0, 'Qui sit nisi. Voluptatem recusandae voluptas! Obcaecati nulla necessitatibus. Vitae eos voluptatem. Nesciunt expedita tempora. Aut voluptates reiciendis! Aut.', '1970-01-01 01:11:44', '2008-04-26 12:46:16'),
('6967ad7f-646f-4fad-3965-2901bec7844e', '2012-02-17', '584abf90-75ed-54c8-2dbf-2d1df1341b8b', '4baccce5-4bee-4345-c2c6-d72f24192909', '475372d4-62cf-41f2-dd69-77552cf052f6', 1, 'Ullam adipisci esse. Necessitatibus suscipit laboriosam. Sint distinctio consequuntur. Sed ipsa perspiciatis. Aut voluptas voluptatem. Ut in unde. Et ut.', '2018-02-12 20:21:18', '1995-06-15 02:00:05'),
('2584a53b-381c-1d5c-282e-c4457c8cc573', '2019-06-06', '6077820c-62de-41d4-44d4-35a726f0ef4c', '75e7e6b9-4cb6-3cd1-3c97-c414fa26c3e6', '7438d178-1b28-37ba-5cf5-ad608731b315', 0, 'Dolorem voluptatem nisi id perspiciatis. Minus sit et omnis provident at. Quae et in ex laudantium quia repellendus!', '1980-12-30 10:08:48', '2008-04-24 15:51:15'),
('41acf41b-52e3-3897-f32c-20ada5f246eb', '1970-12-28', '4d1a3246-4106-3961-47d4-35a726f0ef4c', '7163653d-43a1-57cb-aeb3-cad96b318fc3', '42454a5c-3926-3d9d-dc69-77552cf052f6', 0, 'Neque et atque perspiciatis ut commodi est. Enim officia sit; doloribus nihil a ipsa iusto id doloremque. Eum nemo dolorum?', '1970-01-01 00:06:02', '2018-04-22 00:55:26'),
('46cc7220-314f-54c5-9677-d197b06147a8', '1970-01-09', '584abf90-75ed-54c8-2dbf-2d1df1341b8b', '13d0dbbe-3117-4edc-c3c6-d72f24192909', '51755a4c-6341-4eee-5df5-ad608731b315', 1, 'Quia eos numquam. Sed est nesciunt id libero molestiae sed! Error amet minus veniam ut illo facere.', '1970-01-01 00:00:09', '1986-12-25 07:45:39'),
('1f5cdaf7-41ad-537e-3e2d-e1c2b7a85730', '1990-06-08', '57006586-31d8-647d-ca54-0f2512404bdf', '3a82520e-5197-4d07-5433-57d1d013a38f', '51668d1f-78fa-2104-db69-77552cf052f6', 0, 'Cupiditate tenetur ipsam. Corporis minus sunt. Tenetur fugiat aut. Voluptatem maiores ea; dolor aperiam laboriosam. Et dolorum nihil. Sed ut est. Sed non eum.', '2011-09-01 08:21:19', '2019-07-06 18:49:45'),
('4ed16562-1906-2106-dee1-a1fbc05aadd1', '1971-12-26', '468bdba6-42f9-2d59-c954-0f2512404bdf', '6218b0b4-77dd-784b-3b97-c414fa26c3e6', '5bd4c321-72dc-6fd1-15fe-de0b0c8b9758', 0, 'Qui quia rem nemo iusto ab distinctio. Id facilis qui. Perspiciatis provident nam! Deserunt esse eius. Voluptate voluptatem magni! Rem accusantium magnam.', '1970-01-01 00:12:05', '2016-06-18 02:43:18'),
('4c6b0e80-465e-5027-f42c-20ada5f246eb', '1998-10-31', '7d22876a-7262-128c-43d4-35a726f0ef4c', '61b9cb60-344e-7294-f363-8a7ba31d9960', '7f8a99f5-1914-3e1c-d338-03bfeb02538a', 1, 'Numquam quidem fugit. Omnis ratione voluptatum. Qui repudiandae dolore. Voluptates est quibusdam? Dolor natus quis. Est dignissimos aliquam. Incidunt!', '1990-03-13 15:05:57', '1970-01-01 00:13:54'),
('4c1a9f21-3800-476d-afc2-4f4995f9e0c1', '2005-12-06', '202236c2-5389-5837-2e89-b7f541585633', '531bb86c-71cc-456d-9668-4c288799f5a9', '79ff2a0d-5c05-6b52-14fe-de0b0c8b9758', 0, 'Voluptatem enim sed dicta. Aliquid molestias voluptas officia error sunt odit. Nemo tenetur eum blanditiis perferendis. Dolores aut omnis ea.', '2007-06-28 00:22:50', '1976-07-15 15:04:59'),
('2a3e81c8-4c54-3c0c-211a-ab4fd92feb34', '1985-02-03', '74699f4c-451b-7731-cb54-0f2512404bdf', '394b238c-2ef4-4298-5333-57d1d013a38f', '707de3be-287e-1d9c-9928-186a78c3f39e', 0, NULL, '1993-08-19 08:32:28', '1970-01-01 00:00:16'),
('31f46709-2fdd-30d4-4179-42f760245f8d', '1970-02-22', '78ec1618-3b10-13bc-1974-af6b0c9d8171', '6064916e-41bf-144d-3ce8-d81fec7b0976', '42454a5c-3926-3d9d-dc69-77552cf052f6', 0, NULL, '1970-01-01 00:00:53', '2002-01-25 12:29:23'),
('4c028f27-3ac0-494f-9777-d197b06147a8', '2000-12-29', '5c0e3c2f-1314-1895-1874-af6b0c9d8171', '13d0dbbe-3117-4edc-c3c6-d72f24192909', '24e33ba7-2e44-138e-c81e-f9a34758b9dc', 0, 'Quos voluptatem voluptatum reiciendis hic quisquam maxime. Rerum consequatur unde velit nesciunt in id.', '1970-04-07 09:43:32', '1972-11-04 12:33:37'),
('5faa9459-628b-3244-292e-c4457c8cc573', '2007-03-26', '78b15bd8-40bf-38cc-1774-af6b0c9d8171', '47f90970-55bd-47a3-dc18-0ccabe85ff46', '3e9721bf-615b-1b5b-60f5-ad608731b315', 1, 'Voluptatem sit obcaecati aspernatur voluptas voluptates aut.', '1976-06-19 08:04:37', '1988-10-24 12:21:14'),
('2b42c5aa-7329-329f-3a65-2901bec7844e', '1973-06-10', '732652cf-2f61-15d9-2c89-b7f541585633', '22427d80-6fcd-14d0-c6c6-d72f24192909', '424dc762-2e36-2c53-7540-2c126cc94c2f', 0, 'Ea quisquam ut. Provident earum harum. Nemo ullam atque. Soluta ullam esse. Maxime culpa delectus. Velit deleniti natus. Provident quasi voluptatem. Est vel!', '1996-01-24 21:05:18', '1979-07-28 13:57:19'),
('45a16e6b-3ff0-4bee-b0c2-4f4995f9e0c1', '2000-03-24', '35c94ecf-31c9-4c2b-2cbf-2d1df1341b8b', '31364645-14ed-27fc-d711-56e108b1c222', '42454a5c-3926-3d9d-dc69-77552cf052f6', 1, 'Consectetur saepe recusandae quibusdam magnam ducimus. Praesentium magni eaque. Neque dicta omnis. Et itaque veritatis; et impedit sint. Voluptatem obcaecati...', '2011-08-12 16:06:39', '1987-10-29 20:56:25'),
('61464ead-533f-43bb-dfe1-a1fbc05aadd1', '2014-01-05', '364a12ae-640c-153b-1674-af6b0c9d8171', '54b181af-3f2c-75a4-f463-8a7ba31d9960', '2634a292-5c65-4179-7640-2c126cc94c2f', 0, 'Error aliquam est. Eligendi quod ut! Cumque quo maxime. Illo commodi voluptates? Unde velit ex. Sed veritatis impedit. Sit facilis error.', '2011-07-11 04:24:27', '1970-01-01 00:00:01'),
('566e2bef-488c-7f7b-f52c-20ada5f246eb', '1974-04-18', '3d1077c3-4217-1128-345a-5dc145ca32c0', '4baccce5-4bee-4345-c2c6-d72f24192909', '79ff2a0d-5c05-6b52-14fe-de0b0c8b9758', 1, 'Laboriosam sequi optio. Aut reiciendis sed? A est sequi. Corrupti quo debitis! Molestias ut sapiente. Officia et eum. Nisi qui sit. Et pariatur est.', '1978-05-11 23:19:12', '2012-12-01 23:56:46'),
('36296674-6027-271c-4279-42f760245f8d', '1970-01-07', '4679edcd-3f0a-6386-8dfd-ed7281085324', '28048e4e-650a-6f62-3a97-c414fa26c3e6', '4957e06d-717c-2c9f-d238-03bfeb02538a', 1, 'Sit accusantium qui. Quas doloremque quaerat. Voluptatibus repudiandae aperiam. Incidunt sint enim. Amet in qui. Consectetur laudantium ullam. Voluptatem.', '1970-01-01 00:00:07', '1984-12-17 16:03:59'),
('5f0be6fb-2ad5-52dc-26e2-6211d310be16', '1997-12-26', '1932f045-2ef9-6195-76b2-6fc19c70b90a', '22427d80-6fcd-14d0-c6c6-d72f24192909', '707de3be-287e-1d9c-9928-186a78c3f39e', 0, 'Quo officiis dolor nulla eum unde. Incidunt sed nemo doloribus. Harum maiores error veniam molestias voluptatem similique!', '1976-08-29 11:46:35', '1970-01-01 00:11:26'),
('44f95e78-2199-1f91-9877-d197b06147a8', '1997-02-21', '4679edcd-3f0a-6386-8dfd-ed7281085324', '47f90970-55bd-47a3-dc18-0ccabe85ff46', '6556cfd1-406e-77dd-fdb2-605a27f3fd3e', 1, 'Error voluptatem ut. Quibusdam aliquam natus. Qui magni ipsum. Quod repudiandae vero! Minima aut ut. Voluptatem voluptate eum; perspiciatis aliquid veniam.', '1970-01-01 02:45:14', '1999-03-18 11:13:37'),
('765da961-59cb-5062-221a-ab4fd92feb34', '1970-12-18', '202236c2-5389-5837-2e89-b7f541585633', '2db421f5-6b7f-6073-d911-56e108b1c222', '7438d178-1b28-37ba-5cf5-ad608731b315', 1, 'Fuga sit quos error beatae asperiores provident.', '1993-02-10 22:42:33', '1982-03-30 17:25:09'),
('646e0959-3320-7d56-e0e1-a1fbc05aadd1', '1975-04-29', '29b9e885-31c8-49e5-1474-af6b0c9d8171', '6064916e-41bf-144d-3ce8-d81fec7b0976', '3c6e84f4-7024-7129-ffb2-605a27f3fd3e', 0, 'Quis fugit veritatis ex molestias sit eveniet.', '1987-04-13 18:54:49', '2012-09-29 13:05:56'),
('737328fb-5f66-5f11-3b65-2901bec7844e', '2002-05-01', '4edb35dc-793c-6dd4-cc54-0f2512404bdf', '1d0abbf4-25e1-52a8-f563-8a7ba31d9960', '65b727e7-6a03-1feb-da69-77552cf052f6', 0, 'Sed quia eum eaque et odio. Minima qui ut; natus est atque. Quod sed impedit? Quo eos non. Consequatur quod dolor.', '1993-12-17 08:10:46', '2011-03-13 17:29:11'),
('431bd45e-4011-4570-3f2d-e1c2b7a85730', '1970-01-04', '3d1077c3-4217-1128-345a-5dc145ca32c0', '493bb3e1-766d-55a9-c0c6-d72f24192909', '4e5d05d1-155e-632a-d969-77552cf052f6', 0, 'Aut nam ut; est rerum aut. Velit quod quia. Minima et qui. Debitis quaerat placeat. Inventore modi quis! Vel delectus qui. Sed est voluptatem.', '1970-01-01 00:00:04', '2012-04-04 11:19:40'),
('3a1766b8-3131-3e6d-f62c-20ada5f246eb', '2008-01-30', '634a6b82-31c1-2a10-32bf-2d1df1341b8b', '6064916e-41bf-144d-3ce8-d81fec7b0976', '7b4a42ef-40c2-6978-c91e-f9a34758b9dc', 1, 'Eveniet beatae voluptatem enim officiis aut voluptatem.', '1993-08-22 11:25:33', '1970-01-01 00:00:09'),
('33873984-51d8-1c6f-231a-ab4fd92feb34', '1972-02-21', '57ef232e-1a58-7b37-2fbf-2d1df1341b8b', '1dbfb5d7-443b-64f9-3d97-c414fa26c3e6', '623f47c1-32bb-31ef-9a28-186a78c3f39e', 1, 'Nisi autem modi. Est ullam eos; mollitia laudantium id. Adipisci repellat nam! Eligendi saepe cumque. Repellat quis quo! Voluptatem dolor autem.', '1970-01-01 00:13:02', '1970-01-01 00:05:37'),
('2df106e5-3e17-1ecf-b1c2-4f4995f9e0c1', '1990-08-23', '584abf90-75ed-54c8-2dbf-2d1df1341b8b', '1fc853bd-2cd7-7198-264c-4663158f29cd', '33afe3f5-6923-5d32-b273-961b5d5b8db8', 0, 'Quis qui quia ea illo deserunt aut. Sed quae tenetur reprehenderit et adipisci ipsa.', '1990-08-23 03:11:38', '1988-02-02 05:32:00'),
('489495b1-4625-1a19-2a2e-c4457c8cc573', '1983-03-29', '584abf90-75ed-54c8-2dbf-2d1df1341b8b', '33c6d4c6-4389-65c9-d811-56e108b1c222', '3247100d-5018-5366-7440-2c126cc94c2f', 0, 'Reprehenderit nesciunt ullam. Aspernatur corporis iste tempore perspiciatis est. Et voluptatem placeat molestiae incidunt impedit. Inventore nostrum est.', '2021-05-02 01:13:27', '1970-01-01 00:00:08'),
('4cda0d13-23f9-7c71-e1e1-a1fbc05aadd1', '2012-01-06', '78cdd455-661c-1415-77b2-6fc19c70b90a', '47f90970-55bd-47a3-dc18-0ccabe85ff46', '3e9721bf-615b-1b5b-60f5-ad608731b315', 1, 'Sed nulla nihil. Rerum ut et. Modi hic quo! Ea molestiae ducimus omnis. Dolores omnis repudiandae vel vitae! Rem iure repellat.', '2002-09-27 02:36:17', '1985-07-21 03:03:22'),
('4973efcd-3e37-46f3-27e2-6211d310be16', '2003-07-03', '68a7deef-78e5-3a2a-355a-5dc145ca32c0', '1e7e748b-3649-7599-f663-8a7ba31d9960', '1a6752f6-5064-7d8e-b673-961b5d5b8db8', 1, 'Cumque alias quisquam. Tempore velit expedita corporis rerum natus est. Quidem iusto dolores quisquam cupiditate sint ea.', '1983-10-17 20:32:01', '1970-01-01 01:03:30'),
('34195aab-1a03-312d-402d-e1c2b7a85730', '1973-03-09', '1ae68a9e-6247-74d0-1b0f-df0f613299a6', '46b17b19-2346-6291-284c-4663158f29cd', '68f73a4f-7e6e-1f23-9b28-186a78c3f39e', 1, 'Totam voluptatem non. Nihil et tempora. Soluta ratione quo? Eaque sit ea. Qui architecto voluptatem. Officiis ratione ipsam. Officia et nesciunt.', '1983-07-15 04:22:02', '1974-08-21 13:06:17'),
('436b1950-27d9-4263-3c65-2901bec7844e', '2010-06-04', '3755dad1-1868-5512-75b2-6fc19c70b90a', '6bf7a049-3229-6355-274c-4663158f29cd', '3626bfa8-5701-284a-b173-961b5d5b8db8', 1, 'Consequatur aut molestias porro enim qui pariatur. Dolor quia laborum rerum non unde sunt.', '2017-04-22 17:06:44', '2004-02-09 04:23:56'),
('4382ec41-2580-4f32-241a-ab4fd92feb34', '1977-06-15', '584abf90-75ed-54c8-2dbf-2d1df1341b8b', '1fc853bd-2cd7-7198-264c-4663158f29cd', '2da9514c-30e5-3da4-bbed-840d076bb970', 0, NULL, '1999-02-14 06:08:26', '1970-06-20 01:25:22'),
('6c8e600d-36d9-3b84-f72c-20ada5f246eb', '2012-10-22', '6c2beba5-4d8d-2def-74b2-6fc19c70b90a', '47f90970-55bd-47a3-dc18-0ccabe85ff46', '541f5418-502c-5e86-9c28-186a78c3f39e', 1, 'Corporis dignissimos accusantium qui tenetur numquam officia. Ullam sapiente recusandae. Quo accusantium est. Provident ea aspernatur. Est ab aliquid. Sit.', '1991-07-26 22:11:28', '2008-11-20 23:55:45'),
('5209c40b-5f6e-1166-9977-d197b06147a8', '2001-01-25', '5980bf8f-7bfe-297f-46d4-35a726f0ef4c', '7d1ab01b-1952-7b5d-dd18-0ccabe85ff46', '68f73a4f-7e6e-1f23-9b28-186a78c3f39e', 1, 'Sit praesentium eaque. Natus commodi illo! Minima voluptas ratione. Quaerat natus ipsum. Et quod perspiciatis? Rem corporis vel. Omnis error quasi; aut.', '1985-05-05 01:57:02', '2007-11-17 21:40:20'),
('25b309d8-5b30-755e-e2e1-a1fbc05aadd1', '1972-08-08', '584abf90-75ed-54c8-2dbf-2d1df1341b8b', '65f88ca0-629b-53e0-254c-4663158f29cd', '475372d4-62cf-41f2-dd69-77552cf052f6', 0, 'Assumenda quam ducimus error fugit; animi corporis saepe quam necessitatibus. Iste doloribus fuga? Adipisci vero consequatur. Et dolores qui. Aspernatur.', '1970-01-01 00:15:51', '2004-04-09 16:57:44'),
('47cacf20-771e-7611-3d65-2901bec7844e', '1971-05-14', '52d28f11-7311-4d89-2b89-b7f541585633', '6d4ffece-2207-7f00-c4c6-d72f24192909', '28386a4b-698c-2f33-b9ed-840d076bb970', 0, 'Omnis rerum autem. Officia eos qui; at qui omnis. Voluptatibus beatae fugit. Sed ullam earum. Ratione at omnis! Nemo error animi? Commodi voluptatem fugit.', '1970-01-01 00:08:19', '1985-01-09 13:01:24'),
('6aefcbf4-7342-2823-b2c2-4f4995f9e0c1', '1992-06-09', '4679edcd-3f0a-6386-8dfd-ed7281085324', '1e7e748b-3649-7599-f663-8a7ba31d9960', '42454a5c-3926-3d9d-dc69-77552cf052f6', 0, NULL, '1970-01-01 02:16:36', '1999-12-13 08:40:44');

--
-- Inserting data into table teacher
--
INSERT INTO teacher(TeacherID, FullName, PhoneNumber, Email, SubjectID) VALUES
('17534976-490f-5ca8-aac7-b3346301782e', 'Nông Trọng Chiến', '0926935166', 'Reinaldo_Goforth@nowhere.com', '360fe3cc-3119-1160-044d-4ca4b991db3a'),
('4295d2c7-36a1-572f-683b-801cd82cdd42', 'Nguyễn Thị Chi', '0965615803', 'Arden.Mcmillen@nowhere.com', '5dc372f6-3e58-5def-03ba-9a919cad3d6f'),
('3a02094a-64fe-51d3-2a40-483f16f4f2f6', 'Nguyễn Ngọc Tài', '0970510558', 'etadog2515@example.com', '45b83a2c-5a33-305f-83ea-6a3dbe0bcfe3'),
('470dd012-7886-75fc-8186-fecdbcc4765c', 'Trịnh Quang Hương', '0917994085', 'JessHuntington@example.com', '5dc372f6-3e58-5def-03ba-9a919cad3d6f'),
('422b843f-70b6-2496-693b-801cd82cdd42', 'Nguyễn Tiến Quân', '0959145426', 'Knott@nowhere.com', '5709be40-2332-7ef5-3669-e2b06e9284be'),
('40982e50-6653-1215-15f5-c98d315c59dd', 'Mai Văn Minh', '0956848733', 'fmtskgwn_mpjfo@example.com', '360fe3cc-3119-1160-044d-4ca4b991db3a'),
('154d2cf8-3b5b-5c65-c480-872c02b7d2a6', 'Mai Văn Thanh', '0906909412', 'Smoot14@nowhere.com', '3c5fefd2-502c-6f1a-1d05-19438145d788'),
('3ba5bdd4-158a-55c7-2b40-483f16f4f2f6', 'Trần Văn Tuệ', '0909509165', 'RyanAnders7@example.com', '748b12f9-6de9-2081-3869-e2b06e9284be'),
('711510bd-606e-7b68-ddcb-05dee64e6cc0', 'Đinh Thị Loan', '0992024381', 'SungAlvarez@nowhere.com', '3081f916-7ff3-7118-ae22-832b5a796821'),
('238671a0-30fa-5360-8286-fecdbcc4765c', 'Hoàng Thị Chung', '0932659521', 'AdamMundy@example.com', '53b04cc1-6e3b-7fa4-1c05-19438145d788'),
('3302d55d-758b-1ad7-927c-35837e69de14', 'Mai Văn Nhài', '0968130112', 'mhihykpi_izyfqsfhy@example.com', '4ebfe422-7dd5-49ed-1f1e-64ff89faeaa4'),
('2f8460ed-3d3d-4ebb-6a3b-801cd82cdd42', 'Bùi Anh Long', '0918084210', 'Brenton.Fitzsimmons@example.com', '155e3902-4823-43c1-04ba-9a919cad3d6f'),
('3a01f5bb-5dbd-721c-abc7-b3346301782e', 'Bùi Hưng Toản', '0974583237', 'RenatoColley9@example.com', '72641874-7641-2629-ab22-832b5a796821'),
('1dad0c5a-667e-582d-937c-35837e69de14', 'Nguyễn Thị Trí', '0997346440', 'icglpbub6@example.com', '53ae6f05-5f3f-7231-94d7-047a75e1ce07'),
('449281ed-7f3b-2d3d-acc7-b3346301782e', 'Trần Văn Thông', '0909405010', 'Kathaleen_Reinhardt@example.com', '4ebfe422-7dd5-49ed-1f1e-64ff89faeaa4'),
('7848a399-664c-4cf0-c580-872c02b7d2a6', 'Nguyễn Trí Dương', '0971841452', 'Nikole_QMahan@example.com', '1aaf7773-578b-6382-ac22-832b5a796821'),
('27ef901c-2feb-20ed-decb-05dee64e6cc0', 'Nguyễn Ánh Chiến', '0947482995', 'RodneyMayers@example.com', '748b12f9-6de9-2081-3869-e2b06e9284be'),
('442627f5-7b31-2e48-16f5-c98d315c59dd', 'Trần Thị Lệ', '0967458185', 'Tashia.Q.Olivas@example.com', '160ea52b-5ccf-187b-91d7-047a75e1ce07'),
('730389ab-20c5-7969-8386-fecdbcc4765c', 'Trần Thị Nguyệt', '0925479932', 'Antonio@example.com', '72641874-7641-2629-ab22-832b5a796821'),
('3425fa64-1158-6c2a-947c-35837e69de14', 'Vũ Văn Quyên', '0946461801', 'GregoryRodrigue@example.com', '25babda4-59b7-55ef-1c1e-64ff89faeaa4'),
('48f7fb81-6e0b-64b3-6b3b-801cd82cdd42', 'Nguyễn Thị Long', NULL, NULL, '5dc372f6-3e58-5def-03ba-9a919cad3d6f'),
('2572fee6-2cdf-2670-adc7-b3346301782e', 'Nguyễn Văn Nguyên', '0937803138', 'Abdul.Alger18@nowhere.com', '6b215055-48ef-372a-9835-e9eea2a368fd'),
('2274e462-715a-41cc-2c40-483f16f4f2f6', 'Trịnh Tiến Tuyết', '0980663787', 'Driver57@example.com', '3c5fefd2-502c-6f1a-1d05-19438145d788'),
('43c7434e-2223-2d1e-957c-35837e69de14', 'Võ Ánh Anh', '0949701004', 'Mccue4@nowhere.com', '748b12f9-6de9-2081-3869-e2b06e9284be'),
('57f54b26-76af-319c-9bff-6cd56556278e', 'Trần Thị Chiến', '0996030499', 'Antone.Harrell57@example.com', '53b04cc1-6e3b-7fa4-1c05-19438145d788'),
('2d2a8fe1-1f19-2b7c-83b4-ee2381be8d74', 'Nguyễn Hưng Nhài', '0919947214', 'AdelleW_Greiner@nowhere.com', '360fe3cc-3119-1160-044d-4ca4b991db3a'),
('4bf555c0-58ad-53b4-c680-872c02b7d2a6', 'Mai Ngọc Hà', '0992068338', 'Jannet_GMckee85@nowhere.com', '7ef5a854-670e-19f9-02ba-9a919cad3d6f'),
('52ae6322-7e3e-5d41-17f5-c98d315c59dd', 'Nguyễn Ánh Hạnh', '0954182099', 'Cleveland.JFrick11@example.com', '7b95bd27-17ac-6e03-ad22-832b5a796821'),
('39fbf646-5181-76ce-aec7-b3346301782e', 'Nguyễn Văn Thư', '0959303350', 'AlbaCurran83@nowhere.com', '277a2cb3-5e9e-424a-9735-e9eea2a368fd'),
('38cc7c40-177d-388c-8486-fecdbcc4765c', 'Nông Thị Cảnh', '0909554779', 'AlvaLeclair19@example.com', '53b04cc1-6e3b-7fa4-1c05-19438145d788'),
('7d068934-72d3-5e32-967c-35837e69de14', 'Nguyễn Thị Bình', '0902702292', 'Mabry@example.com', '7c8519a3-21a3-615d-1e98-ca559e297554'),
('301f501a-4778-1a33-2d40-483f16f4f2f6', 'Trần Vân Khuê', '0904342234', 'Logsdon213@nowhere.com', '6ed13a35-67ee-2ef3-95d7-047a75e1ce07'),
('69232a05-18ad-5bcc-afc7-b3346301782e', 'Mai Kim Dương', '0909893590', 'Abraham@example.com', '25babda4-59b7-55ef-1c1e-64ff89faeaa4'),
('5e04a759-60c4-52ae-9cff-6cd56556278e', 'Bùi Thị Anh', '0966425413', 'Mills17@example.com', '4ebfe422-7dd5-49ed-1f1e-64ff89faeaa4'),
('624de811-5a7c-5695-6c3b-801cd82cdd42', 'Vũ Linh Dương', '0912526839', 'Delmar_Acker@nowhere.com', '53ae6f05-5f3f-7231-94d7-047a75e1ce07'),
('13316ad8-4c06-2f96-dfcb-05dee64e6cc0', 'Trần Văn Như', '0979013247', 'Dorian_Dexter@example.com', '5709be40-2332-7ef5-3669-e2b06e9284be'),
('7b84ac41-6fa7-7a30-84b4-ee2381be8d74', 'Trương Thị Trung', '0952939075', 'Clint.Clark@nowhere.com', '160ea52b-5ccf-187b-91d7-047a75e1ce07'),
('2fbea47e-55c2-27aa-c780-872c02b7d2a6', 'Nguyễn Văn Lĩnh', '0989818993', 'Adaline.B.Parent6@example.com', '45b83a2c-5a33-305f-83ea-6a3dbe0bcfe3'),
('31bdd7b0-51ae-1dc1-e0cb-05dee64e6cc0', 'Võ Khánh Huyền', '0922074049', 'Caudill@nowhere.com', '72702160-2bf0-494d-1b98-ca559e297554'),
('74601f7a-1529-6bab-977c-35837e69de14', 'Trần Ngọc Vân', '0926846858', 'LuisaZMuse@example.com', '160ea52b-5ccf-187b-91d7-047a75e1ce07'),
('206e60ef-7ded-3138-c880-872c02b7d2a6', 'Nguyễn Thị Nghĩa', '0912432203', 'Jamal_Mcneely@example.com', '1842ad25-3e62-6dd1-064d-4ca4b991db3a'),
('4b01e1a4-7f03-1843-9dff-6cd56556278e', 'Nông Vân Bốn', '0925737724', 'Prieto@example.com', '752097c9-7368-2037-034d-4ca4b991db3a'),
('37c0c9e4-178f-574a-e1cb-05dee64e6cc0', 'Nguyễn Thị Phong', '0994294172', 'JosephinaHavens117@example.com', '25babda4-59b7-55ef-1c1e-64ff89faeaa4'),
('6f11e617-1860-1eac-c980-872c02b7d2a6', 'Nguyễn Hưng Minh', '0970266071', 'AlphonsoMatlock371@example.com', '45f4f4c5-685c-4da6-1c98-ca559e297554'),
('34b55562-222d-6919-e2cb-05dee64e6cc0', 'Nguyễn Đức Ánh', '0911643246', 'Otero16@nowhere.com', '1d324248-2c4a-2e6a-80ea-6a3dbe0bcfe3'),
('25f8b060-4e63-5a53-85b4-ee2381be8d74', 'Nguyễn Thị Danh', '0963502818', 'AdelaMejia@example.com', '1842ad25-3e62-6dd1-064d-4ca4b991db3a'),
('78e5aa99-408c-3422-ca80-872c02b7d2a6', 'Nguyễn Thị Hồng', NULL, NULL, '7ef5a854-670e-19f9-02ba-9a919cad3d6f'),
('21278ebe-4b84-3c69-9eff-6cd56556278e', 'Đinh Thành Khánh', NULL, NULL, '1d324248-2c4a-2e6a-80ea-6a3dbe0bcfe3'),
('3c70ea1c-7c07-37a4-b0c7-b3346301782e', 'Trần Việt Công', NULL, NULL, '323ecdbf-53e8-39f1-054d-4ca4b991db3a'),
('3453b47e-352e-6076-987c-35837e69de14', 'Mai Thị Khánh', NULL, NULL, '67e54fa9-458b-6dd6-a922-832b5a796821');