--
-- Script was generated by Devart dbForge Studio 2019 for MySQL, Version 8.2.23.0
-- Product home page: http://www.devart.com/dbforge/mysql/studio
-- Script date 12/11/2021 12:00:16 PM
-- Server version: 5.5.5-10.4.21-MariaDB
-- Client version: 4.1
--

-- 
-- Disable foreign keys
-- 
/*!40014 SET @OLD_FOREIGN_KEY_CHECKS=@@FOREIGN_KEY_CHECKS, FOREIGN_KEY_CHECKS=0 */;

-- 
-- Set SQL mode
-- 
/*!40101 SET @OLD_SQL_MODE=@@SQL_MODE, SQL_MODE='NO_AUTO_VALUE_ON_ZERO' */;

-- 
-- Set character set the client will use to send SQL statements to the server
--
SET NAMES 'utf8';

--
-- Set default database
--
USE datn;

--
-- Drop procedure `Proc_Deletemodule`
--
DROP PROCEDURE IF EXISTS Proc_Deletemodule;

--
-- Drop procedure `Proc_Deletesubject`
--
DROP PROCEDURE IF EXISTS Proc_Deletesubject;

--
-- Drop procedure `Proc_Deleteuser`
--
DROP PROCEDURE IF EXISTS Proc_Deleteuser;

--
-- Drop procedure `Proc_GetmoduleById`
--
DROP PROCEDURE IF EXISTS Proc_GetmoduleById;

--
-- Drop procedure `Proc_Getmodules`
--
DROP PROCEDURE IF EXISTS Proc_Getmodules;

--
-- Drop procedure `Proc_GetsubjectById`
--
DROP PROCEDURE IF EXISTS Proc_GetsubjectById;

--
-- Drop procedure `Proc_Getsubjects`
--
DROP PROCEDURE IF EXISTS Proc_Getsubjects;

--
-- Drop procedure `Proc_Insertmodule`
--
DROP PROCEDURE IF EXISTS Proc_Insertmodule;

--
-- Drop procedure `Proc_Insertsubject`
--
DROP PROCEDURE IF EXISTS Proc_Insertsubject;

--
-- Drop procedure `Proc_Insertuser`
--
DROP PROCEDURE IF EXISTS Proc_Insertuser;

--
-- Drop procedure `Proc_Updatemodule`
--
DROP PROCEDURE IF EXISTS Proc_Updatemodule;

--
-- Drop procedure `Proc_Updatesubject`
--
DROP PROCEDURE IF EXISTS Proc_Updatesubject;

--
-- Drop procedure `Proc_Updateuser`
--
DROP PROCEDURE IF EXISTS Proc_Updateuser;

--
-- Drop table `user`
--
DROP TABLE IF EXISTS user;

--
-- Drop procedure `Proc_Getpermissions`
--
DROP PROCEDURE IF EXISTS Proc_Getpermissions;

--
-- Drop procedure `Proc_GetuserById`
--
DROP PROCEDURE IF EXISTS Proc_GetuserById;

--
-- Drop procedure `Proc_Getusers`
--
DROP PROCEDURE IF EXISTS Proc_Getusers;

--
-- Drop table `permission`
--
DROP TABLE IF EXISTS permission;

--
-- Drop table `maintainance`
--
DROP TABLE IF EXISTS maintainance;

--
-- Drop table `technicalstaff`
--
DROP TABLE IF EXISTS technicalstaff;

--
-- Drop table `practicallaboratoryregistration`
--
DROP TABLE IF EXISTS practicallaboratoryregistration;

--
-- Drop table `attendance`
--
DROP TABLE IF EXISTS attendance;

--
-- Drop table `practiceschedule`
--
DROP TABLE IF EXISTS practiceschedule;

--
-- Drop table `practiceshift`
--
DROP TABLE IF EXISTS practiceshift;

--
-- Drop procedure `Proc_DeleteDetailModuleClass`
--
DROP PROCEDURE IF EXISTS Proc_DeleteDetailModuleClass;

--
-- Drop procedure `Proc_GetDetailModuleClass`
--
DROP PROCEDURE IF EXISTS Proc_GetDetailModuleClass;

--
-- Drop procedure `Proc_GetDetailModuleClassById`
--
DROP PROCEDURE IF EXISTS Proc_GetDetailModuleClassById;

--
-- Drop procedure `Proc_InsertDetailModuleClass`
--
DROP PROCEDURE IF EXISTS Proc_InsertDetailModuleClass;

--
-- Drop procedure `Proc_UpdateDetailModuleClass`
--
DROP PROCEDURE IF EXISTS Proc_UpdateDetailModuleClass;

--
-- Drop table `detailmoduleclass`
--
DROP TABLE IF EXISTS detailmoduleclass;

--
-- Drop procedure `Proc_Deletedetailpracticegroup`
--
DROP PROCEDURE IF EXISTS Proc_Deletedetailpracticegroup;

--
-- Drop procedure `Proc_Getdetailpracticegroup`
--
DROP PROCEDURE IF EXISTS Proc_Getdetailpracticegroup;

--
-- Drop procedure `Proc_GetdetailpracticegroupById`
--
DROP PROCEDURE IF EXISTS Proc_GetdetailpracticegroupById;

--
-- Drop procedure `Proc_Insertdetailpracticegroup`
--
DROP PROCEDURE IF EXISTS Proc_Insertdetailpracticegroup;

--
-- Drop procedure `Proc_Updatedetailpracticegroup`
--
DROP PROCEDURE IF EXISTS Proc_Updatedetailpracticegroup;

--
-- Drop table `detailpracticegroup`
--
DROP TABLE IF EXISTS detailpracticegroup;

--
-- Drop procedure `Proc_Deletestudent`
--
DROP PROCEDURE IF EXISTS Proc_Deletestudent;

--
-- Drop procedure `Proc_GetstudentById`
--
DROP PROCEDURE IF EXISTS Proc_GetstudentById;

--
-- Drop procedure `Proc_Getstudents`
--
DROP PROCEDURE IF EXISTS Proc_Getstudents;

--
-- Drop procedure `Proc_Insertstudent`
--
DROP PROCEDURE IF EXISTS Proc_Insertstudent;

--
-- Drop procedure `Proc_Updatestudent`
--
DROP PROCEDURE IF EXISTS Proc_Updatestudent;

--
-- Drop table `student`
--
DROP TABLE IF EXISTS student;

--
-- Drop procedure `Proc_Deleteclass`
--
DROP PROCEDURE IF EXISTS Proc_Deleteclass;

--
-- Drop procedure `Proc_GetclassById`
--
DROP PROCEDURE IF EXISTS Proc_GetclassById;

--
-- Drop procedure `Proc_Getclasss`
--
DROP PROCEDURE IF EXISTS Proc_Getclasss;

--
-- Drop procedure `Proc_Insertclass`
--
DROP PROCEDURE IF EXISTS Proc_Insertclass;

--
-- Drop procedure `Proc_Updateclass`
--
DROP PROCEDURE IF EXISTS Proc_Updateclass;

--
-- Drop table `class`
--
DROP TABLE IF EXISTS class;

--
-- Drop procedure `Proc_Deletecourse`
--
DROP PROCEDURE IF EXISTS Proc_Deletecourse;

--
-- Drop procedure `Proc_GetcourseById`
--
DROP PROCEDURE IF EXISTS Proc_GetcourseById;

--
-- Drop procedure `Proc_Getcourses`
--
DROP PROCEDURE IF EXISTS Proc_Getcourses;

--
-- Drop procedure `Proc_Insertcourse`
--
DROP PROCEDURE IF EXISTS Proc_Insertcourse;

--
-- Drop procedure `Proc_Updatecourse`
--
DROP PROCEDURE IF EXISTS Proc_Updatecourse;

--
-- Drop table `course`
--
DROP TABLE IF EXISTS course;

--
-- Drop table `equipment`
--
DROP TABLE IF EXISTS equipment;

--
-- Drop procedure `Proc_Deletepracticallaboratory`
--
DROP PROCEDURE IF EXISTS Proc_Deletepracticallaboratory;

--
-- Drop procedure `Proc_GetpracticallaboratoryById`
--
DROP PROCEDURE IF EXISTS Proc_GetpracticallaboratoryById;

--
-- Drop procedure `Proc_Getpracticallaboratorys`
--
DROP PROCEDURE IF EXISTS Proc_Getpracticallaboratorys;

--
-- Drop procedure `Proc_Insertpracticallaboratory`
--
DROP PROCEDURE IF EXISTS Proc_Insertpracticallaboratory;

--
-- Drop procedure `Proc_Updatepracticallaboratory`
--
DROP PROCEDURE IF EXISTS Proc_Updatepracticallaboratory;

--
-- Drop table `practicallaboratory`
--
DROP TABLE IF EXISTS practicallaboratory;

--
-- Drop procedure `Proc_Deletebuilding`
--
DROP PROCEDURE IF EXISTS Proc_Deletebuilding;

--
-- Drop procedure `Proc_GetbuildingById`
--
DROP PROCEDURE IF EXISTS Proc_GetbuildingById;

--
-- Drop procedure `Proc_Getbuildings`
--
DROP PROCEDURE IF EXISTS Proc_Getbuildings;

--
-- Drop procedure `Proc_Insertbuilding`
--
DROP PROCEDURE IF EXISTS Proc_Insertbuilding;

--
-- Drop procedure `Proc_Updatebuilding`
--
DROP PROCEDURE IF EXISTS Proc_Updatebuilding;

--
-- Drop table `building`
--
DROP TABLE IF EXISTS building;

--
-- Drop procedure `Proc_Deletemajors`
--
DROP PROCEDURE IF EXISTS Proc_Deletemajors;

--
-- Drop procedure `Proc_GetmajorsById`
--
DROP PROCEDURE IF EXISTS Proc_GetmajorsById;

--
-- Drop procedure `Proc_Getmajorss`
--
DROP PROCEDURE IF EXISTS Proc_Getmajorss;

--
-- Drop procedure `Proc_Insertmajors`
--
DROP PROCEDURE IF EXISTS Proc_Insertmajors;

--
-- Drop procedure `Proc_Updatemajors`
--
DROP PROCEDURE IF EXISTS Proc_Updatemajors;

--
-- Drop table `majors`
--
DROP TABLE IF EXISTS majors;

--
-- Drop procedure `Proc_Deleteology`
--
DROP PROCEDURE IF EXISTS Proc_Deleteology;

--
-- Drop procedure `Proc_GetologyById`
--
DROP PROCEDURE IF EXISTS Proc_GetologyById;

--
-- Drop procedure `Proc_Getologys`
--
DROP PROCEDURE IF EXISTS Proc_Getologys;

--
-- Drop procedure `Proc_Insertology`
--
DROP PROCEDURE IF EXISTS Proc_Insertology;

--
-- Drop procedure `Proc_Updateology`
--
DROP PROCEDURE IF EXISTS Proc_Updateology;

--
-- Drop table `ology`
--
DROP TABLE IF EXISTS ology;

--
-- Drop procedure `Proc_Deletepracticegroup`
--
DROP PROCEDURE IF EXISTS Proc_Deletepracticegroup;

--
-- Drop procedure `Proc_FindPracticeGroup`
--
DROP PROCEDURE IF EXISTS Proc_FindPracticeGroup;

--
-- Drop procedure `Proc_Getpracticegroup`
--
DROP PROCEDURE IF EXISTS Proc_Getpracticegroup;

--
-- Drop procedure `Proc_GetpracticegroupById`
--
DROP PROCEDURE IF EXISTS Proc_GetpracticegroupById;

--
-- Drop procedure `Proc_Getpracticegroups`
--
DROP PROCEDURE IF EXISTS Proc_Getpracticegroups;

--
-- Drop procedure `Proc_Insertpracticegroup`
--
DROP PROCEDURE IF EXISTS Proc_Insertpracticegroup;

--
-- Drop procedure `Proc_Updatepracticegroup`
--
DROP PROCEDURE IF EXISTS Proc_Updatepracticegroup;

--
-- Drop table `practicegroup`
--
DROP TABLE IF EXISTS practicegroup;

--
-- Drop procedure `Proc_Deletemoduleclass`
--
DROP PROCEDURE IF EXISTS Proc_Deletemoduleclass;

--
-- Drop procedure `Proc_FindModuleClass`
--
DROP PROCEDURE IF EXISTS Proc_FindModuleClass;

--
-- Drop procedure `Proc_GetmoduleclassById`
--
DROP PROCEDURE IF EXISTS Proc_GetmoduleclassById;

--
-- Drop procedure `Proc_Getmoduleclasss`
--
DROP PROCEDURE IF EXISTS Proc_Getmoduleclasss;

--
-- Drop procedure `Proc_GetTeacher`
--
DROP PROCEDURE IF EXISTS Proc_GetTeacher;

--
-- Drop procedure `Proc_Insertmoduleclass`
--
DROP PROCEDURE IF EXISTS Proc_Insertmoduleclass;

--
-- Drop procedure `Proc_Updatemoduleclass`
--
DROP PROCEDURE IF EXISTS Proc_Updatemoduleclass;

--
-- Drop table `moduleclass`
--
DROP TABLE IF EXISTS moduleclass;

--
-- Drop procedure `Proc_Deleteschoolyear`
--
DROP PROCEDURE IF EXISTS Proc_Deleteschoolyear;

--
-- Drop procedure `Proc_GetschoolyearById`
--
DROP PROCEDURE IF EXISTS Proc_GetschoolyearById;

--
-- Drop procedure `Proc_Getschoolyears`
--
DROP PROCEDURE IF EXISTS Proc_Getschoolyears;

--
-- Drop procedure `Proc_Insertschoolyear`
--
DROP PROCEDURE IF EXISTS Proc_Insertschoolyear;

--
-- Drop procedure `Proc_Updateschoolyear`
--
DROP PROCEDURE IF EXISTS Proc_Updateschoolyear;

--
-- Drop table `schoolyear`
--
DROP TABLE IF EXISTS schoolyear;

--
-- Drop procedure `Proc_GetsemesterById`
--
DROP PROCEDURE IF EXISTS Proc_GetsemesterById;

--
-- Drop procedure `Proc_Getsemesters`
--
DROP PROCEDURE IF EXISTS Proc_Getsemesters;

--
-- Drop table `semester`
--
DROP TABLE IF EXISTS semester;

--
-- Drop table `module`
--
DROP TABLE IF EXISTS module;

--
-- Drop procedure `Proc_Deleteteacher`
--
DROP PROCEDURE IF EXISTS Proc_Deleteteacher;

--
-- Drop procedure `Proc_GetteacherById`
--
DROP PROCEDURE IF EXISTS Proc_GetteacherById;

--
-- Drop procedure `Proc_Getteachers`
--
DROP PROCEDURE IF EXISTS Proc_Getteachers;

--
-- Drop procedure `Proc_Insertteacher`
--
DROP PROCEDURE IF EXISTS Proc_Insertteacher;

--
-- Drop procedure `Proc_Updateteacher`
--
DROP PROCEDURE IF EXISTS Proc_Updateteacher;

--
-- Drop table `teacher`
--
DROP TABLE IF EXISTS teacher;

--
-- Drop table `subject`
--
DROP TABLE IF EXISTS subject;

--
-- Set default database
--
USE datn;

--
-- Create table `subject`
--
CREATE TABLE subject (
  SubjectID char(36) NOT NULL COMMENT 'Khóa chính',
  SubjectName varchar(255) NOT NULL DEFAULT '' COMMENT 'Tên bộ môn',
  CreatedDate datetime DEFAULT NULL,
  ModifiedDate datetime DEFAULT NULL,
  PRIMARY KEY (SubjectID)
)
ENGINE = INNODB,
AVG_ROW_LENGTH = 3276,
CHARACTER SET utf8,
COLLATE utf8_general_ci,
COMMENT = 'Bảng bộ môn';

--
-- Create table `teacher`
--
CREATE TABLE teacher (
  TeacherID char(36) NOT NULL COMMENT 'Khóa chính',
  FullName varchar(255) NOT NULL DEFAULT '' COMMENT 'Tên giáo viên',
  PhoneNumber varchar(255) NOT NULL COMMENT 'Số điện thoại',
  Email varchar(255) NOT NULL COMMENT 'Email',
  SubjectID char(36) NOT NULL COMMENT 'Khóa chính bộ môn',
  CreatedDate datetime DEFAULT NULL,
  ModifiedDate datetime DEFAULT NULL,
  PRIMARY KEY (TeacherID)
)
ENGINE = INNODB,
AVG_ROW_LENGTH = 165,
CHARACTER SET utf8,
COLLATE utf8_general_ci,
COMMENT = 'Bảng giảng viên';

--
-- Create foreign key
--
ALTER TABLE teacher
ADD CONSTRAINT FK_Teacher_SubjectID FOREIGN KEY (SubjectID)
REFERENCES subject (SubjectID) ON DELETE CASCADE ON UPDATE CASCADE;

DELIMITER $$

--
-- Create procedure `Proc_Updateteacher`
--
CREATE PROCEDURE Proc_Updateteacher (IN TeacherId char(36), IN FullName char(36), IN PhoneNumber varchar(255), IN Email varchar(255), IN SubjectID char(36))
SQL SECURITY INVOKER
BEGIN
  UPDATE teacher t
  SET t.FullName = FullName,
      t.PhoneNumber = PhoneNumber,
      t.Email = Email,
      t.SubjectID = SubjectID,
      t.CreatedDate = NOW(),
      t.ModifiedDate = NOW()
  WHERE t.TeacherID = TeacherId;
END
$$

--
-- Create procedure `Proc_Insertteacher`
--
CREATE PROCEDURE Proc_Insertteacher (IN FullName char(36), IN PhoneNumber varchar(255), IN Email varchar(255), IN SubjectID char(36))
SQL SECURITY INVOKER
BEGIN
  INSERT INTO teacher (TeacherID, FullName, PhoneNumber, Email, SubjectID, CreatedDate, ModifiedDate)
    VALUES (UUID(), FullName, PhoneNumber, Email, SubjectID, NOW(), NOW());

END
$$

--
-- Create procedure `Proc_Getteachers`
--
CREATE PROCEDURE Proc_Getteachers ()
SQL SECURITY INVOKER
BEGIN
  SELECT
    t.TeacherID,
    t.FullName,
    t.PhoneNumber,
    t.Email,
    t.SubjectID,
    t.CreatedDate,
    t.ModifiedDate,
    s.SubjectName
  FROM teacher t
    LEFT JOIN subject s
      ON t.SubjectID = s.SubjectID
  ORDER BY t.CreatedDate DESC;
END
$$

--
-- Create procedure `Proc_GetteacherById`
--
CREATE PROCEDURE Proc_GetteacherById (IN teacherId char(36))
SQL SECURITY INVOKER
BEGIN
  SELECT
    t.TeacherID,
    t.FullName,
    t.PhoneNumber,
    t.Email,
    t.SubjectID,
    t.CreatedDate,
    t.ModifiedDate,
    s.SubjectName
  FROM teacher t
    LEFT JOIN subject s
      ON t.SubjectID = s.SubjectID
  WHERE t.TeacherID = teacherId
  ORDER BY t.CreatedDate DESC;
END
$$

--
-- Create procedure `Proc_Deleteteacher`
--
CREATE PROCEDURE Proc_Deleteteacher (IN teacherId char(36))
SQL SECURITY INVOKER
BEGIN
  DELETE
    FROM teacher
  WHERE teacher.TeacherID = teacherId;

END
$$

DELIMITER ;

--
-- Create table `module`
--
CREATE TABLE module (
  ModuleID char(36) NOT NULL COMMENT 'Khóa chính',
  ModuleCode varchar(20) NOT NULL DEFAULT '' COMMENT 'Mã học phần',
  ModuleName varchar(255) NOT NULL DEFAULT '' COMMENT 'Tên học phần',
  NumberOfModule float NOT NULL DEFAULT 0 COMMENT 'Số tín chỉ',
  Theory float NOT NULL DEFAULT 0 COMMENT 'Số tín chỉ LT',
  Practice float NOT NULL DEFAULT 0 COMMENT 'Số tín chỉ TH',
  BigExercise float NOT NULL DEFAULT 0 COMMENT 'Số tín chỉ TL-BTL-DA',
  SubjectID char(36) NOT NULL COMMENT 'Khóa chính bộ môn',
  CreatedDate datetime DEFAULT NULL,
  ModifiedDate datetime DEFAULT NULL,
  PRIMARY KEY (ModuleID)
)
ENGINE = INNODB,
AVG_ROW_LENGTH = 287,
CHARACTER SET utf8,
COLLATE utf8_general_ci,
COMMENT = 'Bảng học phần';

--
-- Create index `UK_module_ModuleCode` on table `module`
--
ALTER TABLE module
ADD UNIQUE INDEX UK_module_ModuleCode (ModuleCode);

--
-- Create foreign key
--
ALTER TABLE module
ADD CONSTRAINT FK_Module_SubjectID FOREIGN KEY (SubjectID)
REFERENCES subject (SubjectID) ON DELETE CASCADE ON UPDATE CASCADE;

--
-- Create table `semester`
--
CREATE TABLE semester (
  SemesterID char(36) NOT NULL COMMENT 'Khóa chính học kỳ',
  SemesterName varchar(255) NOT NULL COMMENT 'Tên học kỳ',
  CreatedDate datetime DEFAULT NULL,
  ModifiedDate datetime DEFAULT NULL,
  PRIMARY KEY (SemesterID)
)
ENGINE = INNODB,
AVG_ROW_LENGTH = 8192,
CHARACTER SET utf8,
COLLATE utf8_general_ci,
COMMENT = 'Bảng Học Kỳ';

DELIMITER $$

--
-- Create procedure `Proc_Getsemesters`
--
CREATE PROCEDURE Proc_Getsemesters ()
SQL SECURITY INVOKER
BEGIN
  SELECT
    s.SemesterID,
    s.SemesterName
  FROM semester s
  ORDER BY s.CreatedDate DESC;
END
$$

--
-- Create procedure `Proc_GetsemesterById`
--
CREATE DEFINER = 'root'@'localhost'
PROCEDURE Proc_GetsemesterById (IN SemesterID char(36))
BEGIN
  SELECT
    *
  FROM semester s
  WHERE s.SemesterID = SemesterID;
END
$$

DELIMITER ;

--
-- Create table `schoolyear`
--
CREATE TABLE schoolyear (
  SchoolYearID char(36) NOT NULL COMMENT 'Khóa chính năm học',
  SchoolYearName varchar(255) NOT NULL COMMENT 'Tên năm học',
  CreatedDate datetime DEFAULT NULL,
  ModifiedDate datetime DEFAULT NULL,
  PRIMARY KEY (SchoolYearID)
)
ENGINE = INNODB,
AVG_ROW_LENGTH = 3276,
CHARACTER SET utf8,
COLLATE utf8_general_ci,
COMMENT = 'Bảng năm học ';

DELIMITER $$

--
-- Create procedure `Proc_Updateschoolyear`
--
CREATE PROCEDURE Proc_Updateschoolyear (IN SchoolYearID char(36), IN SchoolYearName varchar(255))
SQL SECURITY INVOKER
BEGIN
  UPDATE schoolyear s
  SET s.SchoolYearName = SchoolYearName,
      s.CreatedDate = NOW(),
      s.ModifiedDate = NOW()
  WHERE s.SchoolYearID = SchoolYearID;
END
$$

--
-- Create procedure `Proc_Insertschoolyear`
--
CREATE PROCEDURE Proc_Insertschoolyear (IN SchoolYearName varchar(255))
SQL SECURITY INVOKER
BEGIN
  INSERT INTO schoolyear (SchoolYearID, SchoolYearName, CreatedDate, ModifiedDate)
    VALUES (UUID(), SchoolYearName, NOW(), NOW());

END
$$

--
-- Create procedure `Proc_Getschoolyears`
--
CREATE PROCEDURE Proc_Getschoolyears ()
SQL SECURITY INVOKER
COMMENT 'Bảng năm học'
BEGIN
  SELECT
    *
  FROM schoolyear s
  ORDER BY s.CreatedDate DESC;
END
$$

--
-- Create procedure `Proc_GetschoolyearById`
--
CREATE PROCEDURE Proc_GetschoolyearById (IN SchoolYearID char(36))
SQL SECURITY INVOKER
BEGIN
  SELECT
    *
  FROM schoolyear s
  WHERE s.SchoolYearID = SchoolYearID;
END
$$

--
-- Create procedure `Proc_Deleteschoolyear`
--
CREATE PROCEDURE Proc_Deleteschoolyear (IN SchoolYearID char(36))
SQL SECURITY INVOKER
BEGIN
  DELETE
    FROM schoolyear
  WHERE schoolyear.SchoolYearID = SchoolYearID;

END
$$

DELIMITER ;

--
-- Create table `moduleclass`
--
CREATE TABLE moduleclass (
  ModuleClassID char(36) NOT NULL COMMENT 'Khóa chính',
  ModuleClassCode varchar(20) NOT NULL DEFAULT '' COMMENT 'Mã lớp học phần',
  TeacherID char(36) NOT NULL COMMENT 'Khóa chính lớp học phần',
  ModuleID char(36) NOT NULL,
  Status tinyint(4) NOT NULL DEFAULT 0 COMMENT '0 là chưa học - 1 là đang học - 2 là đã kết thúc',
  StartTime date NOT NULL COMMENT 'Bắt đầu',
  EndTime date NOT NULL COMMENT 'Kết thúc',
  CreatedDate datetime DEFAULT NULL,
  ModifiedDate datetime DEFAULT NULL,
  SemesterID char(36) NOT NULL COMMENT 'Khóa chính học kỳ',
  SchoolYearID char(36) NOT NULL COMMENT 'Khóa chính năm học',
  PRIMARY KEY (ModuleClassID)
)
ENGINE = INNODB,
AVG_ROW_LENGTH = 315,
CHARACTER SET utf8,
COLLATE utf8_general_ci,
COMMENT = 'Bảng lớp học phần';

--
-- Create index `FK_moduleclass_SchoolYearID2` on table `moduleclass`
--
ALTER TABLE moduleclass
ADD INDEX FK_moduleclass_SchoolYearID2 (SchoolYearID);

--
-- Create index `FK_moduleclass_TeacherID2` on table `moduleclass`
--
ALTER TABLE moduleclass
ADD INDEX FK_moduleclass_TeacherID2 (TeacherID);

--
-- Create index `ModuleClassCode` on table `moduleclass`
--
ALTER TABLE moduleclass
ADD UNIQUE INDEX ModuleClassCode (ModuleClassCode);

--
-- Create foreign key
--
ALTER TABLE moduleclass
ADD CONSTRAINT FK_moduleclass_ModuleID FOREIGN KEY (ModuleID)
REFERENCES module (ModuleID) ON DELETE CASCADE ON UPDATE CASCADE;

--
-- Create foreign key
--
ALTER TABLE moduleclass
ADD CONSTRAINT FK_moduleclass_SchoolYearID FOREIGN KEY (SchoolYearID)
REFERENCES schoolyear (SchoolYearID) ON DELETE CASCADE ON UPDATE CASCADE;

--
-- Create foreign key
--
ALTER TABLE moduleclass
ADD CONSTRAINT FK_moduleclass_SemesterID FOREIGN KEY (SemesterID)
REFERENCES semester (SemesterID) ON DELETE CASCADE ON UPDATE CASCADE;

--
-- Create foreign key
--
ALTER TABLE moduleclass
ADD CONSTRAINT FK_moduleclass_TeacherID FOREIGN KEY (TeacherID)
REFERENCES teacher (TeacherID) ON DELETE CASCADE ON UPDATE CASCADE;

DELIMITER $$

--
-- Create procedure `Proc_Updatemoduleclass`
--
CREATE PROCEDURE Proc_Updatemoduleclass (IN ModuleClassCode varchar(20), IN ModuleID char(36), IN SemesterID char(36), IN Status int, IN StartTime date, IN EndTime date, IN ModuleClassID char(36), IN SchoolYearID char(36), IN TeacherID char(36))
SQL SECURITY INVOKER
BEGIN
  UPDATE moduleclass m
  SET m.ModuleClassCode = ModuleClassCode,
      m.ModuleID = ModuleID,
      m.SemesterID = SemesterID,
      m.Status = Status,
      m.StartTime = StartTime,
      m.EndTime = EndTime,
      m.TeacherID = TeacherID,
      m.SchoolYearID = SchoolYearID,
      m.CreatedDate = NOW(),
      m.ModifiedDate = NOW()
  WHERE m.ModuleClassID = ModuleClassID;
END
$$

--
-- Create procedure `Proc_Insertmoduleclass`
--
CREATE PROCEDURE Proc_Insertmoduleclass (IN ModuleClassCode varchar(20), IN ModuleID char(36), IN SemesterID char(36), IN Status int, IN StartTime date, IN EndTime date, IN SchoolYearID char(36), IN TeacherID char(36), IN ModuleCode varchar(20))
SQL SECURITY INVOKER
BEGIN
  DECLARE ID char(36);
  IF ModuleCode IS NOT NULL THEN
    SET ID = (SELECT
        m.ModuleID
      FROM module m
      WHERE m.ModuleCode = ModuleCode);
    INSERT INTO moduleclass (ModuleClassID, ModuleClassCode, ModuleID, TeacherID, SemesterID, SchoolYearID, Status, StartTime, EndTime, CreatedDate, ModifiedDate)
      VALUES (UUID(), ModuleClassCode, ID, TeacherID, SemesterID, SchoolYearID, Status, StartTime, EndTime, NOW(), NOW());
  ELSEIF ModuleCode IS NULL THEN
    INSERT INTO moduleclass (ModuleClassID, ModuleClassCode, ModuleID, TeacherID, SemesterID, SchoolYearID, Status, StartTime, EndTime, CreatedDate, ModifiedDate)
      VALUES (UUID(), ModuleClassCode, ModuleID, TeacherID, SemesterID, SchoolYearID, Status, StartTime, EndTime, NOW(), NOW());
  END IF;
END
$$

--
-- Create procedure `Proc_GetTeacher`
--
CREATE PROCEDURE Proc_GetTeacher (IN ID char(36))
SQL SECURITY INVOKER
BEGIN
  SELECT
    t.TeacherID,
    t.FullName
  FROM teacher t
    LEFT JOIN subject s
      ON t.SubjectID = s.SubjectID
    LEFT JOIN module m
      ON s.SubjectID = m.SubjectID
    LEFT JOIN moduleclass m1
      ON m.ModuleID = m1.ModuleID
  WHERE m1.ModuleClassID = ID;
END
$$

--
-- Create procedure `Proc_Getmoduleclasss`
--
CREATE PROCEDURE Proc_Getmoduleclasss ()
SQL SECURITY INVOKER
BEGIN
  SELECT
    m.ModuleClassID,
    m.ModuleClassCode,
    m.ModuleID,
    m.Status,
    m.StartTime,
    m.EndTime,
    m1.ModuleName,
    s.SemesterName,
    s1.SchoolYearName,
    t.FullName,
    m.TeacherID,
    m.SchoolYearID,
    m.SemesterID,
    m.CreatedDate,
    m.ModifiedDate
  FROM moduleclass m
    LEFT JOIN module m1
      ON m.ModuleID = m1.ModuleID
    LEFT JOIN teacher t
      ON m.TeacherID = t.TeacherID
    LEFT JOIN semester s
      ON m.SemesterID = s.SemesterID
    LEFT JOIN schoolyear s1
      ON m.SchoolYearID = s1.SchoolYearID
  ORDER BY m.CreatedDate DESC;
END
$$

--
-- Create procedure `Proc_GetmoduleclassById`
--
CREATE PROCEDURE Proc_GetmoduleclassById (IN moduleclassId char(36))
SQL SECURITY INVOKER
BEGIN
  SELECT
    m.ModuleClassID,
    m.ModuleClassCode,
    m.ModuleID,
    m.Status,
    m.StartTime,
    m.EndTime,
    m.TeacherID,
    m.SchoolYearID,
    m.SemesterID,
    m1.ModuleName,
    t.FullName,
    s.SemesterName,
    s1.SchoolYearName,
    m.CreatedDate,
    m.ModifiedDate
  FROM moduleclass m
    LEFT JOIN module m1
      ON m.ModuleID = m1.ModuleID
    LEFT JOIN teacher t
      ON m.TeacherID = t.TeacherID
    LEFT JOIN semester s
      ON m.SemesterID = s.SemesterID
    LEFT JOIN schoolyear s1
      ON m.SchoolYearID = s1.SchoolYearID
  WHERE m.ModuleClassID = moduleclassId;
END
$$

--
-- Create procedure `Proc_FindModuleClass`
--
CREATE PROCEDURE Proc_FindModuleClass (IN ID char(36))
SQL SECURITY INVOKER
BEGIN
  SELECT
    m1.ModuleClassID,
    m.ModuleName,
    m.NumberOfModule,
    m.ModuleCode,
    m1.ModuleClassCode,
    m1.TeacherID,
    s.SubjectName,
    t.FullName
  FROM module m
    LEFT JOIN moduleclass m1
      ON m.ModuleID = m1.ModuleID
    LEFT JOIN subject s
      ON m.SubjectID = s.SubjectID
    LEFT JOIN teacher t
      ON m1.TeacherID = t.TeacherID

  WHERE m1.ModuleClassID = ID;
END
$$

--
-- Create procedure `Proc_Deletemoduleclass`
--
CREATE PROCEDURE Proc_Deletemoduleclass (IN moduleclassId char(36))
SQL SECURITY INVOKER
BEGIN
  DELETE
    FROM moduleclass
  WHERE moduleclass.ModuleClassID = moduleclassId;

END
$$

DELIMITER ;

--
-- Create table `practicegroup`
--
CREATE TABLE practicegroup (
  PracticeGroupID char(36) NOT NULL COMMENT 'Khóa chính',
  PracticeGroupCode varchar(20) NOT NULL DEFAULT '' COMMENT 'Mã nhóm',
  ModuleClassID char(36) NOT NULL COMMENT 'Khóa chính lớp học phần',
  PracticeGroupName varchar(255) NOT NULL COMMENT 'Tên nhóm',
  TeacherID char(36) NOT NULL COMMENT 'Giảng viên',
  Note varchar(255) DEFAULT NULL COMMENT 'Ghi chú',
  CreatedDate datetime DEFAULT NULL,
  ModifiedDate datetime DEFAULT NULL,
  PRIMARY KEY (PracticeGroupID)
)
ENGINE = INNODB,
AVG_ROW_LENGTH = 297,
CHARACTER SET utf8,
COLLATE utf8_general_ci,
COMMENT = 'Bảng nhóm thực hành';

--
-- Create index `UK_practicegroup_PracticeGroupCode` on table `practicegroup`
--
ALTER TABLE practicegroup
ADD UNIQUE INDEX UK_practicegroup_PracticeGroupCode (PracticeGroupCode);

--
-- Create foreign key
--
ALTER TABLE practicegroup
ADD CONSTRAINT FK_practicegroup_ModuleClassID FOREIGN KEY (ModuleClassID)
REFERENCES moduleclass (ModuleClassID) ON DELETE CASCADE ON UPDATE CASCADE;

--
-- Create foreign key
--
ALTER TABLE practicegroup
ADD CONSTRAINT FK_practicegroup_TeacherID FOREIGN KEY (TeacherID)
REFERENCES teacher (TeacherID) ON DELETE CASCADE ON UPDATE CASCADE;

DELIMITER $$

--
-- Create procedure `Proc_Updatepracticegroup`
--
CREATE PROCEDURE Proc_Updatepracticegroup (IN PracticeGroupCode varchar(20), IN ModuleClassID char(36), IN PracticeGroupName varchar(255), IN TeacherID char(36), IN Note varchar(255), IN PracticeGroupID char(36))
SQL SECURITY INVOKER
BEGIN
  UPDATE practicegroup p
  SET p.PracticeGroupCode = PracticeGroupCode,
      p.PracticeGroupName = PracticeGroupName,
      p.ModuleClassID = ModuleClassID,
      p.TeacherID = TeacherID,
      p.Note = Note,
      p.CreatedDate = NOW(),
      p.ModifiedDate = NOW()
  WHERE p.PracticeGroupID = PracticeGroupID;
END
$$

--
-- Create procedure `Proc_Insertpracticegroup`
--
CREATE PROCEDURE Proc_Insertpracticegroup (IN PracticeGroupCode varchar(20), IN ModuleClassID char(36), IN PracticeGroupName varchar(255), IN TeacherID char(36), IN Note varchar(255))
SQL SECURITY INVOKER
BEGIN
  INSERT HIGH_PRIORITY INTO practicegroup (PracticeGroupID, PracticeGroupCode, PracticeGroupName, ModuleClassID, TeacherID, Note, CreatedDate, ModifiedDate)
    VALUES (UUID(), PracticeGroupCode, PracticeGroupName, ModuleClassID, TeacherID, Note, NOW(), NOW());

END
$$

--
-- Create procedure `Proc_Getpracticegroups`
--
CREATE PROCEDURE Proc_Getpracticegroups ()
SQL SECURITY INVOKER
BEGIN
  SELECT
    p.PracticeGroupID,
    p.PracticeGroupCode,
    p.ModuleClassID,
    p.PracticeGroupName,
    t.FullName,
    p.Note,
    p.CreatedDate,
    p.ModifiedDate,

    m.ModuleClassCode
  FROM practicegroup p
    LEFT JOIN moduleclass m
      ON p.ModuleClassID = m.ModuleClassID
    LEFT JOIN teacher t
      ON p.TeacherID = t.TeacherID
  ORDER BY p.CreatedDate DESC;
END
$$

--
-- Create procedure `Proc_GetpracticegroupById`
--
CREATE PROCEDURE Proc_GetpracticegroupById (IN practicegroupID char(36))
SQL SECURITY INVOKER
BEGIN
  SELECT
    p.PracticeGroupID,
    p.PracticeGroupCode,
    p.ModuleClassID,
    p.PracticeGroupName,
    p.TeacherID,
    t.FullName,
    p.Note,
    p.CreatedDate,
    p.ModifiedDate,

    m.ModuleClassCode
  FROM practicegroup p
    LEFT JOIN moduleclass m
      ON p.ModuleClassID = m.ModuleClassID
    LEFT JOIN teacher t
      ON p.TeacherID = t.TeacherID
  WHERE p.PracticeGroupID = practicegroupID
  ORDER BY p.CreatedDate OR p.ModifiedDate DESC;
END
$$

--
-- Create procedure `Proc_Getpracticegroup`
--
CREATE PROCEDURE Proc_Getpracticegroup (IN ID char(36))
SQL SECURITY INVOKER
BEGIN
  SELECT
    p.PracticeGroupID,
    p.PracticeGroupCode,
    p.ModuleClassID,
    p.PracticeGroupName,
    p.Note,
    t.FullName,
    p.CreatedDate,
    p.ModifiedDate,

    m.ModuleClassCode,
    t.FullName
  FROM practicegroup p
    LEFT JOIN moduleclass m
      ON p.ModuleClassID = m.ModuleClassID
    LEFT JOIN teacher t
      ON p.TeacherID = t.TeacherID
  WHERE p.ModuleClassID = ID
  ORDER BY p.CreatedDate DESC;
END
$$

--
-- Create procedure `Proc_FindPracticeGroup`
--
CREATE PROCEDURE Proc_FindPracticeGroup (IN ID char(36))
SQL SECURITY INVOKER
BEGIN
  SELECT
    p.PracticeGroupID,
    p.PracticeGroupCode,
    p.ModuleClassID,
    p.PracticeGroupName,
    p.Note,
    p.CreatedDate,
    p.ModifiedDate,
    m.ModuleClassCode,
    m1.ModuleName,
    s.SubjectName,
    t.FullName,
    p.TeacherID
  FROM practicegroup p
    LEFT JOIN moduleclass m
      ON p.ModuleClassID = m.ModuleClassID
    LEFT JOIN module m1
      ON m.ModuleID = m1.ModuleID
    LEFT JOIN subject s
      ON m1.SubjectID = s.SubjectID
    LEFT JOIN teacher t
      ON p.TeacherID = t.TeacherID
  WHERE p.PracticeGroupID = ID;
END
$$

--
-- Create procedure `Proc_Deletepracticegroup`
--
CREATE PROCEDURE Proc_Deletepracticegroup (IN practicegroupID char(36))
SQL SECURITY INVOKER
BEGIN
  DELETE
    FROM practicegroup
  WHERE practicegroup.PracticeGroupID = practicegroupID;

END
$$

DELIMITER ;

--
-- Create table `ology`
--
CREATE TABLE ology (
  OlogyID char(36) NOT NULL COMMENT 'Khóa chính',
  OlogyName varchar(255) NOT NULL DEFAULT '' COMMENT 'Tên khoa',
  CreatedDate datetime DEFAULT NULL,
  ModifiedDate datetime DEFAULT NULL,
  PRIMARY KEY (OlogyID)
)
ENGINE = INNODB,
AVG_ROW_LENGTH = 3276,
CHARACTER SET utf8,
COLLATE utf8_general_ci,
COMMENT = 'Bảng khoa quản lý';

DELIMITER $$

--
-- Create procedure `Proc_Updateology`
--
CREATE PROCEDURE Proc_Updateology (IN OlogyID char(36), IN OlogyName varchar(255))
SQL SECURITY INVOKER
BEGIN
  UPDATE ology o
  SET o.OlogyName = OlogyName,
      o.CreatedDate = NOW(),
      o.ModifiedDate = NOW()
  WHERE o.OlogyID = OlogyID;
END
$$

--
-- Create procedure `Proc_Insertology`
--
CREATE PROCEDURE Proc_Insertology (IN OlogyName varchar(255))
SQL SECURITY INVOKER
BEGIN
  INSERT INTO ology (OlogyID, OlogyName, CreatedDate, ModifiedDate)
    VALUES (UUID(), OlogyName, NOW(), NOW());

END
$$

--
-- Create procedure `Proc_Getologys`
--
CREATE PROCEDURE Proc_Getologys ()
SQL SECURITY INVOKER
BEGIN
  SELECT
    o.OlogyID,
    o.OlogyName
  FROM ology o
  ORDER BY o.CreatedDate DESC;
END
$$

--
-- Create procedure `Proc_GetologyById`
--
CREATE PROCEDURE Proc_GetologyById (IN ologyId varchar(255))
SQL SECURITY INVOKER
BEGIN
  SELECT
    *
  FROM ology o
  WHERE o.OlogyID = ologyId;
END
$$

--
-- Create procedure `Proc_Deleteology`
--
CREATE PROCEDURE Proc_Deleteology (IN ologyId char(36))
SQL SECURITY INVOKER
BEGIN
  DELETE
    FROM ology
  WHERE ology.OlogyID = ologyId;
END
$$

DELIMITER ;

--
-- Create table `majors`
--
CREATE TABLE majors (
  MajorsID char(36) NOT NULL COMMENT 'Khóa chính',
  MajorsCode varchar(20) NOT NULL DEFAULT '' COMMENT 'Mã ngành',
  MajorsName varchar(255) NOT NULL DEFAULT '' COMMENT 'Tên ngành',
  OlogyID char(36) NOT NULL COMMENT 'Khóa chính khoa',
  CreatedDate datetime DEFAULT NULL,
  ModifiedDate datetime DEFAULT NULL,
  PRIMARY KEY (MajorsID)
)
ENGINE = INNODB,
AVG_ROW_LENGTH = 4096,
CHARACTER SET utf8,
COLLATE utf8_general_ci,
COMMENT = 'Bảng chuyên ngành';

--
-- Create index `UK_majors_MajorsCode` on table `majors`
--
ALTER TABLE majors
ADD UNIQUE INDEX UK_majors_MajorsCode (MajorsCode);

--
-- Create foreign key
--
ALTER TABLE majors
ADD CONSTRAINT FK_majors_OlogyID FOREIGN KEY (OlogyID)
REFERENCES ology (OlogyID) ON DELETE CASCADE ON UPDATE CASCADE;

DELIMITER $$

--
-- Create procedure `Proc_Updatemajors`
--
CREATE PROCEDURE Proc_Updatemajors (IN MajorsID varchar(255), IN MajorsCode varchar(20), IN MajorsName varchar(255), IN OlogyID char(36))
SQL SECURITY INVOKER
BEGIN
  UPDATE majors m
  SET m.MajorsCode = MajorsCode,
      m.MajorsName = MajorsName,
      m.OlogyID = OlogyID,
      m.CreatedDate = NOW(),
      m.ModifiedDate = NOW()
  WHERE m.MajorsID = MajorsID;
END
$$

--
-- Create procedure `Proc_Insertmajors`
--
CREATE PROCEDURE Proc_Insertmajors (IN MajorsCode varchar(20), IN MajorsName varchar(255), IN OlogyID char(36))
SQL SECURITY INVOKER
BEGIN
  INSERT INTO majors (MajorsID, MajorsCode, MajorsName, OlogyID, CreatedDate, ModifiedDate)
    VALUES (UUID(), MajorsCode, MajorsName, OlogyID, NOW(), NOW());

END
$$

--
-- Create procedure `Proc_Getmajorss`
--
CREATE PROCEDURE Proc_Getmajorss ()
SQL SECURITY INVOKER
BEGIN
  SELECT
    m.MajorsID,
    m.MajorsCode,
    m.MajorsName,
    m.OlogyID,
    o.OlogyName
  FROM majors m
    LEFT JOIN ology o
      ON m.OlogyID = o.OlogyID
  ORDER BY m.CreatedDate DESC;
END
$$

--
-- Create procedure `Proc_GetmajorsById`
--
CREATE PROCEDURE Proc_GetmajorsById (IN majorsId char(36))
SQL SECURITY INVOKER
BEGIN
  SELECT
    m.MajorsID,
    m.MajorsCode,
    m.MajorsName,
    m.OlogyID,
    o.OlogyName
  FROM majors m
    LEFT JOIN ology o
      ON m.OlogyID = o.OlogyID
  WHERE m.MajorsID = majorsId;
END
$$

--
-- Create procedure `Proc_Deletemajors`
--
CREATE PROCEDURE Proc_Deletemajors (IN majorsId char(36))
SQL SECURITY INVOKER
NO SQL
BEGIN
  DELETE
    FROM majors
  WHERE majors.MajorsID = majorsId;

END
$$

DELIMITER ;

--
-- Create table `building`
--
CREATE TABLE building (
  BuildingID char(36) NOT NULL COMMENT 'Khóa chính',
  BuildingName varchar(255) NOT NULL DEFAULT '' COMMENT 'Tên toà nhà',
  BaseBuilding varchar(255) NOT NULL DEFAULT '' COMMENT 'Tên cơ sở (1,2,3)',
  CreatedDate datetime DEFAULT NULL,
  ModifiedDate datetime DEFAULT NULL,
  PRIMARY KEY (BuildingID)
)
ENGINE = INNODB,
AVG_ROW_LENGTH = 327,
CHARACTER SET utf8,
COLLATE utf8_general_ci,
COMMENT = 'Bảng toà nhà';

DELIMITER $$

--
-- Create procedure `Proc_Updatebuilding`
--
CREATE PROCEDURE Proc_Updatebuilding (IN BuildingID char(36), IN BuildingName varchar(255), IN BaseBuilding varchar(255))
SQL SECURITY INVOKER
BEGIN
  UPDATE building b
  SET b.BuildingName = BuildingName,
      b.BaseBuilding = BaseBuilding,
      b.CreatedDate = NOW(),
      b.ModifiedDate = NOW()
  WHERE b.BuildingID = BuildingID;
END
$$

--
-- Create procedure `Proc_Insertbuilding`
--
CREATE PROCEDURE Proc_Insertbuilding (IN BuildingName varchar(255), IN BaseBuilding varchar(255))
SQL SECURITY INVOKER
BEGIN
  INSERT INTO building (BuildingID, BuildingName, BaseBuilding, CreatedDate, ModifiedDate)
    VALUES (UUID(), BuildingName, BaseBuilding, NOW(), NOW());

END
$$

--
-- Create procedure `Proc_Getbuildings`
--
CREATE PROCEDURE Proc_Getbuildings ()
SQL SECURITY INVOKER
BEGIN
  SELECT
    *
  FROM building b
  ORDER BY b.CreatedDate DESC;
END
$$

--
-- Create procedure `Proc_GetbuildingById`
--
CREATE PROCEDURE Proc_GetbuildingById (IN buildingId char(36))
SQL SECURITY INVOKER
BEGIN
  SELECT
    *
  FROM building b
  WHERE b.BuildingID = buildingId;
END
$$

--
-- Create procedure `Proc_Deletebuilding`
--
CREATE PROCEDURE Proc_Deletebuilding (IN buildingId char(36))
SQL SECURITY INVOKER
BEGIN
  DELETE
    FROM building
  WHERE building.BuildingID = buildingId;
END
$$

DELIMITER ;

--
-- Create table `practicallaboratory`
--
CREATE TABLE practicallaboratory (
  PracticalLaboratoryID char(36) NOT NULL COMMENT 'Khóa chính',
  PracticalLaboratoryCode varchar(20) NOT NULL DEFAULT '' COMMENT 'Mã phòng thực hành',
  PracticalLaboratoryName varchar(255) NOT NULL DEFAULT '' COMMENT 'Tên phòng thực hành',
  NumberOfSeats int(11) NOT NULL COMMENT 'Số chỗ',
  Description varchar(255) DEFAULT NULL COMMENT 'Mô tả ',
  BuildingID char(36) NOT NULL COMMENT 'Khóa chính tòa nhà',
  CreatedDate datetime DEFAULT NULL,
  ModifiedDate datetime DEFAULT NULL,
  OlogyID char(36) NOT NULL COMMENT 'Khóa chính khoa quản lý',
  SubjectID char(36) NOT NULL COMMENT 'Khóa chính bộ môn quản lý',
  Status bit(1) NOT NULL DEFAULT b'0' COMMENT 'Trạng thái (0 - bình thường, 1 - bảo trì))',
  PRIMARY KEY (PracticalLaboratoryID)
)
ENGINE = INNODB,
AVG_ROW_LENGTH = 327,
CHARACTER SET utf8,
COLLATE utf8_general_ci,
COMMENT = 'Bảng phòng thực hành';

--
-- Create index `UK_practicallaboratory_PracticalLaboratoryCode` on table `practicallaboratory`
--
ALTER TABLE practicallaboratory
ADD UNIQUE INDEX UK_practicallaboratory_PracticalLaboratoryCode (PracticalLaboratoryCode);

--
-- Create foreign key
--
ALTER TABLE practicallaboratory
ADD CONSTRAINT FK_practicallaboratory_BuildingID FOREIGN KEY (BuildingID)
REFERENCES building (BuildingID) ON DELETE CASCADE ON UPDATE CASCADE;

--
-- Create foreign key
--
ALTER TABLE practicallaboratory
ADD CONSTRAINT FK_practicallaboratory_OlogyID FOREIGN KEY (OlogyID)
REFERENCES ology (OlogyID) ON DELETE CASCADE ON UPDATE CASCADE;

--
-- Create foreign key
--
ALTER TABLE practicallaboratory
ADD CONSTRAINT FK_practicallaboratory_SubjectID FOREIGN KEY (SubjectID)
REFERENCES subject (SubjectID) ON DELETE CASCADE ON UPDATE CASCADE;

DELIMITER $$

--
-- Create procedure `Proc_Updatepracticallaboratory`
--
CREATE PROCEDURE Proc_Updatepracticallaboratory (IN PracticalLaboratoryCode varchar(20), IN PracticalLaboratoryName varchar(255), IN NumberOfSeats int, IN Description varchar(255), IN BuildingID char(36), IN PracticalLaboratoryID char(36), IN SubjectID char(36), IN OlogyID char(36))
SQL SECURITY INVOKER
BEGIN
  UPDATE practicallaboratory p
  SET p.PracticalLaboratoryCode = PracticalLaboratoryCode,
      p.PracticalLaboratoryName = PracticalLaboratoryName,
      p.NumberOfSeats = NumberOfSeats,
      p.Description = Description,
      p.BuildingID = BuildingID,
      p.SubjectID = SubjectID,
      p.OlogyID = OlogyID,
      p.CreatedDate = NOW(),
      p.ModifiedDate = NOW()
  WHERE p.PracticalLaboratoryID = PracticalLaboratoryID;
END
$$

--
-- Create procedure `Proc_Insertpracticallaboratory`
--
CREATE PROCEDURE Proc_Insertpracticallaboratory (IN PracticalLaboratoryCode varchar(20), IN PracticalLaboratoryName varchar(255), IN NumberOfSeats int, IN Description varchar(255), IN BuildingID char(36), IN SubjectID char(36), IN OlogyID char(36))
SQL SECURITY INVOKER
BEGIN
  INSERT HIGH_PRIORITY INTO practicallaboratory (PracticalLaboratoryID, PracticalLaboratoryCode, PracticalLaboratoryName, NumberOfSeats, Description, BuildingID, SubjectID, OlogyID, CreatedDate, ModifiedDate)
    VALUES (UUID(), PracticalLaboratoryCode, PracticalLaboratoryName, NumberOfSeats, Description, BuildingID, SubjectID, OlogyID, NOW(), NOW());

END
$$

--
-- Create procedure `Proc_Getpracticallaboratorys`
--
CREATE PROCEDURE Proc_Getpracticallaboratorys ()
SQL SECURITY INVOKER
BEGIN
  SELECT
    p.PracticalLaboratoryID,
    p.PracticalLaboratoryCode,
    p.PracticalLaboratoryName,
    p.NumberOfSeats,
    p.Description,
    p.BuildingID,
    p.CreatedDate,
    p.ModifiedDate,
    p.SubjectID,
    s.SubjectName,
    p.OlogyID,
    o.OlogyName,
    b.BuildingName
  FROM practicallaboratory p
    LEFT JOIN building b
      ON p.BuildingID = b.BuildingID
    LEFT JOIN subject s
      ON p.SubjectID = s.SubjectID
    LEFT JOIN ology o
      ON p.OlogyID = o.OlogyID
  ORDER BY p.CreatedDate DESC;
END
$$

--
-- Create procedure `Proc_GetpracticallaboratoryById`
--
CREATE PROCEDURE Proc_GetpracticallaboratoryById (IN practicallaboratoryId char(36))
SQL SECURITY INVOKER
BEGIN
  SELECT
    p.PracticalLaboratoryID,
    p.PracticalLaboratoryCode,
    p.PracticalLaboratoryName,
    p.NumberOfSeats,
    p.Description,
    p.BuildingID,
    p.CreatedDate,
    p.ModifiedDate,
    p.SubjectID,
    p.OlogyID,
    s.SubjectName,
    o.OlogyName,
    b.BuildingName
  FROM practicallaboratory p
    LEFT JOIN building b
      ON p.BuildingID = b.BuildingID
    LEFT JOIN subject s
      ON p.SubjectID = s.SubjectID
    LEFT JOIN ology o
      ON p.OlogyID = o.OlogyID
  WHERE p.PracticalLaboratoryID = practicallaboratoryId;
END
$$

--
-- Create procedure `Proc_Deletepracticallaboratory`
--
CREATE PROCEDURE Proc_Deletepracticallaboratory (IN practicallaboratoryId char(36))
SQL SECURITY INVOKER
BEGIN
  DELETE
    FROM practicallaboratory
  WHERE practicallaboratory.PracticalLaboratoryID = practicallaboratoryId;

END
$$

DELIMITER ;

--
-- Create table `equipment`
--
CREATE TABLE equipment (
  EquipmentID char(36) CHARACTER SET utf8 COLLATE utf8_general_ci NOT NULL COMMENT 'Khóa chính',
  PracticalLaboratoryCode varchar(20) CHARACTER SET utf8 COLLATE utf8_general_ci NOT NULL DEFAULT '' COMMENT 'Mã phòng TNTH',
  EquipmentName varchar(255) CHARACTER SET utf8 COLLATE utf8_general_ci NOT NULL COMMENT 'Tên thiết bị',
  Description varchar(1000) CHARACTER SET utf8 COLLATE utf8_general_ci DEFAULT NULL COMMENT 'Mô tả',
  Status bit(1) NOT NULL DEFAULT b'0' COMMENT 'Trạng thái (0 - bình thường, 1 - bảo trì)',
  CreatedDate datetime DEFAULT NULL COMMENT 'Ngày tạo',
  ModifiedDate datetime DEFAULT NULL COMMENT 'Ngày chỉnh sửa gần nhất',
  PRIMARY KEY (EquipmentID)
)
ENGINE = INNODB,
AVG_ROW_LENGTH = 983,
CHARACTER SET utf8mb4,
COLLATE utf8mb4_general_ci,
COMMENT = 'Bảng thiết bị thực hành';

--
-- Create foreign key
--
ALTER TABLE equipment
ADD CONSTRAINT FK_equipment_PracticalLaboratoryCode FOREIGN KEY (PracticalLaboratoryCode)
REFERENCES practicallaboratory (PracticalLaboratoryCode) ON DELETE CASCADE ON UPDATE CASCADE;

--
-- Create table `course`
--
CREATE TABLE course (
  CourseID char(36) NOT NULL COMMENT 'Khóa chính',
  CourseName varchar(255) NOT NULL DEFAULT '' COMMENT 'Tên khóa học',
  StartTime date NOT NULL COMMENT 'Time bắt đầu',
  EndTime date NOT NULL COMMENT 'Time kết thúc',
  CreatedDate datetime DEFAULT NULL,
  ModifiedDate datetime DEFAULT NULL,
  PRIMARY KEY (CourseID)
)
ENGINE = INNODB,
AVG_ROW_LENGTH = 1820,
CHARACTER SET utf8,
COLLATE utf8_general_ci,
COMMENT = 'Bảng khóa học';

DELIMITER $$

--
-- Create procedure `Proc_Updatecourse`
--
CREATE DEFINER = 'root'@'localhost'
PROCEDURE Proc_Updatecourse (IN CourseID char(36), IN CourseName varchar(255), IN StartTime date, IN EndTime date)
BEGIN
  UPDATE course c
  SET c.CourseName = CourseName,
      c.StartTime = StartTime,
      c.EndTime = EndTime,
      c.CreatedDate = NOW(),
      c.ModifiedDate = NOW()
  WHERE c.CourseID = CourseID;
END
$$

--
-- Create procedure `Proc_Insertcourse`
--
CREATE PROCEDURE Proc_Insertcourse (IN CourseName varchar(255), IN StartTime date, IN EndTime date)
SQL SECURITY INVOKER
BEGIN
  INSERT INTO course (CourseID, CourseName, StartTime, EndTime, CreatedDate, ModifiedDate)
    VALUES (UUID(), CourseName, StartTime, EndTime, NOW(), NOW());

END
$$

--
-- Create procedure `Proc_Getcourses`
--
CREATE PROCEDURE Proc_Getcourses ()
SQL SECURITY INVOKER
BEGIN
  SELECT
    *
  FROM course c
  ORDER BY c.CreatedDate DESC;
END
$$

--
-- Create procedure `Proc_GetcourseById`
--
CREATE PROCEDURE Proc_GetcourseById (IN courseId char(36))
SQL SECURITY INVOKER
BEGIN
  SELECT
    *
  FROM course c
  WHERE c.CourseID = courseId;
END
$$

--
-- Create procedure `Proc_Deletecourse`
--
CREATE PROCEDURE Proc_Deletecourse (IN courseId char(36))
SQL SECURITY INVOKER
BEGIN
  DELETE LOW_PRIORITY QUICK
    FROM course
  WHERE course.CourseID = courseId;
END
$$

DELIMITER ;

--
-- Create table `class`
--
CREATE TABLE class (
  ClassID char(36) NOT NULL COMMENT 'Khoá chính',
  ClassCode varchar(20) NOT NULL DEFAULT '' COMMENT 'Mã lớp',
  ClassName varchar(255) NOT NULL DEFAULT '' COMMENT 'Tên lớp',
  CourseID char(36) NOT NULL DEFAULT '' COMMENT 'Khóa chính khóa học',
  MajorsID char(36) NOT NULL DEFAULT '' COMMENT 'Khóa chính ngành học',
  CreatedDate datetime DEFAULT NULL,
  ModifiedDate datetime DEFAULT NULL,
  PRIMARY KEY (ClassID)
)
ENGINE = INNODB,
AVG_ROW_LENGTH = 218,
CHARACTER SET utf8,
COLLATE utf8_general_ci,
COMMENT = 'Bảng lớp học';

--
-- Create index `ClassCode` on table `class`
--
ALTER TABLE class
ADD UNIQUE INDEX ClassCode (ClassCode);

--
-- Create foreign key
--
ALTER TABLE class
ADD CONSTRAINT FK_class_CourseID FOREIGN KEY (CourseID)
REFERENCES course (CourseID) ON DELETE CASCADE ON UPDATE CASCADE;

--
-- Create foreign key
--
ALTER TABLE class
ADD CONSTRAINT FK_class_MajorsID FOREIGN KEY (MajorsID)
REFERENCES majors (MajorsID) ON DELETE CASCADE ON UPDATE CASCADE;

DELIMITER $$

--
-- Create procedure `Proc_Updateclass`
--
CREATE DEFINER = 'root'@'localhost'
PROCEDURE Proc_Updateclass (IN ClassId char(36), IN ClassCode varchar(20), IN ClassName varchar(255), IN CourseID char(36), IN MajorsID char(36))
BEGIN
  UPDATE class c
  SET c.ClassCode = ClassCode,
      c.ClassName = ClassName,
      c.MajorsID = MajorsID,
      c.CourseID = CourseID,
      c.CreatedDate = NOW(),
      c.ModifiedDate = NOW()
  WHERE c.ClassID = ClassId;
END
$$

--
-- Create procedure `Proc_Insertclass`
--
CREATE PROCEDURE Proc_Insertclass (IN ClassCode varchar(20), IN ClassName varchar(255), IN CourseID char(36), IN MajorsID char(36), IN MajorsCode varchar(20))
SQL SECURITY INVOKER
BEGIN
  DECLARE ID char(36);
  IF (MajorsCode IS NOT NULL) THEN
    SET ID = (SELECT
        m.MajorsID
      FROM majors m
      WHERE m.MajorsCode = MajorsCode);
    INSERT INTO class (ClassID, ClassCode, ClassName, MajorsID, CourseID, CreatedDate, ModifiedDate)
      VALUES (UUID(), ClassCode, ClassName, ID, CourseID, NOW(), NOW());
  ELSEIF MajorsCode IS NULL THEN
    INSERT INTO class (ClassID, ClassCode, ClassName, MajorsID, CourseID, CreatedDate, ModifiedDate)
      VALUES (UUID(), ClassCode, ClassName, MajorsID, CourseID, NOW(), NOW());
  END IF;
END
$$

--
-- Create procedure `Proc_Getclasss`
--
CREATE PROCEDURE Proc_Getclasss ()
SQL SECURITY INVOKER
BEGIN
  SELECT
    c.ClassID,
    c.ClassCode,
    c.ClassName,
    c.CourseID,
    c.MajorsID,
    c.CreatedDate,
    c.ModifiedDate,
    m.MajorsName,
    c1.CourseName
  FROM class c
    LEFT JOIN majors m
      ON c.MajorsID = m.MajorsID
    LEFT JOIN course c1
      ON c.CourseID = c1.CourseID
  ORDER BY c.CreatedDate DESC;
END
$$

--
-- Create procedure `Proc_GetclassById`
--
CREATE DEFINER = 'root'@'localhost'
PROCEDURE Proc_GetclassById (IN classId char(36))
BEGIN
  SELECT
    c.ClassID,
    c.ClassCode,
    c.ClassName,
    c.CourseID,
    c.MajorsID,
    c.CreatedDate,
    c.ModifiedDate,
    m.MajorsName,
    c1.CourseName
  FROM class c
    LEFT JOIN majors m
      ON c.MajorsID = m.MajorsID
    LEFT JOIN course c1
      ON c.CourseID = c1.CourseID
  WHERE c.ClassID = classId;
END
$$

--
-- Create procedure `Proc_Deleteclass`
--
CREATE PROCEDURE Proc_Deleteclass (IN classId char(36))
SQL SECURITY INVOKER
BEGIN
  DELETE
    FROM class
  WHERE class.ClassID = classId;
END
$$

DELIMITER ;

--
-- Create table `student`
--
CREATE TABLE student (
  StudentID char(36) NOT NULL COMMENT 'Khoá chính',
  StudentCode varchar(20) NOT NULL DEFAULT '' COMMENT 'Mã sinh viên',
  FullName varchar(255) NOT NULL DEFAULT '' COMMENT 'Họ tên',
  DateOfBirth date NOT NULL COMMENT 'Ngày sinh',
  Gender int(11) NOT NULL COMMENT 'Giới tính',
  ClassID char(36) NOT NULL COMMENT 'Khóa chính lớp',
  CreatedDate datetime DEFAULT NULL,
  ModifiedDate datetime DEFAULT NULL,
  PRIMARY KEY (StudentID)
)
ENGINE = INNODB,
AVG_ROW_LENGTH = 237,
CHARACTER SET utf8,
COLLATE utf8_general_ci,
COMMENT = 'Bảng sinh viên';

--
-- Create index `UK_student_StudentCode` on table `student`
--
ALTER TABLE student
ADD UNIQUE INDEX UK_student_StudentCode (StudentCode);

--
-- Create foreign key
--
ALTER TABLE student
ADD CONSTRAINT FK_Student_ClassID FOREIGN KEY (ClassID)
REFERENCES class (ClassID) ON DELETE CASCADE ON UPDATE CASCADE;

DELIMITER $$

--
-- Create procedure `Proc_Updatestudent`
--
CREATE DEFINER = 'root'@'localhost'
PROCEDURE Proc_Updatestudent (IN StudentCode varchar(20), IN FullName varchar(255), IN DateOfBirth date, IN Gender int, IN ClassID char(36), IN StudentId char(36))
BEGIN
  UPDATE student s
  SET s.StudentCode = StudentCode,
      s.FullName = FullName,
      s.DateOfBirth = DateOfBirth,
      s.Gender = Gender,
      s.ClassID = ClassID,
      s.CreatedDate = NOW(),
      s.ModifiedDate = NOW()
  WHERE s.StudentID = StudentId;
END
$$

--
-- Create procedure `Proc_Insertstudent`
--
CREATE PROCEDURE Proc_Insertstudent (IN StudentCode varchar(20), IN FullName varchar(255), IN DateOfBirth date, IN Gender int, IN ClassID char(36), IN ClassCode varchar(20))
SQL SECURITY INVOKER
BEGIN
  DECLARE ID char(36);
  IF ClassCode IS NOT NULL THEN
    SET ID = (SELECT
        c.ClassID
      FROM class c
      WHERE c.ClassCode = ClassCode);
    INSERT INTO student (StudentID, StudentCode, FullName, DateOfBirth, Gender, ClassID, CreatedDate, ModifiedDate)
      VALUES (UUID(), StudentCode, FullName, DateOfBirth, Gender, ID, NOW(), NOW());
  ELSEIF ClassCode IS NULL THEN
    INSERT INTO student (StudentID, StudentCode, FullName, DateOfBirth, Gender, ClassID, CreatedDate, ModifiedDate)
      VALUES (UUID(), StudentCode, FullName, DateOfBirth, Gender, ClassID, NOW(), NOW());
  END IF;

END
$$

--
-- Create procedure `Proc_Getstudents`
--
CREATE PROCEDURE Proc_Getstudents ()
SQL SECURITY INVOKER
BEGIN
  SELECT
    s.StudentID,
    s.StudentCode,
    s.FullName,
    s.DateOfBirth,
    s.Gender,
    s.ClassID,
    s.CreatedDate,
    s.ModifiedDate,
    c.ClassName
  FROM student s
    LEFT JOIN class c
      ON s.ClassID = c.ClassID
  ORDER BY s.CreatedDate DESC;
END
$$

--
-- Create procedure `Proc_GetstudentById`
--
CREATE PROCEDURE Proc_GetstudentById (IN studentId char(36))
SQL SECURITY INVOKER
BEGIN
  SELECT
    s.StudentID,
    s.StudentCode,
    s.FullName,
    s.DateOfBirth,
    s.Gender,
    s.ClassID,
    s.CreatedDate,
    s.ModifiedDate,
    c.ClassName
  FROM student s
    LEFT JOIN class c
      ON s.ClassID = c.ClassID
  WHERE s.StudentID = studentId;
END
$$

--
-- Create procedure `Proc_Deletestudent`
--
CREATE PROCEDURE Proc_Deletestudent (IN studentId char(36))
SQL SECURITY INVOKER
BEGIN
  DELETE
    FROM student
  WHERE student.StudentID = studentId;

END
$$

DELIMITER ;

--
-- Create table `detailpracticegroup`
--
CREATE TABLE detailpracticegroup (
  DetailPracticeGroupID char(36) NOT NULL COMMENT 'Khóa chính',
  PracticeGroupID char(36) NOT NULL COMMENT 'Khóa chính nhóm thực hành',
  StudentID char(36) NOT NULL COMMENT 'Khóa chính sinh viên',
  Note varchar(255) DEFAULT NULL COMMENT 'Ghi chú',
  CreatedDate datetime DEFAULT NULL,
  ModifiedDate datetime DEFAULT NULL,
  PRIMARY KEY (DetailPracticeGroupID)
)
ENGINE = INNODB,
AVG_ROW_LENGTH = 2340,
CHARACTER SET utf8,
COLLATE utf8_general_ci,
COMMENT = 'Bảng chi tiết nhóm thực hành';

--
-- Create foreign key
--
ALTER TABLE detailpracticegroup
ADD CONSTRAINT FK_detailpracticegroup_PracticeGroupID FOREIGN KEY (PracticeGroupID)
REFERENCES practicegroup (PracticeGroupID) ON DELETE CASCADE ON UPDATE CASCADE;

--
-- Create foreign key
--
ALTER TABLE detailpracticegroup
ADD CONSTRAINT FK_detailpracticegroup_StudentID FOREIGN KEY (StudentID)
REFERENCES student (StudentID) ON DELETE CASCADE ON UPDATE CASCADE;

DELIMITER $$

--
-- Create procedure `Proc_Updatedetailpracticegroup`
--
CREATE DEFINER = 'root'@'localhost'
PROCEDURE Proc_Updatedetailpracticegroup (IN PracticeGroupID char(36), IN StudentID char(36), IN Note varchar(255), IN DetailPracticeGroupId char(36))
BEGIN
  UPDATE detailpracticegroup d
  SET d.PracticeGroupID = PracticeGroupID,
      d.StudentID = StudentID,
      d.Note = Note,
      d.CreatedDate = NOW(),
      d.ModifiedDate = NOW()
  WHERE d.DetailPracticeGroupID = DetailPracticeGroupId;
END
$$

--
-- Create procedure `Proc_Insertdetailpracticegroup`
--
CREATE PROCEDURE Proc_Insertdetailpracticegroup (IN PracticeGroupID char(36), IN StudentID char(36), IN Note varchar(255))
SQL SECURITY INVOKER
BEGIN
  INSERT detailpracticegroup (DetailPracticeGroupID, PracticeGroupID, StudentID, Note, ModifiedDate, CreatedDate)
    VALUES (UUID(), PracticeGroupID, StudentID, Note, NOW(), NOW());

END
$$

--
-- Create procedure `Proc_GetdetailpracticegroupById`
--
CREATE PROCEDURE Proc_GetdetailpracticegroupById (IN DetailPracticeGroupId char(36))
SQL SECURITY INVOKER
BEGIN
  SELECT
    d.DetailPracticeGroupID,
    d.PracticeGroupID,
    d.StudentID,
    d.Note,
    d.CreatedDate,
    s.FullName,
    d.ModifiedDate
  FROM detailpracticegroup d
    LEFT JOIN student s
      ON d.StudentID = s.StudentID
  WHERE d.DetailPracticeGroupID = DetailPracticeGroupId;
END
$$

--
-- Create procedure `Proc_Getdetailpracticegroup`
--
CREATE PROCEDURE Proc_Getdetailpracticegroup (IN ID char(36))
SQL SECURITY INVOKER
BEGIN
  SELECT
    d.PracticeGroupID,
    d.StudentID,
    d.Note,
    d.CreatedDate,
    d.ModifiedDate,
    d.DetailPracticeGroupID,
    s.StudentCode,
    s.FullName,
    c.ClassName
  FROM detailpracticegroup d
    LEFT JOIN student s
      ON d.StudentID = s.StudentID
    LEFT JOIN class c
      ON s.ClassID = c.ClassID
  WHERE d.PracticeGroupID = ID
  ORDER BY d.CreatedDate DESC;
END
$$

--
-- Create procedure `Proc_Deletedetailpracticegroup`
--
CREATE PROCEDURE Proc_Deletedetailpracticegroup (IN DetailPracticeGroupId char(36))
SQL SECURITY INVOKER
BEGIN
  DELETE
    FROM detailpracticegroup
  WHERE detailpracticegroup.DetailPracticeGroupID = DetailPracticeGroupId;
END
$$

DELIMITER ;

--
-- Create table `detailmoduleclass`
--
CREATE TABLE detailmoduleclass (
  DetailModuleClassID char(36) NOT NULL COMMENT 'Khóa chính',
  ModuleClassID char(36) NOT NULL COMMENT 'Khóa chính lớp học phần',
  StudentID char(36) NOT NULL COMMENT 'Khóa chính sinh viên',
  FrequentPoints1 float DEFAULT NULL COMMENT 'Điểm thường xuyên 1',
  FrequentPoints2 float DEFAULT NULL COMMENT 'Điểm thường xuyên 2',
  MediumScore float DEFAULT NULL COMMENT 'ĐIểm trung bình',
  CreatedDate datetime DEFAULT NULL,
  ModifiedDate datetime DEFAULT NULL,
  PRIMARY KEY (DetailModuleClassID)
)
ENGINE = INNODB,
AVG_ROW_LENGTH = 2340,
CHARACTER SET utf8,
COLLATE utf8_general_ci,
COMMENT = 'Bảng chi tiết lớp học phần';

--
-- Create foreign key
--
ALTER TABLE detailmoduleclass
ADD CONSTRAINT FK_detailmoduleclass_ModuleClassID FOREIGN KEY (ModuleClassID)
REFERENCES moduleclass (ModuleClassID) ON DELETE CASCADE ON UPDATE CASCADE;

--
-- Create foreign key
--
ALTER TABLE detailmoduleclass
ADD CONSTRAINT FK_detailmoduleclass_StudentID FOREIGN KEY (StudentID)
REFERENCES student (StudentID) ON DELETE CASCADE ON UPDATE CASCADE;

DELIMITER $$

--
-- Create procedure `Proc_UpdateDetailModuleClass`
--
CREATE PROCEDURE Proc_UpdateDetailModuleClass (IN ModuleClassID char(36), IN StudentID char(36), IN FrequentPoints1 float, IN FrequentPoints2 float, IN MediumScore float, IN DetailModuleClassID char(36))
SQL SECURITY INVOKER
BEGIN
  UPDATE detailmoduleclass d
  SET d.ModuleClassID = ModuleClassID,
      d.StudentID = StudentID,
      d.FrequentPoints1 = FrequentPoints1,
      d.FrequentPoints2 = FrequentPoints2,
      d.MediumScore = MediumScore,
      d.CreatedDate = NOW(),
      d.ModifiedDate = NOW()
  WHERE d.DetailModuleClassID = DetailModuleClassID;

END
$$

--
-- Create procedure `Proc_InsertDetailModuleClass`
--
CREATE DEFINER = 'root'@'localhost'
PROCEDURE Proc_InsertDetailModuleClass (IN ModuleClassID char(36), IN StudentID char(36), IN FrequentPoints1 float, IN FrequentPoints2 float, IN MediumScore float, IN StudentCode varchar(255), IN ModuleClassCode varchar(255))
BEGIN
  DECLARE IDstudent char(36);
  DECLARE IDmoduleclass char(36);
  IF (StudentCode IS NOT NULL
    AND ModuleClassCode IS NOT NULL) THEN
    SET IDstudent = (SELECT
        s.StudentID
      FROM student s
      WHERE s.StudentCode = StudentCode);
    SET IDmoduleclass = (SELECT
        m.ModuleClassID
      FROM moduleclass m
      WHERE m.ModuleClassCode = ModuleClassCode);
    INSERT detailmoduleclass (DetailModuleClassID, ModuleClassID, StudentID, FrequentPoints1, FrequentPoints2, MediumScore, CreatedDate, ModifiedDate)
      VALUES (UUID(), IDmoduleclass, IDstudent, FrequentPoints1, FrequentPoints2, MediumScore, NOW(), NOW());
  ELSEIF (StudentCode IS NULL
    AND ModuleClassCode IS NULL) THEN
    INSERT detailmoduleclass (DetailModuleClassID, ModuleClassID, StudentID, FrequentPoints1, FrequentPoints2, MediumScore, CreatedDate, ModifiedDate)
      VALUES (UUID(), ModuleClassID, StudentID, FrequentPoints1, FrequentPoints2, MediumScore, NOW(), NOW());
  END IF;
END
$$

--
-- Create procedure `Proc_GetDetailModuleClassById`
--
CREATE PROCEDURE Proc_GetDetailModuleClassById (IN DetailModuleClassID char(36))
SQL SECURITY INVOKER
BEGIN
  SELECT
    d.DetailModuleClassID,
    d.ModuleClassID,
    d.StudentID,
    d.FrequentPoints1,
    d.FrequentPoints2,
    d.MediumScore,
    d.CreatedDate,
    d.ModifiedDate,
    s.StudentCode,
    s.FullName,
    s.ClassID,
    c.ClassName,
    c.CourseID,
    c.MajorsID,
    c1.CourseName,
    m1.MajorsName
  FROM detailmoduleclass d
    LEFT JOIN moduleclass m
      ON d.ModuleClassID = m.ModuleClassID
    LEFT JOIN student s
      ON d.StudentID = s.StudentID
    LEFT JOIN class c
      ON s.ClassID = c.ClassID
    LEFT JOIN majors m1
      ON c.MajorsID = m1.MajorsID
    LEFT JOIN course c1
      ON c.CourseID = c1.CourseID
  WHERE d.DetailModuleClassID = DetailModuleClassID;
END
$$

--
-- Create procedure `Proc_GetDetailModuleClass`
--
CREATE PROCEDURE Proc_GetDetailModuleClass (IN ID char(36))
SQL SECURITY INVOKER
BEGIN
  SELECT
    d.DetailModuleClassID,
    d.ModuleClassID,
    d.StudentID,
    d.FrequentPoints1,
    d.FrequentPoints2,
    d.MediumScore,
    d.CreatedDate,
    d.ModifiedDate,
    s.StudentCode,
    s.FullName,
    s.ClassID,
    c.ClassName
  FROM detailmoduleclass d
    LEFT JOIN moduleclass m
      ON d.ModuleClassID = m.ModuleClassID
    LEFT JOIN student s
      ON d.StudentID = s.StudentID
    LEFT JOIN class c
      ON s.ClassID = c.ClassID
  WHERE d.ModuleClassID = ID
  ORDER BY d.CreatedDate DESC;
END
$$

--
-- Create procedure `Proc_DeleteDetailModuleClass`
--
CREATE PROCEDURE Proc_DeleteDetailModuleClass (IN DetailModuleClassID varchar(255))
SQL SECURITY INVOKER
BEGIN
  DELETE
    FROM detailmoduleclass
  WHERE detailmoduleclass.DetailModuleClassID = DetailModuleClassID;

END
$$

DELIMITER ;

--
-- Create table `practiceshift`
--
CREATE TABLE practiceshift (
  PracticeShiftID char(36) NOT NULL,
  PracticeShiftName varchar(255) NOT NULL DEFAULT '' COMMENT 'Tên ca thực hành',
  StartTime datetime NOT NULL COMMENT 'thời gian bắt đầu',
  EndTime datetime NOT NULL COMMENT 'Thời gian kết thúc',
  CreatedDate date DEFAULT NULL,
  ModifiedDate date DEFAULT NULL,
  PRIMARY KEY (PracticeShiftID)
)
ENGINE = INNODB,
AVG_ROW_LENGTH = 2730,
CHARACTER SET utf8,
COLLATE utf8_general_ci,
COMMENT = 'Bảng ca thực hành';

--
-- Create table `practiceschedule`
--
CREATE TABLE practiceschedule (
  PracticeScheduleID char(36) NOT NULL,
  Date date NOT NULL COMMENT 'Ngày thực hành',
  PracticeShiftID char(36) NOT NULL DEFAULT '',
  PracticeGroupID char(36) NOT NULL DEFAULT '',
  PracticalLaboratoryID char(36) NOT NULL DEFAULT '',
  Status tinyint(4) NOT NULL DEFAULT 0 COMMENT '0 chưa dạy , 1 đã dạy',
  Description varchar(255) DEFAULT NULL COMMENT 'Mô tả',
  StartTime datetime NOT NULL COMMENT 'Thời gian bắt đầu',
  EndTime datetime NOT NULL COMMENT 'Thời gian kết thúc',
  CreatedDate date DEFAULT NULL,
  ModifiedDate date DEFAULT NULL,
  SchoolYearID char(36) NOT NULL,
  SemesterID char(36) NOT NULL,
  TeacherID char(36) NOT NULL,
  PRIMARY KEY (PracticeScheduleID)
)
ENGINE = INNODB,
AVG_ROW_LENGTH = 327,
CHARACTER SET utf8,
COLLATE utf8_general_ci,
COMMENT = 'Bảng lịch thực hành';

--
-- Create foreign key
--
ALTER TABLE practiceschedule
ADD CONSTRAINT FK_practiceschedule_PracticalLaboratoryID FOREIGN KEY (PracticalLaboratoryID)
REFERENCES practicallaboratory (PracticalLaboratoryID) ON DELETE CASCADE ON UPDATE CASCADE;

--
-- Create foreign key
--
ALTER TABLE practiceschedule
ADD CONSTRAINT FK_practiceschedule_PracticeGroupID FOREIGN KEY (PracticeGroupID)
REFERENCES practicegroup (PracticeGroupID) ON DELETE CASCADE ON UPDATE CASCADE;

--
-- Create foreign key
--
ALTER TABLE practiceschedule
ADD CONSTRAINT FK_practiceschedule_PracticeShiftID FOREIGN KEY (PracticeShiftID)
REFERENCES practiceshift (PracticeShiftID) ON DELETE CASCADE ON UPDATE CASCADE;

--
-- Create foreign key
--
ALTER TABLE practiceschedule
ADD CONSTRAINT FK_practiceschedule_SchoolYearID FOREIGN KEY (SchoolYearID)
REFERENCES schoolyear (SchoolYearID) ON DELETE CASCADE ON UPDATE CASCADE;

--
-- Create foreign key
--
ALTER TABLE practiceschedule
ADD CONSTRAINT FK_practiceschedule_SemesterID FOREIGN KEY (SemesterID)
REFERENCES semester (SemesterID) ON DELETE CASCADE ON UPDATE CASCADE;

--
-- Create foreign key
--
ALTER TABLE practiceschedule
ADD CONSTRAINT FK_practiceschedule_TeacherID FOREIGN KEY (TeacherID)
REFERENCES teacher (TeacherID) ON DELETE CASCADE ON UPDATE CASCADE;

--
-- Create table `attendance`
--
CREATE TABLE attendance (
  AttendanceID char(36) NOT NULL,
  StudentID char(36) NOT NULL,
  StartTime datetime NOT NULL,
  EndTime datetime NOT NULL,
  Description varchar(255) DEFAULT NULL,
  CreatedDate date DEFAULT NULL,
  ModifiedDate date DEFAULT NULL,
  PracticeScheduleID char(36) NOT NULL,
  Status tinyint(4) NOT NULL DEFAULT 1 COMMENT 'Điểm danh (0 - vắng, 1 - đủ)',
  SubjectID char(36) NOT NULL,
  PracticeGroupID char(36) NOT NULL,
  PRIMARY KEY (AttendanceID)
)
ENGINE = INNODB,
AVG_ROW_LENGTH = 381,
CHARACTER SET utf8,
COLLATE utf8_general_ci,
COMMENT = 'Bảng điểm danh';

--
-- Create foreign key
--
ALTER TABLE attendance
ADD CONSTRAINT FK_Attendance_StudentID FOREIGN KEY (StudentID)
REFERENCES student (StudentID) ON DELETE CASCADE ON UPDATE CASCADE;

--
-- Create foreign key
--
ALTER TABLE attendance
ADD CONSTRAINT FK_attendance_PracticeGroupID FOREIGN KEY (PracticeGroupID)
REFERENCES practicegroup (PracticeGroupID) ON DELETE CASCADE ON UPDATE CASCADE;

--
-- Create foreign key
--
ALTER TABLE attendance
ADD CONSTRAINT FK_attendance_PracticeScheduleID FOREIGN KEY (PracticeScheduleID)
REFERENCES practiceschedule (PracticeScheduleID) ON DELETE CASCADE ON UPDATE CASCADE;

--
-- Create foreign key
--
ALTER TABLE attendance
ADD CONSTRAINT FK_attendance_SubjectID FOREIGN KEY (SubjectID)
REFERENCES subject (SubjectID) ON DELETE CASCADE ON UPDATE CASCADE;

--
-- Create table `practicallaboratoryregistration`
--
CREATE TABLE practicallaboratoryregistration (
  PraticalLaboratoryRegistrationID char(36) CHARACTER SET utf8 COLLATE utf8_general_ci NOT NULL COMMENT 'Khóa chính',
  PracticalLaboratoryCode varchar(20) CHARACTER SET utf8 COLLATE utf8_general_ci NOT NULL DEFAULT '' COMMENT 'Mã phòng THTN',
  PracticeShiftID char(36) CHARACTER SET utf8 COLLATE utf8_general_ci NOT NULL DEFAULT '' COMMENT 'Mã ca thực hành',
  RegistrationDate datetime NOT NULL COMMENT 'Ngày đăng ký',
  TeacherID char(36) CHARACTER SET utf8 COLLATE utf8_general_ci NOT NULL DEFAULT '' COMMENT 'Mã giáo viên',
  ModuleCode varchar(20) CHARACTER SET utf8 COLLATE utf8_general_ci NOT NULL DEFAULT '' COMMENT 'Mã học phần',
  PracticeGroupCode varchar(20) CHARACTER SET utf8 COLLATE utf8_general_ci NOT NULL DEFAULT '' COMMENT 'Mã nhóm thực hành',
  Status tinyint(4) NOT NULL DEFAULT 0 COMMENT 'Trạng thái (0 - chưa đăng ký, 1 - đang đăng ký, 2 - đã đăng ký)',
  CreatedDate datetime DEFAULT NULL,
  ModifiedDate datetime DEFAULT NULL,
  PRIMARY KEY (PraticalLaboratoryRegistrationID)
)
ENGINE = INNODB,
AVG_ROW_LENGTH = 327,
CHARACTER SET utf8mb4,
COLLATE utf8mb4_general_ci,
COMMENT = 'Bảng đăng ký phòng TNTH';

--
-- Create index `PracticalLaboratoryCode` on table `practicallaboratoryregistration`
--
ALTER TABLE practicallaboratoryregistration
ADD UNIQUE INDEX PracticalLaboratoryCode (PracticalLaboratoryCode);

--
-- Create foreign key
--
ALTER TABLE practicallaboratoryregistration
ADD CONSTRAINT FK_practicallaboratoryregistration_ModuleCode FOREIGN KEY (ModuleCode)
REFERENCES module (ModuleCode) ON DELETE CASCADE ON UPDATE CASCADE;

--
-- Create foreign key
--
ALTER TABLE practicallaboratoryregistration
ADD CONSTRAINT FK_practicallaboratoryregistration_PracticalLaboratoryCode FOREIGN KEY (PracticalLaboratoryCode)
REFERENCES practicallaboratory (PracticalLaboratoryCode) ON DELETE CASCADE ON UPDATE CASCADE;

--
-- Create foreign key
--
ALTER TABLE practicallaboratoryregistration
ADD CONSTRAINT FK_practicallaboratoryregistration_PracticeGroupCode FOREIGN KEY (PracticeGroupCode)
REFERENCES practicegroup (PracticeGroupCode) ON DELETE CASCADE ON UPDATE CASCADE;

--
-- Create foreign key
--
ALTER TABLE practicallaboratoryregistration
ADD CONSTRAINT FK_practicallaboratoryregistration_PracticeShiftID FOREIGN KEY (PracticeShiftID)
REFERENCES practiceshift (PracticeShiftID) ON DELETE CASCADE ON UPDATE CASCADE;

--
-- Create foreign key
--
ALTER TABLE practicallaboratoryregistration
ADD CONSTRAINT FK_practicallaboratoryregistration_TeacherID FOREIGN KEY (TeacherID)
REFERENCES teacher (TeacherID) ON DELETE CASCADE ON UPDATE CASCADE;

--
-- Create table `technicalstaff`
--
CREATE TABLE technicalstaff (
  TechnicalStaffID char(36) CHARACTER SET utf8 COLLATE utf8_general_ci NOT NULL COMMENT 'Khóa chính',
  FullName varchar(255) CHARACTER SET utf8 COLLATE utf8_general_ci NOT NULL DEFAULT '' COMMENT 'Tên cán bộ kỹ thuật',
  PhoneNumber varchar(12) CHARACTER SET utf8 COLLATE utf8_general_ci NOT NULL DEFAULT '' COMMENT 'Số điện thoại',
  Email varchar(255) CHARACTER SET utf8 COLLATE utf8_general_ci NOT NULL DEFAULT '' COMMENT 'email',
  CreatedDate datetime DEFAULT NULL COMMENT 'Ngày tạo',
  ModifiedDate datetime DEFAULT NULL COMMENT 'Ngày chỉnh sửa gần nhất',
  PRIMARY KEY (TechnicalStaffID)
)
ENGINE = INNODB,
AVG_ROW_LENGTH = 327,
CHARACTER SET utf8mb4,
COLLATE utf8mb4_general_ci,
COMMENT = 'Bảng cán bộ kỹ thuật';

--
-- Create table `maintainance`
--
CREATE TABLE maintainance (
  MaintainanceID char(36) CHARACTER SET utf8 COLLATE utf8_general_ci NOT NULL COMMENT 'Khóa chính',
  PracticalLaboratoryCode varchar(20) CHARACTER SET utf8 COLLATE utf8_general_ci NOT NULL DEFAULT '',
  StartedDate datetime DEFAULT NULL COMMENT 'Ngày bắt đầu',
  EndedDate datetime DEFAULT NULL COMMENT 'Ngày kết thúc',
  TechnicalStaffID char(36) CHARACTER SET utf8 COLLATE utf8_general_ci NOT NULL DEFAULT '' COMMENT 'Mã cán bộ kỹ thuật',
  CreatedDate datetime DEFAULT NULL COMMENT 'Ngày tạo',
  ModifiedDate datetime DEFAULT NULL ON UPDATE CURRENT_TIMESTAMP COMMENT 'Ngày chỉnh sửa gần nhất',
  PRIMARY KEY (MaintainanceID)
)
ENGINE = INNODB,
AVG_ROW_LENGTH = 327,
CHARACTER SET utf8mb4,
COLLATE utf8mb4_general_ci,
COMMENT = 'Bảng bảo trì';

--
-- Create foreign key
--
ALTER TABLE maintainance
ADD CONSTRAINT FK_maintainance_PracticalLaboratoryCode FOREIGN KEY (PracticalLaboratoryCode)
REFERENCES practicallaboratory (PracticalLaboratoryCode) ON DELETE CASCADE ON UPDATE CASCADE;

--
-- Create foreign key
--
ALTER TABLE maintainance
ADD CONSTRAINT FK_maintainance_TechnicalStaffID FOREIGN KEY (TechnicalStaffID)
REFERENCES technicalstaff (TechnicalStaffID) ON DELETE CASCADE ON UPDATE CASCADE;

--
-- Create table `permission`
--
CREATE TABLE permission (
  PermissionID char(36) NOT NULL COMMENT 'Khóa chính',
  PermissionName varchar(255) NOT NULL COMMENT 'Tên nhóm quyền',
  PRIMARY KEY (PermissionID)
)
ENGINE = INNODB,
AVG_ROW_LENGTH = 5461,
CHARACTER SET utf8,
COLLATE utf8_general_ci,
COMMENT = 'Bảng phân quyền';

DELIMITER $$

--
-- Create procedure `Proc_Getusers`
--
CREATE PROCEDURE Proc_Getusers ()
SQL SECURITY INVOKER
BEGIN
  SELECT
    u.UserID,
    u.UserName,
    u.PassWord,
    u.PermissionID,
    u.PhoneNumber,
    u.FullName,
    u.Email,
    p.PermissionName
  FROM user u
    LEFT JOIN permission p
      ON u.PermissionID = p.PermissionID
  ORDER BY u.CreatedDate DESC;
END
$$

--
-- Create procedure `Proc_GetuserById`
--
CREATE PROCEDURE Proc_GetuserById (IN UserID char(36))
SQL SECURITY INVOKER
BEGIN
  SELECT
    u.UserID,
    u.UserName,
    u.PassWord,
    u.PermissionID,
    u.PhoneNumber,
    u.FullName,
    u.Email,
    p.PermissionName
  FROM user u
    LEFT JOIN permission p
      ON u.PermissionID = p.PermissionID
  WHERE u.UserID = UserID;
END
$$

--
-- Create procedure `Proc_Getpermissions`
--
CREATE DEFINER = 'root'@'localhost'
PROCEDURE Proc_Getpermissions ()
BEGIN
  SELECT
    *
  FROM permission p;
END
$$

DELIMITER ;

--
-- Create table `user`
--
CREATE TABLE user (
  UserID char(36) NOT NULL COMMENT 'Khóa chính usre',
  UserName varchar(255) NOT NULL COMMENT 'Tên đăng nhập',
  PassWord varchar(20) NOT NULL COMMENT 'Mật khẩu',
  PermissionID char(36) NOT NULL COMMENT 'Khóa chính nhóm quyền',
  PhoneNumber varchar(50) NOT NULL COMMENT 'Số điện thoại',
  FullName varchar(255) NOT NULL COMMENT 'Họ tên',
  Email varchar(255) NOT NULL COMMENT 'Email',
  CreatedDate datetime DEFAULT NULL,
  ModifiedDate datetime DEFAULT NULL,
  PRIMARY KEY (UserID)
)
ENGINE = INNODB,
AVG_ROW_LENGTH = 5461,
CHARACTER SET utf8,
COLLATE utf8_general_ci,
COMMENT = 'Bảng tài khoản';

--
-- Create foreign key
--
ALTER TABLE user
ADD CONSTRAINT FK_user_PermissionID FOREIGN KEY (PermissionID)
REFERENCES permission (PermissionID) ON DELETE CASCADE ON UPDATE CASCADE;

DELIMITER $$

--
-- Create procedure `Proc_Updateuser`
--
CREATE PROCEDURE Proc_Updateuser (IN UserID char(36), IN UserName varchar(255), IN PassWord varchar(255), IN PermissionID char(36), IN FullName varchar(255), IN Email varchar(50), IN PhoneNumber varchar(255))
SQL SECURITY INVOKER
BEGIN
  UPDATE user u
  SET u.UserName = UserName,
      u.PassWord = PassWord,
      u.FullName = FullName,
      u.PhoneNumber = PhoneNumber,
      u.Email = Email,
      u.PermissionID = PermissionID,
      u.CreatedDate = NOW(),
      u.ModifiedDate = NOW()
  WHERE u.UserID = UserID;
END
$$

--
-- Create procedure `Proc_Updatesubject`
--
CREATE PROCEDURE Proc_Updatesubject (IN SubjectID char(36), IN SubjectName varchar(255))
SQL SECURITY INVOKER
BEGIN
  UPDATE subject s
  SET s.SubjectName = SubjectName,
      s.CreatedDate = NOW(),
      s.ModifiedDate = NOW()
  WHERE s.SubjectID = SubjectID;
END
$$

--
-- Create procedure `Proc_Updatemodule`
--
CREATE PROCEDURE Proc_Updatemodule (IN ModuleID char(36), IN ModuleCode varchar(20), IN ModuleName varchar(255), IN NumberOfModule float, IN Theory float, IN Practice float, IN BigExercise float, IN SubjectID char(36))
SQL SECURITY INVOKER
BEGIN
  UPDATE module m
  SET m.ModuleCode = ModuleCode,
      m.ModuleName = ModuleName,
      m.NumberOfModule = NumberOfModule,
      m.Theory = Theory,
      m.Practice = Practice,
      m.BigExercise = BigExercise,
      m.SubjectID = SubjectID,
      m.CreatedDate = NOW(),
      m.ModifiedDate = NOW()
  WHERE m.ModuleID = ModuleID;

END
$$

--
-- Create procedure `Proc_Insertuser`
--
CREATE DEFINER = 'root'@'localhost'
PROCEDURE Proc_Insertuser (IN UserName varchar(255), IN PassWord varchar(255), IN PermissionID char(36), IN FullName varchar(255), IN Email varchar(50), IN PhoneNumber varchar(255))
BEGIN
  INSERT INTO user (UserID, UserName, PassWord, PermissionID, FullName, PhoneNumber, Email, CreatedDate, ModifiedDate)
    VALUES (UUID(), UserName, PassWord, PermissionID, FullName, PhoneNumber, Email, NOW(), NOW());

END
$$

--
-- Create procedure `Proc_Insertsubject`
--
CREATE PROCEDURE Proc_Insertsubject (IN SubjectName varchar(255))
SQL SECURITY INVOKER
BEGIN
  INSERT INTO subject (SubjectID, SubjectName, CreatedDate, ModifiedDate)
    VALUES (UUID(), SubjectName, NOW(), NOW());

END
$$

--
-- Create procedure `Proc_Insertmodule`
--
CREATE PROCEDURE Proc_Insertmodule (IN ModuleCode varchar(20), IN ModuleName varchar(255), IN NumberOfModule float, IN Theory float, IN Practice float, IN BigExercise float, IN SubjectID char(36))
SQL SECURITY INVOKER
BEGIN
  INSERT INTO module (ModuleID, ModuleCode, ModuleName, NumberOfModule, Theory, Practice, BigExercise, SubjectID, CreatedDate, ModifiedDate)
    VALUES (UUID(), ModuleCode, ModuleName, NumberOfModule, Theory, Practice, BigExercise, SubjectID, NOW(), NOW());

END
$$

--
-- Create procedure `Proc_Getsubjects`
--
CREATE PROCEDURE Proc_Getsubjects ()
SQL SECURITY INVOKER
BEGIN
  SELECT
    *
  FROM subject s
  ORDER BY s.CreatedDate DESC;
END
$$

--
-- Create procedure `Proc_GetsubjectById`
--
CREATE PROCEDURE Proc_GetsubjectById (IN subjectId char(36))
SQL SECURITY INVOKER
BEGIN
  SELECT
    *
  FROM subject s
  WHERE s.SubjectID = subjectId;
END
$$

--
-- Create procedure `Proc_Getmodules`
--
CREATE PROCEDURE Proc_Getmodules ()
SQL SECURITY INVOKER
BEGIN
  SELECT
    m.ModuleID,
    m.ModuleCode,
    m.ModuleName,
    m.NumberOfModule,
    m.Theory,
    m.Practice,
    m.BigExercise,
    m.SubjectID,
    m.CreatedDate,
    m.ModifiedDate,
    s.SubjectName
  FROM module m
    LEFT JOIN subject s
      ON m.SubjectID = s.SubjectID
  ORDER BY m.CreatedDate DESC;
END
$$

--
-- Create procedure `Proc_GetmoduleById`
--
CREATE PROCEDURE Proc_GetmoduleById (IN moduleId char(36))
SQL SECURITY INVOKER
BEGIN
  SELECT
    m.ModuleID,
    m.ModuleCode,
    m.ModuleName,
    m.NumberOfModule,
    m.Theory,
    m.Practice,
    m.BigExercise,
    m.SubjectID,
    m.CreatedDate,
    m.ModifiedDate,
    s.SubjectName
  FROM module m
    LEFT JOIN subject s
      ON m.SubjectID = s.SubjectID
  WHERE m.ModuleID = moduleId
  ORDER BY m.CreatedDate OR m.ModifiedDate DESC;
END
$$

--
-- Create procedure `Proc_Deleteuser`
--
CREATE PROCEDURE Proc_Deleteuser (IN UserID char(36))
SQL SECURITY INVOKER
BEGIN
  DELETE
    FROM user
  WHERE USER.UserID = UserID;
END
$$

--
-- Create procedure `Proc_Deletesubject`
--
CREATE PROCEDURE Proc_Deletesubject (IN subjectId char(36))
SQL SECURITY INVOKER
BEGIN
  DELETE
    FROM subject
  WHERE SUBJECT.SubjectID = subjectId;

END
$$

--
-- Create procedure `Proc_Deletemodule`
--
CREATE PROCEDURE Proc_Deletemodule (IN moduleId char(36))
SQL SECURITY INVOKER
BEGIN
  DELETE
    FROM module
  WHERE MODULE.ModuleID = moduleId;

END
$$

DELIMITER ;

-- 
-- Dumping data for table ology
--
INSERT INTO ology VALUES
('13316ad8-4c06-2f96-dfcb-05dee64e6cc0', 'Gumbert Berger', '2018-06-05 15:19:26', '1990-08-18 21:53:29'),
('154d2cf8-3b5b-5c65-c480-872c02b7d2a6', 'Waldfried Fischnaller', '1970-01-01 00:37:23', '1997-03-21 21:42:30'),
('17534976-490f-5ca8-aac7-b3346301782e', 'Anarhea Totleben', '2002-07-29 04:10:08', NULL),
('1dad0c5a-667e-582d-937c-35837e69de14', 'Birklinde Feuchtwanger', '1999-12-09 04:36:46', NULL),
('206e60ef-7ded-3138-c880-872c02b7d2a6', 'Veltin Meissner', '1983-09-29 12:52:07', '2019-01-21 15:10:19'),
('21278ebe-4b84-3c69-9eff-6cd56556278e', 'Racine Krause', NULL, '1976-05-17 16:05:22'),
('2274e462-715a-41cc-2c40-483f16f4f2f6', 'Seraphinus Franz', '1970-01-01 00:00:06', '1984-02-17 22:54:39'),
('238671a0-30fa-5360-8286-fecdbcc4765c', 'Idabella einhold', '2011-03-04 10:56:04', '1973-07-10 02:29:56'),
('2572fee6-2cdf-2670-adc7-b3346301782e', 'Florin Kopf', '1970-01-01 00:00:10', '1970-01-01 00:01:32'),
('25f8b060-4e63-5a53-85b4-ee2381be8d74', 'Feline chiefer', '2004-08-10 14:20:34', '2020-03-26 06:43:51'),
('27ef901c-2feb-20ed-decb-05dee64e6cc0', 'Joko Grossmann', '2002-12-09 07:42:56', '2002-02-14 12:09:02'),
('2d2a8fe1-1f19-2b7c-83b4-ee2381be8d74', 'Tanaja Dahrendorf', '2001-01-05 05:32:04', '1970-01-01 00:00:07'),
('2f8460ed-3d3d-4ebb-6a3b-801cd82cdd42', 'Rudger ailer', '1987-07-30 01:53:28', '2015-09-27 07:26:48'),
('2fbea47e-55c2-27aa-c780-872c02b7d2a6', 'Normanicus Tischbein', '1987-02-06 21:28:44', '1970-01-01 00:00:06'),
('301f501a-4778-1a33-2d40-483f16f4f2f6', 'Galatus Manstein', '1998-03-31 22:01:47', '1970-01-01 00:43:52'),
('31bdd7b0-51ae-1dc1-e0cb-05dee64e6cc0', 'Doris Leist', '2006-09-11 00:07:15', '1973-10-08 23:44:24'),
('3302d55d-758b-1ad7-927c-35837e69de14', 'Patrizius Zuckermann', '2005-06-12 11:05:57', '1980-04-09 18:01:40'),
('3425fa64-1158-6c2a-947c-35837e69de14', 'Clea Tausch', '1970-01-01 01:53:56', '2011-02-04 02:39:26'),
('3453b47e-352e-6076-987c-35837e69de14', 'Josephina Melzer', NULL, '2007-06-25 02:07:51'),
('34b55562-222d-6919-e2cb-05dee64e6cc0', 'Menowin Koch', '1970-11-03 20:51:01', '2021-01-03 16:44:56'),
('37c0c9e4-178f-574a-e1cb-05dee64e6cc0', 'Avera  Wentzel', '1970-01-01 00:08:19', '1981-10-08 17:13:34'),
('38cc7c40-177d-388c-8486-fecdbcc4765c', 'Leni Gartung', '1980-12-05 22:46:15', '1970-01-01 00:12:25'),
('39fbf646-5181-76ce-aec7-b3346301782e', 'Gunther chulze', '1970-01-01 00:01:05', '1970-01-01 00:00:08'),
('3a01f5bb-5dbd-721c-abc7-b3346301782e', 'Siegmar Laub', '1970-01-01 00:01:03', '1970-01-01 00:01:28'),
('3a02094a-64fe-51d3-2a40-483f16f4f2f6', 'Kallistus Dahrendorf', '1986-02-02 21:07:38', '1997-10-30 22:43:48'),
('3ba5bdd4-158a-55c7-2b40-483f16f4f2f6', 'Polykarp Zeisel', '1999-02-24 09:01:44', '1970-01-01 01:55:50'),
('3c70ea1c-7c07-37a4-b0c7-b3346301782e', 'Christel Altmann', NULL, '1970-01-01 01:42:44'),
('40982e50-6653-1215-15f5-c98d315c59dd', 'Beda  flüger', '2014-07-02 10:56:02', NULL),
('422b843f-70b6-2496-693b-801cd82cdd42', 'Fynnia Albrecht', '1994-02-08 20:51:42', '1970-01-01 00:51:03'),
('4295d2c7-36a1-572f-683b-801cd82cdd42', 'Finjus Laufer', '1970-01-01 00:01:04', '2009-02-07 17:36:38'),
('43c7434e-2223-2d1e-957c-35837e69de14', 'Piara aul', '2012-02-16 12:04:31', '1992-07-18 03:51:59'),
('442627f5-7b31-2e48-16f5-c98d315c59dd', 'Bassel  Krenz', '1988-01-29 18:58:15', '2003-07-24 16:46:12'),
('449281ed-7f3b-2d3d-acc7-b3346301782e', 'Olivera Ditmar', '2007-02-26 17:49:02', '1976-09-01 06:49:09'),
('470dd012-7886-75fc-8186-fecdbcc4765c', 'Gundekar Fischer', '1972-12-20 03:41:57', '2016-10-15 16:09:40'),
('48f7fb81-6e0b-64b3-6b3b-801cd82cdd42', 'Eckhard Stumpf', NULL, '2011-02-02 12:25:55'),
('4b01e1a4-7f03-1843-9dff-6cd56556278e', 'Balduin  Kleinermann', '1970-01-01 00:01:27', '1981-04-13 13:17:08'),
('4bf555c0-58ad-53b4-c680-872c02b7d2a6', 'Adelisa  Klassen', '2000-01-25 17:16:53', '1972-01-31 00:27:00'),
('52ae6322-7e3e-5d41-17f5-c98d315c59dd', 'Ianthe Brenner', '1978-03-12 06:03:32', '1986-09-13 08:46:29'),
('57f54b26-76af-319c-9bff-6cd56556278e', 'Placidus Kurz', '1971-12-03 15:06:46', NULL),
('5e04a759-60c4-52ae-9cff-6cd56556278e', 'Thoran König', '1994-12-31 01:58:44', '1998-11-19 06:18:13'),
('624de811-5a7c-5695-6c3b-801cd82cdd42', 'Castiel Klinger', '2013-07-26 14:07:14', '1989-07-18 01:43:43'),
('69232a05-18ad-5bcc-afc7-b3346301782e', 'Andrika Danziger', '1981-10-14 18:15:46', '1980-04-15 09:41:10'),
('6f11e617-1860-1eac-c980-872c02b7d2a6', 'Linux Altmann', '1970-01-01 00:06:20', '2002-06-17 03:13:04'),
('711510bd-606e-7b68-ddcb-05dee64e6cc0', 'Dietreich Brunner', '1970-01-01 00:09:06', '1976-03-27 20:01:14'),
('730389ab-20c5-7969-8386-fecdbcc4765c', 'Naema Drews', '1970-01-01 01:21:22', '1970-01-01 00:32:03'),
('74601f7a-1529-6bab-977c-35837e69de14', 'Nena Drechsler', '2005-03-20 04:18:22', '1978-02-02 14:10:42'),
('7848a399-664c-4cf0-c580-872c02b7d2a6', 'Jamira Laufer', '1970-01-01 00:00:02', NULL),
('78e5aa99-408c-3422-ca80-872c02b7d2a6', 'Hertha Jost', NULL, '1992-09-19 12:49:52'),
('7b84ac41-6fa7-7a30-84b4-ee2381be8d74', 'Baldo  Möbius', '1991-11-03 05:44:05', '1970-01-01 00:15:10'),
('7d068934-72d3-5e32-967c-35837e69de14', 'Dewin Imhof', '1976-01-29 20:17:22', '1970-01-01 00:08:08');

-- 
-- Dumping data for table subject
--
INSERT INTO subject VALUES
('128131da-6c14-137a-9df6-c5161989a451', 'Thede', NULL, '1976-03-18 20:15:51'),
('1289dfbc-6f72-491d-7fba-f13ad74eb1e6', 'Lukian', NULL, NULL),
('153b0139-64d0-46b6-86fd-5df4fd824cb1', 'Clodomer', '1999-06-30 13:38:02', '1970-01-01 00:15:30'),
('1651152a-3050-64cf-1df6-33f91a5c4469', 'Elayla', '2001-12-21 16:42:21', '1970-01-01 00:01:01'),
('16560e4a-7d2b-7510-22fa-3a13575a692a', 'Landulf', NULL, '2006-05-13 21:05:17'),
('177fb324-4faf-60b4-19f6-33f91a5c4469', 'Ehrentraud', '1970-01-01 00:02:21', '1980-05-11 16:13:59'),
('1bb2a619-74a2-7994-80ab-476534f10a38', 'Dorabella', '1970-01-01 00:00:03', '1986-03-19 11:35:20'),
('1de270c2-21d9-6bac-06af-bc6172c2cf10', 'Cecibel', '1970-01-01 00:03:13', NULL),
('2010c0d0-27a9-34a1-9d48-dca5e21ae6ca', 'Lieas', NULL, '1970-01-01 00:58:21'),
('2094ddfb-4ba5-4990-07af-bc6172c2cf10', 'Hanne', '2006-07-15 02:48:49', '1970-01-01 00:00:13'),
('2160a9ca-74d9-6429-656f-7389f2b617cd', 'Benn', '2011-09-09 20:09:25', '2004-11-26 05:08:38'),
('231038f6-3d22-2cf9-1bf6-33f91a5c4469', 'Abeline ', '1976-04-22 13:00:19', '1971-05-09 03:08:59'),
('253bdb4a-3ce3-3cd3-85fd-5df4fd824cb1', 'Xander', '2021-08-20 13:42:09', '1980-02-29 20:14:47'),
('25b78a62-529c-424b-9bf6-c5161989a451', 'Madleen', '1996-04-27 13:00:50', '1983-08-21 04:09:17'),
('25e65817-44ab-3533-7eba-f13ad74eb1e6', 'Parsifal', '1974-08-14 05:19:40', '1993-03-19 22:05:04'),
('28c83ad9-5567-3f95-20fa-3a13575a692a', 'Camy', '1979-03-02 04:07:12', '2011-12-24 16:25:52'),
('2ff29c82-5e18-3d08-98f6-c5161989a451', 'Pit', '1984-02-16 20:06:40', '2008-06-05 19:01:30'),
('33f13f23-25b6-48d2-1ffa-3a13575a692a', 'Odowakar', '1970-01-01 00:03:45', '1991-06-27 20:36:43'),
('354eb03e-53cc-1a96-696f-7389f2b617cd', 'Perez', '1993-02-25 04:48:35', '1988-03-23 11:23:40'),
('38a926be-331d-2a02-82ab-476534f10a38', 'Kriemhilde', '1970-01-01 02:08:22', '1970-01-01 00:01:04'),
('38efe7b6-6d96-64a0-7fab-476534f10a38', 'Brünhild', '1975-07-06 23:52:33', '1990-12-11 20:10:03'),
('3ab243c8-71b2-763b-7bba-f13ad74eb1e6', 'Cathrina', '2015-08-16 15:31:55', '2002-10-24 00:47:37'),
('3ab47389-604a-5e31-3241-b2aafff3dd82', 'Ska', '1982-06-29 14:47:50', '2006-12-21 09:38:32'),
('3bf81e47-1d82-1938-81ab-476534f10a38', 'Adine ', '1998-04-27 07:54:58', '1982-04-25 00:06:29'),
('3e6da6c4-15f2-54a6-09af-bc6172c2cf10', 'Hildburg', '2019-03-04 07:13:43', '2012-03-26 16:34:33'),
('3efcce93-32db-642d-676f-7389f2b617cd', 'Ilse', '2000-04-01 02:29:54', '1982-04-14 04:53:24'),
('4377c63c-51bb-55c4-3141-b2aafff3dd82', 'Odetta', '2000-06-22 23:11:23', '2010-11-28 03:13:25'),
('43fcabf5-19b3-578f-1cf6-33f91a5c4469', 'Katina', '1970-01-01 00:29:50', '2011-12-17 13:34:05'),
('450c7688-1c3e-6006-9c48-dca5e21ae6ca', 'Abby ', '1970-01-01 02:42:21', '1970-01-01 00:00:10'),
('45f01e8d-4b4f-5b54-9e48-dca5e21ae6ca', 'Joane', '1970-01-01 00:00:09', '1997-01-17 00:28:43'),
('4673385d-4a73-1a94-9af6-c5161989a451', 'Bennit', '1970-01-01 00:01:18', '1975-10-08 15:04:01'),
('47384887-76ca-1303-21fa-3a13575a692a', 'Balte ', '1970-01-01 00:01:23', '1986-01-20 20:48:49'),
('4a659997-6b2b-22bc-83ab-476534f10a38', 'Iduna', '2012-04-30 16:55:28', '1989-03-08 21:09:32'),
('4b754244-3a57-7d0a-3641-b2aafff3dd82', 'Dareen', NULL, '2001-11-18 20:19:12'),
('51a06650-1b0b-7ceb-7aba-f13ad74eb1e6', 'Richart', '1970-01-01 00:07:28', '1983-11-05 14:32:12'),
('527ba4f8-7308-3b9e-84fd-5df4fd824cb1', 'Hellfried', '1970-01-01 00:32:42', '2021-04-19 18:32:43'),
('57678761-6952-2fd0-0aaf-bc6172c2cf10', 'Siglinde', '1970-01-01 00:00:05', '2021-05-14 12:44:52'),
('577ccc41-6a96-524d-3341-b2aafff3dd82', 'Madlen', '1970-01-01 01:29:14', '2013-05-31 04:04:55'),
('5b56a2fe-34b1-3cb8-23fa-3a13575a692a', 'Oktavus', '2013-11-21 20:45:12', '2003-01-23 07:30:09'),
('5ba6f651-1493-165e-3541-b2aafff3dd82', 'Thoran', '1970-01-01 00:00:10', '1985-06-23 09:38:34'),
('5ce356b0-7e2c-6b27-7dba-f13ad74eb1e6', 'Bernhardin', '2017-01-20 19:45:45', NULL),
('5e95c08f-7a1a-4cd5-666f-7389f2b617cd', 'Notger', '2003-04-14 22:49:20', '2007-04-19 12:49:38'),
('5fdd1b7d-558c-223b-686f-7389f2b617cd', 'Adelisa ', '1998-07-28 03:24:58', '1970-01-01 00:01:57'),
('625581b0-65c3-204b-08af-bc6172c2cf10', 'Tobi', '1970-12-05 12:59:25', '2020-11-02 21:02:30'),
('692ab284-1320-611e-84ab-476534f10a38', 'Candie', '1995-03-25 01:09:25', '1990-06-27 00:53:41'),
('6b6a4c33-5b8f-2852-3441-b2aafff3dd82', 'Childerich', '1994-01-03 06:02:07', '1994-09-24 15:09:37'),
('6e8abf33-27e5-25ce-1af6-33f91a5c4469', 'Leeanne', '2004-03-26 10:15:36', NULL),
('7d5f0e64-40c2-3d26-7cba-f13ad74eb1e6', 'Walpurga', '1974-11-20 04:37:32', NULL),
('7dd07f61-79aa-65b9-99f6-c5161989a451', 'Cedrella', '2006-02-03 16:21:38', '1983-10-02 11:05:06'),
('7f95fa10-6133-5ac6-9cf6-c5161989a451', 'Ravissa', '1992-12-28 21:54:18', '1970-01-01 02:22:38');

-- 
-- Dumping data for table semester
--
INSERT INTO semester VALUES
('3ef08788-4f37-781e-5a44-fdef82b41d42', 'Kỳ phụ 1', '1970-01-01 00:00:02', '1970-01-01 00:00:10'),
('60fab728-7aa7-21c3-ce84-fd5984725e29', 'Kỳ 2', '1970-01-01 00:00:45', '2012-01-31 23:14:05'),
('64461d88-7e6b-5423-c300-73728ad2d17f', 'kỳ phụ 2', '1971-01-01 13:07:10', '1993-09-20 05:47:48'),
('724cda7e-3e73-6365-b639-7fa89fdac40f', 'Kỳ 1', '2015-06-22 08:21:19', '1990-09-07 00:39:35');

-- 
-- Dumping data for table schoolyear
--
INSERT INTO schoolyear VALUES
('22c69f81-421f-5ff9-690e-a301df02d928', ' Năm 2017-2021 ', '1970-01-01 00:14:55', '1970-01-01 00:00:37'),
('456df03c-703b-5ff2-680e-a301df02d928', ' Năm 2019-2023', '1970-01-01 00:00:09', '2016-05-01 23:40:39'),
('498d18a7-5242-6712-59b5-dbdeded26587', 'Năm 2018-2022 ', '1978-07-13 12:48:12', '1996-03-28 06:16:01'),
('517f7b20-603a-53f2-50c3-2450fa6a3f0f', ' Năm 2016-2020', '1970-01-01 00:01:25', '1977-10-21 05:42:30');

-- 
-- Dumping data for table module
--
INSERT INTO module VALUES
('112424cc-2810-12c6-7cb4-543cf3233de1', 'HP-584585', 'Supceivra', 8, 2, 1, 3, '7d5f0e64-40c2-3d26-7cba-f13ad74eb1e6', NULL, '2020-11-04 22:55:16'),
('13c492fe-4b42-7df4-95ff-d2edd7bbd6fa', 'HP-916502', 'Relictar', 3, 4, 3, 1, '177fb324-4faf-60b4-19f6-33f91a5c4469', '2011-09-18 15:55:24', '2006-03-08 03:17:25'),
('15b5376b-5db1-288a-125c-ff75122d2991', 'HP-789173', 'Tabwooflet', 8, 1, 1, 2, '28c83ad9-5567-3f95-20fa-3a13575a692a', '2003-06-03 08:36:36', '2008-04-10 03:35:10'),
('16267247-7d7f-2c58-fb10-81c42d958f77', 'HP-754109', 'Cartcessewer', 4, 4, 3, 2, '2160a9ca-74d9-6429-656f-7389f2b617cd', '1970-01-01 00:01:21', '1970-01-01 00:00:04'),
('1ba1320a-5a87-2d48-97ff-d2edd7bbd6fa', 'HP-642617', 'Armwoofepator', 2, 2, 3, 6, '153b0139-64d0-46b6-86fd-5df4fd824cb1', '1991-08-02 04:31:37', '1973-07-15 04:50:24'),
('1bc8eb53-2210-26e1-96ff-d2edd7bbd6fa', 'HP-455625', 'Retopgary', 7, 4, 3, 6, '6b6a4c33-5b8f-2852-3441-b2aafff3dd82', '1970-02-04 08:58:29', '1977-08-15 22:21:00'),
('1fb8049b-42f1-73b8-80b4-543cf3233de1', 'HP-522861', 'Tabniry', 5, 3, 3, 3, '7dd07f61-79aa-65b9-99f6-c5161989a451', '1970-01-01 00:00:10', '2006-09-07 22:51:34'),
('223a95f8-69c3-120f-0722-6d00901b693d', 'HP-281994', 'Mictellar', 2, 1, 2, 5, '1651152a-3050-64cf-1df6-33f91a5c4469', NULL, '1989-12-04 21:04:33'),
('227bb43c-1eaa-5726-b282-1b8b8623dfb6', 'HP-497402', 'Proceivor', 7, 1, 3, 5, '3ab243c8-71b2-763b-7bba-f13ad74eb1e6', '2009-06-03 00:54:33', '2009-07-19 15:48:09'),
('263278e1-740e-5ad0-236d-ebb174b30257', 'HP-009505', 'Micholdphone', 2, 2, 1, 1, '51a06650-1b0b-7ceb-7aba-f13ad74eb1e6', '2005-10-17 00:48:45', '1970-01-01 00:00:07'),
('265c84f7-2fb8-3d6a-94ff-d2edd7bbd6fa', 'HP-980882', 'Reteller', 7, 1, 2, 8, '354eb03e-53cc-1a96-696f-7389f2b617cd', '1978-11-21 20:30:08', '1986-09-02 02:04:25'),
('2b570d7f-7632-3c3a-246d-ebb174b30257', 'HP-543501', 'Tabtaaquor', 4, 3, 2, 3, '2160a9ca-74d9-6429-656f-7389f2b617cd', '1987-06-30 11:22:48', '2019-01-31 10:36:48'),
('2be19e16-23ef-2af2-93ff-d2edd7bbd6fa', 'HP-332588', 'Tabputridge', 6, 4, 2, 5, '1bb2a619-74a2-7994-80ab-476534f10a38', '1970-01-01 00:00:11', NULL),
('2d1cbb83-6539-4e94-f910-81c42d958f77', 'HP-718963', 'Anlicter', 7, 5, 3, 5, '625581b0-65c3-204b-08af-bc6172c2cf10', '2001-04-17 16:13:44', '1987-04-05 23:09:11'),
('2feb5322-5141-4fa1-9a37-9dd9a18b459d', 'HP-229678', 'Anwoofscope', 5, 4, 3, 6, '6b6a4c33-5b8f-2852-3441-b2aafff3dd82', '1970-01-01 00:00:03', '1982-11-09 03:43:55'),
('323d0b5f-475d-44ae-0b22-6d00901b693d', 'HP-616759', 'Suptaor', 8, 5, 2, 3, '7dd07f61-79aa-65b9-99f6-c5161989a451', '2017-08-08 16:18:36', '1970-01-01 02:45:14'),
('33378eba-4fc8-4506-216d-ebb174b30257', 'HP-469188', 'Cleanculer', 6, 3, 1, 5, '1289dfbc-6f72-491d-7fba-f13ad74eb1e6', '1980-07-15 05:47:30', '1970-01-01 00:00:09'),
('36367cb7-6946-25a9-3d88-b0b9ae204823', 'HP-856517', 'Printtiner', 1, 5, 1, 6, '6b6a4c33-5b8f-2852-3441-b2aafff3dd82', '1978-10-12 10:00:17', '1981-02-26 14:40:02'),
('37f249b9-3399-5b07-7db4-543cf3233de1', 'HP-234542', 'Monoculimry', 2, 5, 1, 3, '6e8abf33-27e5-25ce-1af6-33f91a5c4469', '2002-01-28 04:14:10', '1970-01-01 00:01:15'),
('3bdff58c-238a-7ef6-fa10-81c42d958f77', 'HP-127704', 'Playholdator', 6, 1, 2, 1, '3bf81e47-1d82-1938-81ab-476534f10a38', '1989-12-29 20:55:57', '2017-11-13 04:20:18'),
('3c91224b-4b43-19fd-9e37-9dd9a18b459d', 'HP-122337', 'Cablifiaquer', 5, 2, 2, 8, '5b56a2fe-34b1-3cb8-23fa-3a13575a692a', '1970-01-01 00:51:55', '1997-05-30 18:07:52'),
('4153b766-36d4-3006-b682-1b8b8623dfb6', 'HP-262247', 'Tabcordicphone', 5, 1, 1, 8, '4b754244-3a57-7d0a-3641-b2aafff3dd82', '2007-10-28 04:18:53', NULL),
('43bc1ae0-4075-2d7a-1f6d-ebb174b30257', 'HP-011438', 'Transniollor', 5, 4, 1, 8, '6e8abf33-27e5-25ce-1af6-33f91a5c4469', '1970-01-01 00:54:29', '1996-12-03 08:06:47'),
('4510f06c-76db-2fbf-b582-1b8b8623dfb6', 'HP-222294', 'Cabcorder', 5, 2, 2, 8, '2ff29c82-5e18-3d08-98f6-c5161989a451', '1970-01-01 00:09:46', '2004-06-08 01:10:06'),
('466f5d13-7cb0-2c1d-243d-3208ca88ae09', 'HP-965545', 'Biculry', 7, 1, 3, 7, '253bdb4a-3ce3-3cd3-85fd-5df4fd824cb1', '1996-12-26 23:11:37', '2010-08-14 10:40:39'),
('4877d27b-325f-4a38-9c37-9dd9a18b459d', 'HP-733325', 'Supputphone', 2, 5, 1, 3, '253bdb4a-3ce3-3cd3-85fd-5df4fd824cb1', '1970-01-01 00:11:45', '2012-08-08 23:25:02'),
('48c65f94-7434-2fea-3c88-b0b9ae204823', 'HP-890131', 'Promuton', 1, 1, 1, 3, '625581b0-65c3-204b-08af-bc6172c2cf10', '1970-01-01 00:00:02', NULL),
('49dfefe9-41d5-7431-155c-ff75122d2991', 'HP-466752', 'Armplottletridge', 5, 4, 3, 2, '2160a9ca-74d9-6429-656f-7389f2b617cd', NULL, NULL),
('4daf2c6b-1ddc-1d46-81b4-543cf3233de1', 'HP-241596', 'Mictinadon', 6, 5, 2, 4, '5b56a2fe-34b1-3cb8-23fa-3a13575a692a', '1992-05-28 17:12:36', '1977-11-24 00:18:18'),
('5264d9a0-3bcf-768b-7eb4-543cf3233de1', 'HP-974664', 'Charholdpler', 1, 1, 2, 8, '231038f6-3d22-2cf9-1bf6-33f91a5c4469', NULL, '1978-08-28 01:24:19'),
('5362287e-553d-2692-9837-9dd9a18b459d', 'HP-558530', 'Cleanputon', 3, 4, 3, 5, '28c83ad9-5567-3f95-20fa-3a13575a692a', '1977-12-15 17:01:40', '1980-07-30 08:04:12'),
('5a17d105-5636-5605-9d37-9dd9a18b459d', 'HP-217637', 'Monolicter', 1, 3, 1, 5, '43fcabf5-19b3-578f-1cf6-33f91a5c4469', '1993-12-13 15:17:40', '1984-08-23 10:34:39'),
('5a3bacb6-51d5-22bb-b182-1b8b8623dfb6', 'HP-994745', 'Tabwoofphone', 7, 5, 2, 4, '1de270c2-21d9-6bac-06af-bc6172c2cf10', '2019-03-31 03:36:51', '1970-01-01 00:00:07'),
('5d52122d-3d31-6bf6-0822-6d00901b693d', 'HP-245615', 'Speakcordor', 8, 5, 2, 1, '4a659997-6b2b-22bc-83ab-476534f10a38', '1978-10-15 13:21:45', '2005-03-10 04:28:04'),
('5d5a14eb-1dfa-1a5b-7fb4-543cf3233de1', 'HP-018610', 'Teteller', 5, 4, 3, 5, '5ba6f651-1493-165e-3541-b2aafff3dd82', '1970-01-01 00:00:06', '1970-01-01 00:00:53'),
('5fd1403d-6404-706e-135c-ff75122d2991', 'HP-858779', 'Stereoholdfira', 3, 2, 2, 4, '177fb324-4faf-60b4-19f6-33f91a5c4469', '1994-02-24 01:04:25', '2015-01-23 03:29:22'),
('611f84a1-429e-1c2d-91ff-d2edd7bbd6fa', 'HP-975693', 'Tweetholdar', 1, 4, 3, 3, '3bf81e47-1d82-1938-81ab-476534f10a38', '2000-11-02 03:02:30', '1970-01-01 00:00:41'),
('65044b7e-508b-3730-9b37-9dd9a18b459d', 'HP-830834', 'Supcorder', 6, 1, 1, 7, '3ab47389-604a-5e31-3241-b2aafff3dd82', '1995-12-10 10:11:46', '1970-01-01 00:06:02'),
('675e33aa-1fc5-6d1e-fc10-81c42d958f77', 'HP-275289', 'Comtectedgridge', 4, 1, 2, 5, '231038f6-3d22-2cf9-1bf6-33f91a5c4469', '1970-01-01 00:00:06', '1994-01-18 09:54:31'),
('699ab6db-4553-6a93-206d-ebb174b30257', 'HP-035056', 'Comcorder', 8, 3, 1, 4, '527ba4f8-7308-3b9e-84fd-5df4fd824cb1', NULL, '2002-02-02 17:10:56'),
('6cf1f8db-32a5-5a4f-b382-1b8b8623dfb6', 'HP-965783', 'Tabniscope', 6, 2, 2, 7, '253bdb4a-3ce3-3cd3-85fd-5df4fd824cb1', '2002-07-23 18:32:47', '1970-01-01 01:11:44'),
('70788815-6dd2-67e4-f810-81c42d958f77', 'HP-623867', 'Telictupphone', 7, 5, 3, 6, '38efe7b6-6d96-64a0-7fab-476534f10a38', '1982-03-20 19:18:18', '1971-02-08 23:12:02'),
('726b7918-3aac-4f65-92ff-d2edd7bbd6fa', 'HP-590254', 'Armlififiator', 3, 4, 1, 4, '177fb324-4faf-60b4-19f6-33f91a5c4469', '1970-01-01 01:33:28', '2018-03-24 20:51:42'),
('741e2d8f-5b59-3993-9937-9dd9a18b459d', 'HP-075682', 'Supputommar', 4, 1, 3, 8, '51a06650-1b0b-7ceb-7aba-f13ad74eb1e6', '1970-01-01 00:07:34', '1970-01-01 00:01:03'),
('74de2e75-78de-7b73-0922-6d00901b693d', 'HP-668357', 'Tabjecter', 4, 1, 2, 2, '1de270c2-21d9-6bac-06af-bc6172c2cf10', '2001-06-17 12:20:03', '1970-01-01 00:12:05'),
('7665bc80-5299-2c7f-115c-ff75122d2991', 'HP-024057', 'Tabtiner', 7, 4, 2, 2, '2010c0d0-27a9-34a1-9d48-dca5e21ae6ca', '1970-01-01 00:16:28', '1973-10-23 18:17:53'),
('792768d5-4838-2de1-145c-ff75122d2991', 'HP-934011', 'Monotaaquon', 3, 3, 1, 2, '128131da-6c14-137a-9df6-c5161989a451', '1990-06-07 01:24:41', '1970-01-01 00:13:02'),
('7aa0d2fc-7919-2632-226d-ebb174b30257', 'HP-995413', 'Cartfindon', 2, 2, 2, 5, '51a06650-1b0b-7ceb-7aba-f13ad74eb1e6', '2000-12-03 19:36:18', NULL),
('7cd42b3f-4c33-2699-0a22-6d00901b693d', 'HP-970655', 'Subputer', 5, 2, 3, 6, '354eb03e-53cc-1a96-696f-7389f2b617cd', '2021-09-28 10:54:53', '2011-06-09 21:30:39'),
('7d5fa9e4-3244-5df0-b482-1b8b8623dfb6', 'HP-714956', 'Tabcessor', 8, 4, 1, 8, '1de270c2-21d9-6bac-06af-bc6172c2cf10', '1978-10-19 23:42:38', '2007-03-27 00:54:49');

-- 
-- Dumping data for table majors
--
INSERT INTO majors VALUES
('13d0dbbe-3117-4edc-c3c6-d72f24192909', 'MH-729499', 'Speaktinicer', '4b01e1a4-7f03-1843-9dff-6cd56556278e', '2021-04-02 12:20:24', '1970-01-01 01:14:06'),
('13e8fc3d-5d5f-34d7-acb3-cad96b318fc3', 'MH-781682', 'Supleentor', '470dd012-7886-75fc-8186-fecdbcc4765c', '2011-06-18 23:13:18', '1992-07-01 12:26:57'),
('15526762-21e9-2b75-dc11-56e108b1c222', 'MH-203070', 'Confindefer', '238671a0-30fa-5360-8286-fecdbcc4765c', '1970-01-01 00:01:08', '2004-05-25 18:22:47'),
('1d0abbf4-25e1-52a8-f563-8a7ba31d9960', 'MH-563947', 'Tweetcorderor', '7d068934-72d3-5e32-967c-35837e69de14', '1973-08-08 14:25:38', '1997-09-10 13:11:19'),
('1dbfb5d7-443b-64f9-3d97-c414fa26c3e6', 'MH-113394', 'Readwoofscope', '3425fa64-1158-6c2a-947c-35837e69de14', '1990-07-18 12:51:16', '1988-08-18 09:04:27'),
('1e7e748b-3649-7599-f663-8a7ba31d9960', 'MH-696000', 'Protaer', '4295d2c7-36a1-572f-683b-801cd82cdd42', '1983-09-30 16:35:13', '1970-01-01 00:00:02'),
('1fc853bd-2cd7-7198-264c-4663158f29cd', 'MH-358690', 'Transwoofimar', '7d068934-72d3-5e32-967c-35837e69de14', '1970-01-01 00:01:35', '1970-01-01 01:16:14'),
('1fce4390-472e-4a78-9468-4c288799f5a9', 'MH-784782', 'Carttellerlet', '3a01f5bb-5dbd-721c-abc7-b3346301782e', NULL, '1971-12-23 07:11:07'),
('21d97f61-513d-59dc-abb3-cad96b318fc3', 'MH-598210', 'Cartnieder', '2d2a8fe1-1f19-2b7c-83b4-ee2381be8d74', '2005-08-15 08:38:31', '2006-03-01 12:43:23'),
('22427d80-6fcd-14d0-c6c6-d72f24192909', 'MH-005114', 'Biculphone', '4295d2c7-36a1-572f-683b-801cd82cdd42', '1970-01-01 00:01:24', '2017-10-23 15:15:55'),
('2319eaf6-7292-2a06-5533-57d1d013a38f', 'MH-650699', 'Comjectra', '3425fa64-1158-6c2a-947c-35837e69de14', '2008-11-08 18:15:02', '1991-05-17 12:10:23'),
('261431eb-15c6-1314-5633-57d1d013a38f', 'MH-338187', 'Recorder', '37c0c9e4-178f-574a-e1cb-05dee64e6cc0', '1970-04-26 19:11:14', '1980-07-04 17:37:23'),
('2630a8b2-53c5-5917-de11-56e108b1c222', 'MH-409787', 'Tabnioner', '38cc7c40-177d-388c-8486-fecdbcc4765c', '1970-01-01 00:07:17', '1986-12-07 14:52:57'),
('28048e4e-650a-6f62-3a97-c414fa26c3e6', 'MH-323047', 'Stereoculscope', '74601f7a-1529-6bab-977c-35837e69de14', '1993-02-01 02:16:24', '2007-04-04 15:58:36'),
('2db421f5-6b7f-6073-d911-56e108b1c222', 'MH-446953', 'Tweetpickefry', '624de811-5a7c-5695-6c3b-801cd82cdd42', '2002-12-22 00:19:48', '2000-02-15 14:56:01'),
('31364645-14ed-27fc-d711-56e108b1c222', 'MH-918060', 'Replottor', '4bf555c0-58ad-53b4-c680-872c02b7d2a6', '1980-09-28 23:16:53', '1994-04-22 13:36:00'),
('33c6d4c6-4389-65c9-d811-56e108b1c222', 'MH-108028', 'Printfinderon', '57f54b26-76af-319c-9bff-6cd56556278e', NULL, '2004-12-01 22:07:48'),
('35d77883-4826-73d7-dd11-56e108b1c222', 'MH-697683', 'Remutator', '4295d2c7-36a1-572f-683b-801cd82cdd42', NULL, NULL),
('373fdaad-1f0f-244b-f763-8a7ba31d9960', 'MH-553015', 'Cleantectopon', '21278ebe-4b84-3c69-9eff-6cd56556278e', '2019-10-14 13:17:21', NULL),
('394b238c-2ef4-4298-5333-57d1d013a38f', 'MH-975449', 'Readtoper', '31bdd7b0-51ae-1dc1-e0cb-05dee64e6cc0', '2014-02-08 20:29:30', '1974-10-22 04:04:33'),
('3a82520e-5197-4d07-5433-57d1d013a38f', 'MH-144518', 'Suppickedgor', '4b01e1a4-7f03-1843-9dff-6cd56556278e', '1970-01-01 00:14:49', '2011-06-30 04:25:56'),
('3bf643e8-45cd-48bc-da11-56e108b1c222', 'MH-448502', 'Bibandon', '13316ad8-4c06-2f96-dfcb-05dee64e6cc0', '1970-01-01 00:11:29', '2005-01-13 00:19:32'),
('415bdccd-7d9b-7000-c5c6-d72f24192909', 'MH-810702', 'Receivewridge', '238671a0-30fa-5360-8286-fecdbcc4765c', '1970-01-01 00:15:45', NULL),
('41e722fd-3920-5eab-c1c6-d72f24192909', 'MH-183061', 'Proleer', '6f11e617-1860-1eac-c980-872c02b7d2a6', '1993-10-12 07:44:00', '2007-11-21 18:51:21'),
('42578c3c-627c-6196-afb3-cad96b318fc3', 'MH-367297', 'Monoholdphone', '2f8460ed-3d3d-4ebb-6a3b-801cd82cdd42', '2011-06-30 00:39:55', '1970-01-01 01:25:02'),
('46b17b19-2346-6291-284c-4663158f29cd', 'MH-982114', 'Printcordra', '40982e50-6653-1215-15f5-c98d315c59dd', '1970-01-01 01:45:17', '1994-04-30 10:00:32'),
('47f90970-55bd-47a3-dc18-0ccabe85ff46', 'MH-358569', 'Montinletentor', '6f11e617-1860-1eac-c980-872c02b7d2a6', '1979-11-23 13:06:51', '1970-01-01 00:00:13'),
('493bb3e1-766d-55a9-c0c6-d72f24192909', 'MH-423803', 'Readcordra', '422b843f-70b6-2496-693b-801cd82cdd42', '1976-07-17 13:10:17', '1970-01-01 02:26:29'),
('4baccce5-4bee-4345-c2c6-d72f24192909', 'MH-336556', 'Speakwoofer', '39fbf646-5181-76ce-aec7-b3346301782e', '1970-01-01 00:51:43', '1970-01-01 00:14:34'),
('4d10a10b-7811-3be5-9368-4c288799f5a9', 'MH-675982', 'Comfindlet', '442627f5-7b31-2e48-16f5-c98d315c59dd', '1983-07-19 18:10:51', '1992-12-11 01:45:19'),
('4f2ac8a2-6e43-5660-db11-56e108b1c222', 'MH-330145', 'Concessefor', '422b843f-70b6-2496-693b-801cd82cdd42', '2001-04-24 13:36:32', '1998-12-09 12:01:32'),
('509412e8-33ab-7070-adb3-cad96b318fc3', 'MH-731550', 'Ampwoofimon', '442627f5-7b31-2e48-16f5-c98d315c59dd', '1989-01-05 03:27:34', '1981-04-13 23:41:03'),
('531bb86c-71cc-456d-9668-4c288799f5a9', 'MH-992581', 'Carttinentor', '4bf555c0-58ad-53b4-c680-872c02b7d2a6', '2004-03-20 12:59:47', '1977-08-14 02:08:00'),
('54b181af-3f2c-75a4-f463-8a7ba31d9960', 'MH-057925', 'Relery', '48f7fb81-6e0b-64b3-6b3b-801cd82cdd42', '1977-09-05 17:01:43', '2015-11-18 04:22:27'),
('57cccbf8-1f47-44c0-3be8-d81fec7b0976', 'MH-657066', 'Tweetculaquridge', '3a02094a-64fe-51d3-2a40-483f16f4f2f6', '1990-03-10 09:17:50', '1989-09-05 10:59:10'),
('5db23f21-65b9-3ea7-244c-4663158f29cd', 'MH-860160', 'Ampbandimor', '40982e50-6653-1215-15f5-c98d315c59dd', '2007-11-02 02:17:52', '2005-06-17 00:15:02'),
('6064916e-41bf-144d-3ce8-d81fec7b0976', 'MH-827205', 'Retopimra', '31bdd7b0-51ae-1dc1-e0cb-05dee64e6cc0', '1989-07-26 19:35:58', '1970-01-01 00:00:02'),
('61b9cb60-344e-7294-f363-8a7ba31d9960', 'MH-558280', 'Comtecticphone', '711510bd-606e-7b68-ddcb-05dee64e6cc0', '1970-01-01 00:14:09', '1970-01-01 00:01:11'),
('6218b0b4-77dd-784b-3b97-c414fa26c3e6', 'MH-736424', 'Relifientor', '442627f5-7b31-2e48-16f5-c98d315c59dd', '1970-01-01 00:00:04', NULL),
('65f88ca0-629b-53e0-254c-4663158f29cd', 'MH-439665', 'Monlifier', '74601f7a-1529-6bab-977c-35837e69de14', '1970-01-01 01:53:46', '2017-04-15 20:14:54'),
('6728f19b-3625-45a1-de18-0ccabe85ff46', 'MH-483413', 'Cabplottplentor', '470dd012-7886-75fc-8186-fecdbcc4765c', NULL, '1970-01-01 02:40:28'),
('69d50df7-36cc-7c1f-9568-4c288799f5a9', 'MH-283820', 'Cleancordewar', '78e5aa99-408c-3422-ca80-872c02b7d2a6', NULL, '1983-10-18 23:31:27'),
('6bf7a049-3229-6355-274c-4663158f29cd', 'MH-974153', 'Stereojectlet', '17534976-490f-5ca8-aac7-b3346301782e', '1970-01-01 00:05:58', '1984-07-24 02:21:28'),
('6d4ffece-2207-7f00-c4c6-d72f24192909', 'MH-250690', 'Ampholdimer', '238671a0-30fa-5360-8286-fecdbcc4765c', '1970-01-01 00:05:31', '1970-07-07 15:50:57'),
('6e33d899-6a6c-5534-bfc6-d72f24192909', 'MH-312279', 'Tweetmutra', '301f501a-4778-1a33-2d40-483f16f4f2f6', '2009-11-06 04:33:28', '2006-07-16 23:54:26'),
('7163653d-43a1-57cb-aeb3-cad96b318fc3', 'MH-383425', 'Micholderphone', '13316ad8-4c06-2f96-dfcb-05dee64e6cc0', '2007-04-09 04:25:33', NULL),
('72fe93fd-517a-1729-db18-0ccabe85ff46', 'MH-940667', 'Monoculerry', '13316ad8-4c06-2f96-dfcb-05dee64e6cc0', '1972-10-25 13:54:36', '1992-02-12 17:59:32'),
('75e7e6b9-4cb6-3cd1-3c97-c414fa26c3e6', 'MH-185427', 'Bitaentor', '3425fa64-1158-6c2a-947c-35837e69de14', '2016-10-31 23:48:41', '1985-05-22 13:24:25'),
('7d1ab01b-1952-7b5d-dd18-0ccabe85ff46', 'MH-010095', 'Tabwooferon', '301f501a-4778-1a33-2d40-483f16f4f2f6', '1973-07-27 03:48:32', '1970-01-01 00:02:30'),
('7f1af386-5055-17f2-3de8-d81fec7b0976', 'MH-639432', 'Cleannioner', '4bf555c0-58ad-53b4-c680-872c02b7d2a6', '1975-06-04 16:31:32', '1970-01-01 01:36:59');

-- 
-- Dumping data for table course
--
INSERT INTO course VALUES
('153105e0-6702-29ed-7632-03c92da59c43', 'Ampcordletra', '1970-01-04', '2020-12-31', '1974-12-13 17:02:55', '1984-10-19 20:08:22'),
('174ffc6c-4080-4bc3-a126-71cca92946bf', 'Tabcordefscope', '1970-01-01', '2021-05-21', '1970-01-01 02:39:05', '2000-04-01 14:28:39'),
('18abd72d-12e2-25c0-d4eb-e423f1575e00', 'Mictinlet', '1971-11-15', '2018-02-06', '1979-05-22 23:15:54', '1998-01-22 05:32:34'),
('19029793-2caa-7372-e03d-c9e9e9038fe2', 'Mictellewor', '2018-06-06', '2021-07-21', '2001-01-01 11:03:15', '1985-02-22 17:14:51'),
('1944b789-48b3-5241-f588-479bce9b28fc', 'Comtectar', '2000-08-14', '2019-07-20', '1970-01-01 00:00:01', '2007-02-11 19:43:42'),
('1ae1fc8d-3cd6-7f4e-a226-71cca92946bf', 'Stereomuterphone', '1976-08-01', '2018-01-09', '1980-02-29 17:03:54', '2013-12-27 09:07:02'),
('1b07cb9d-5d72-7da0-7a32-03c92da59c43', 'Amptellopator', '1970-01-14', '2020-07-30', '1977-07-03 02:43:29', '1990-03-20 00:57:22'),
('1be69f15-643e-70f9-937d-817a123d365d', 'Biceivonor', '1981-06-08', '2018-01-04', '1970-01-01 00:00:06', '2004-01-02 21:23:00'),
('1cab3f5f-2daa-759f-e936-63d5d5eff719', 'Reholdepscope', '2005-09-05', '2021-11-04', '1970-01-01 00:00:06', '1977-09-01 18:09:08'),
('2102924a-510c-7251-a026-71cca92946bf', 'Bijectentor', '1970-01-04', '2018-07-17', '2005-12-29 10:42:05', '1994-01-15 19:19:31'),
('2225bcef-6938-2dd1-927d-817a123d365d', 'Armbandentor', '1970-01-06', '2021-07-12', '2019-06-07 17:56:09', '1995-11-16 08:34:07'),
('23060425-29ea-366e-917d-817a123d365d', 'Supbandinscope', '1989-08-09', '2021-05-21', '1995-11-19 19:20:55', '2004-10-15 19:51:58'),
('2bb76180-3262-769d-7b32-03c92da59c43', 'Monocessimentor', '1985-10-13', '2019-07-25', '1970-01-01 00:08:16', '1985-01-27 12:32:13'),
('33cb82bf-3ae2-5d80-a6a9-deaf32c96293', 'Ampjectfiator', '1995-09-21', '2018-10-29', '2009-08-29 13:08:26', '2017-07-10 21:07:29'),
('3541ff76-58f0-6d1a-e836-63d5d5eff719', 'Monwoofridge', '1970-03-23', '2019-01-04', '1970-01-01 00:01:22', '1988-10-24 08:39:37'),
('3735267c-70eb-3878-f888-479bce9b28fc', 'Ampleupentor', '1970-01-10', '2018-03-10', '1970-01-01 00:00:38', NULL),
('39446ba3-3071-7af6-a5a9-deaf32c96293', 'Chartoplet', '2007-12-03', '2018-11-06', NULL, '1983-07-30 22:13:31'),
('3a815850-6881-72da-7832-03c92da59c43', 'Charpickedgphone', '2018-02-11', '2021-05-28', '1970-01-01 00:34:40', '1991-05-06 07:34:56'),
('423d5b84-2191-6cce-df3d-c9e9e9038fe2', 'Contopexor', '1989-03-04', '2018-12-14', '1995-09-01 14:52:57', '2014-07-07 05:43:57'),
('447816de-6069-15bf-de3d-c9e9e9038fe2', 'Antaridge', '2001-01-04', '2020-03-22', '1975-04-02 18:20:30', NULL),
('4658f1a5-5d8d-49ba-7932-03c92da59c43', 'Cartcyclader', '2000-05-30', '2018-01-04', '2000-04-30 18:24:04', '1996-01-08 14:50:42'),
('48b51439-3625-6c0c-7532-03c92da59c43', 'Monoholdphone', '1980-01-15', '2020-07-22', '2020-07-14 02:32:45', '1998-11-08 02:47:44'),
('48c0e033-30af-2811-89db-f21ac591aca5', 'Ampcordimor', '1970-02-07', '2021-04-18', '1970-08-12 00:37:42', '1970-01-01 01:10:18'),
('4a4c7550-5ee4-1843-e13d-c9e9e9038fe2', 'Charcesseder', '2017-11-22', '2018-03-23', NULL, '2004-03-29 22:54:29'),
('4b834ba1-6d72-1515-e33d-c9e9e9038fe2', 'Cleancessentor', '1970-01-03', '2018-04-05', '1985-12-06 15:39:53', '2009-07-06 06:15:00'),
('4c23f8b5-378c-4c80-e23d-c9e9e9038fe2', 'Cartnieper', '1994-02-18', '2021-02-20', NULL, '2015-08-30 06:39:00'),
('4e7bca01-1ae9-51fb-e53d-c9e9e9038fe2', 'Tweetbandimphone', '1993-10-14', '2019-01-12', '2014-03-05 03:22:00', NULL),
('4f49d583-2ab7-44f0-8adb-f21ac591aca5', 'Tweettaridge', '2020-02-19', '2018-02-16', '2021-01-08 09:45:48', '2004-11-04 18:16:48'),
('527894c4-1c83-7d9e-f788-479bce9b28fc', 'Readleinridge', '1985-05-23', '2021-06-11', NULL, '2009-08-18 18:05:18'),
('5505f99a-2199-2c7a-8e5e-60fe4d31c979', 'Chartectridge', '2003-03-10', '2019-01-09', '1986-11-04 11:01:16', '1988-03-23 17:56:01'),
('55fa016b-2a15-4bb2-907d-817a123d365d', 'Tweetplottar', '2009-10-11', '2021-07-07', '1970-01-01 00:00:52', '1970-01-01 00:02:21'),
('58e39eac-7bef-436e-eb36-63d5d5eff719', 'Stereowooflet', '1982-09-06', '2021-07-28', '2010-03-01 01:16:02', '1976-07-02 09:31:23'),
('591c508e-5750-32f1-fa88-479bce9b28fc', 'Comcycler', '1990-06-15', '2020-09-29', '1970-01-01 00:00:14', NULL),
('61608d17-702d-61ca-f688-479bce9b28fc', 'Subbandridge', '1979-08-15', '2020-06-14', '1970-01-01 00:00:04', '2001-12-03 14:58:49'),
('624084f1-7f9b-404a-d3eb-e423f1575e00', 'Proputlet', '1975-09-11', '2020-02-14', '1970-01-01 00:00:10', NULL),
('6372ae64-666a-386b-7732-03c92da59c43', 'Tecordletphone', '1970-02-21', '2019-04-28', '2019-05-26 13:57:01', '1970-01-01 02:01:37'),
('65b12b02-26ca-4497-f988-479bce9b28fc', 'Monofinder', '1988-12-23', '2019-10-24', '1970-01-01 00:00:03', '1989-03-09 15:50:06'),
('67863ddd-1c48-1dcc-8d5e-60fe4d31c979', 'Monholdewon', '2004-10-08', '2019-07-01', '1979-01-10 05:47:59', '1972-07-17 02:39:33'),
('67f532a4-1158-2919-d1eb-e423f1575e00', 'Printculon', '2000-03-13', '2020-06-21', '1986-03-26 09:21:37', '1970-10-08 23:26:29'),
('6f77cf88-340e-5862-ec36-63d5d5eff719', 'Monofindommer', '1984-01-23', '2020-05-22', '2014-04-05 19:20:52', '2009-01-16 14:13:43'),
('71952621-23c8-61d2-d0eb-e423f1575e00', 'Recordicphone', '1991-08-21', '2018-02-11', '2008-12-01 05:46:01', '1992-10-22 06:37:38'),
('71a5d760-185e-3522-ea36-63d5d5eff719', 'Readcordar', '2009-11-23', '2018-02-22', '1970-01-01 01:33:42', '1970-01-01 00:00:10'),
('722b9311-5848-503b-8bdb-f21ac591aca5', 'Tweetcordaquar', '2018-09-25', '2018-04-01', '1973-08-17 15:36:28', '1970-01-01 00:15:42'),
('73612d31-3ee3-7447-8e7d-817a123d365d', 'Tabniepra', '1970-01-06', '2020-02-25', '1988-07-18 03:39:51', '1970-10-16 01:13:19'),
('74b4ef62-677e-21c3-88db-f21ac591aca5', 'Probandeflet', '1996-02-18', '2019-07-25', '1970-01-01 00:00:04', '1970-01-01 00:03:18'),
('786019cb-7e1c-2ab9-d2eb-e423f1575e00', 'Stereoplotter', '2015-07-29', '2020-06-18', '1975-10-24 07:27:04', '2017-10-09 07:31:17'),
('79aca385-65e3-1ebe-f488-479bce9b28fc', 'Prolifiar', '2015-02-01', '2020-10-27', '1975-07-01 06:23:53', '1990-06-27 01:39:31'),
('7a8cb766-7856-2fea-e43d-c9e9e9038fe2', 'Armleadator', '1997-10-12', '2020-03-17', '1970-01-01 00:11:24', '2004-05-20 07:30:35'),
('7c67f3a5-2673-6c6b-a326-71cca92946bf', 'Bilictedgon', '1971-05-11', '2020-07-08', '1970-01-01 01:59:21', '1970-01-01 00:00:04'),
('7c7907fa-630d-24ef-8f7d-817a123d365d', 'Projectimer', '2001-07-12', '2020-12-19', NULL, '1998-03-22 17:36:47');

-- 
-- Dumping data for table teacher
--
INSERT INTO teacher VALUES
('137d58e0-7896-6d7c-4277-9e4463160e48', 'Addie Keefe', '+84840298387', 'Bowlin2@example.com', '1de270c2-21d9-6bac-06af-bc6172c2cf10', '1970-01-01 00:32:50', '1975-03-10 01:14:34'),
('1753fc36-737c-6cbc-6ce1-d1c6b9046484', 'Jeffry Alcala', '+84490734276', 'Hankins@nowhere.com', '2010c0d0-27a9-34a1-9d48-dca5e21ae6ca', '1970-01-01 00:00:13', '2015-03-15 15:35:15'),
('186da8b7-3c6b-798b-d422-0014b5e3c4fa', 'Dexter Altman', '+84686424865', 'DewittE.Burroughs86@example.com', '692ab284-1320-611e-84ab-476534f10a38', '1970-01-01 00:01:28', '1985-12-06 04:51:13'),
('18c5fd7c-7548-2ca0-d322-0014b5e3c4fa', 'Albertina Browning', '+84681280928', 'Rooney72@example.com', '47384887-76ca-1303-21fa-3a13575a692a', '1970-01-01 00:00:53', '1988-07-02 23:45:43'),
('1b2e57dc-23af-2fc9-56c2-1cf647aea761', 'Bradley Rickard', '+84773615533', 'Antonio_Boyle@example.com', '450c7688-1c3e-6006-9c48-dca5e21ae6ca', '1970-01-01 00:13:47', '2021-08-31 02:56:44'),
('1dcbd8f9-7976-3818-a617-2d57fd0c36be', 'Loren Abbott', '+84010862341', 'Burks@example.com', '7dd07f61-79aa-65b9-99f6-c5161989a451', '1970-01-01 00:00:22', '1983-05-20 15:29:51'),
('1ee6a2c3-2486-5f85-a8b7-a919cab3d500', 'Ross Folsom', '+84737332862', 'IssacCampos@nowhere.com', '1289dfbc-6f72-491d-7fba-f13ad74eb1e6', '1995-01-13 12:09:52', '2016-01-07 07:37:41'),
('1fd9cc67-1146-5aa5-d622-0014b5e3c4fa', 'Andrea Adkins', '+84964217008', 'AguilarT89@nowhere.com', '3efcce93-32db-642d-676f-7389f2b617cd', '1970-01-01 00:00:34', '2013-08-20 10:24:30'),
('202272ae-1375-54e4-a6b7-a919cab3d500', 'Ilda Holley', '+84151983315', 'AbeFries976@example.com', '5ce356b0-7e2c-6b27-7dba-f13ad74eb1e6', '1981-01-27 02:13:58', NULL),
('219af9a0-3833-4074-a5b7-a919cab3d500', 'Garland Garris', '+84896690118', 'Willson32@nowhere.com', '577ccc41-6a96-524d-3341-b2aafff3dd82', '2011-03-13 17:47:22', NULL),
('2403d390-125c-3be2-59c2-1cf647aea761', 'Idella Swafford', '+84791177193', 'Tina.Villareal@example.com', '3e6da6c4-15f2-54a6-09af-bc6172c2cf10', '1997-07-26 03:40:54', '2017-03-12 11:32:39'),
('25c4364b-3b5e-6fc6-4077-9e4463160e48', 'Abby Tuttle', '+84295351418', 'AdalbertoVick881@nowhere.com', '1de270c2-21d9-6bac-06af-bc6172c2cf10', '2019-05-07 21:59:31', '1970-01-01 01:04:22'),
('26555a6e-1944-3eeb-a9b7-a919cab3d500', 'Magda Croteau', '+84575707090', 'Darryl.Chalmers@example.com', '354eb03e-53cc-1a96-696f-7389f2b617cd', '1970-01-01 01:02:08', '2012-03-12 01:36:43'),
('28cd31d4-7c28-3bc3-bed7-8162d04b2be1', 'Ezequiel Crane', '+84714583562', 'AliciaZ.Jameson49@nowhere.com', '253bdb4a-3ce3-3cd3-85fd-5df4fd824cb1', '1977-08-24 00:31:57', '1985-01-12 02:03:24'),
('2cc6f5c6-190a-22a8-57c2-1cf647aea761', 'Barney Bohannon', '+84902649864', 'Sells@nowhere.com', '5fdd1b7d-558c-223b-686f-7389f2b617cd', '1970-01-01 00:05:18', '1977-04-10 21:57:03'),
('2f014189-374b-4bbf-5ac2-1cf647aea761', 'Romaine Derr', '+84084494123', 'EvangelineAlmanza948@example.com', '692ab284-1320-611e-84ab-476534f10a38', '1970-01-01 00:01:22', '2019-05-12 03:52:31'),
('30b2ba1b-395c-7858-d722-0014b5e3c4fa', 'Olene Oneill', '+84696475478', 'Bigelow@example.com', '3bf81e47-1d82-1938-81ab-476534f10a38', '2016-10-01 04:40:38', '2010-08-06 01:48:26'),
('34aa5486-2c77-66d0-69e1-d1c6b9046484', 'Daniele Wasson', '+84607794648', 'ConnellL@example.com', '43fcabf5-19b3-578f-1cf6-33f91a5c4469', '1970-01-01 00:01:34', '1970-01-01 00:00:36'),
('393e70a7-3661-715a-a7b7-a919cab3d500', 'Allen Staton', '+84627705473', 'ipmcdebi.mdjc@example.com', '177fb324-4faf-60b4-19f6-33f91a5c4469', '1989-08-13 04:56:10', '2009-12-02 16:06:50'),
('3c35e9ce-442a-74a5-bf02-28cbae4b6f1a', 'Dallas Marrero', '+84936058985', 'Gus.MShumaker417@example.com', '1651152a-3050-64cf-1df6-33f91a5c4469', '2008-03-16 23:57:36', NULL),
('40f2807a-4bcb-701a-8ccc-aea518759ca4', 'Nathanael Berger', '+84512971314', 'Kearney@nowhere.com', '7f95fa10-6133-5ac6-9cf6-c5161989a451', '1987-06-16 02:01:08', '1995-08-14 10:12:05'),
('417581d3-2734-3cc8-6ae1-d1c6b9046484', 'Reinaldo Cartwright', '+84693050025', 'KristalCompton@example.com', '7f95fa10-6133-5ac6-9cf6-c5161989a451', NULL, '1995-06-08 11:43:16'),
('49977065-44e0-58fe-89cc-aea518759ca4', 'Sylvia Caudill', '+84068782514', 'AbigailHammond@example.com', '25e65817-44ab-3533-7eba-f13ad74eb1e6', '1971-08-10 10:48:28', '1983-07-21 02:30:54'),
('5307e1a7-4a25-1a31-bfd7-8162d04b2be1', 'Willa Blackburn', '+84827921346', 'Livingston41@example.com', '153b0139-64d0-46b6-86fd-5df4fd824cb1', '1970-01-01 00:00:09', '2003-11-10 18:00:43'),
('5694197f-21a8-4dc5-8acc-aea518759ca4', 'Ariel Albers', '+84679869665', 'LonnieLayton69@example.com', '28c83ad9-5567-3f95-20fa-3a13575a692a', '2004-07-05 12:35:55', '2021-08-04 03:42:35'),
('5704318c-3da1-221f-c1d7-8162d04b2be1', 'Adelina Mcneal', '+84622615446', 'Dalia.Billingsley623@example.com', '5ba6f651-1493-165e-3541-b2aafff3dd82', '1986-11-20 07:30:04', '1970-01-01 00:00:08'),
('5856eee7-479e-6550-a217-2d57fd0c36be', 'Rayna Amos', '+84889204492', 'AntionetteNolan@nowhere.com', '2160a9ca-74d9-6429-656f-7389f2b617cd', '1995-09-09 23:03:33', '1992-12-17 23:40:17'),
('5ae376ce-6d35-5433-a417-2d57fd0c36be', 'Rey Rollins', '+84873861587', 'Rogelio_DWilley7@nowhere.com', '45f01e8d-4b4f-5b54-9e48-dca5e21ae6ca', '1970-01-01 01:44:45', '1978-03-12 11:52:28'),
('5eef0205-40f6-1212-a517-2d57fd0c36be', 'Shantell Benner', '+84074354767', 'Connell13@nowhere.com', '5b56a2fe-34b1-3cb8-23fa-3a13575a692a', '2001-03-06 03:54:16', '1970-01-01 00:15:59'),
('5feb671b-71df-3edc-c202-28cbae4b6f1a', 'Willia Hogue', '+84711151741', 'Berry_PDoherty768@example.com', '38a926be-331d-2a02-82ab-476534f10a38', '1994-09-04 02:42:41', '1970-01-01 00:00:01'),
('6090475b-2167-438b-5296-5315d56cca6a', 'Arnoldo Adams', '+84513247904', 'CalistaFeldman2@example.com', '51a06650-1b0b-7ceb-7aba-f13ad74eb1e6', '2018-06-22 02:00:19', '1971-01-17 16:50:02'),
('6208cd70-7c70-64af-bdd7-8162d04b2be1', 'Nova Ricci', '+84031928736', 'Connelly@example.com', '7f95fa10-6133-5ac6-9cf6-c5161989a451', '1973-05-19 12:06:43', NULL),
('63fd2121-16ea-1e5c-3f77-9e4463160e48', 'Jamar Rector', '+84024650764', 'Lucina.Weatherford@example.com', '16560e4a-7d2b-7510-22fa-3a13575a692a', '1975-04-10 12:58:34', '1978-09-20 08:22:12'),
('65830c37-61cd-74d8-6be1-d1c6b9046484', 'Macy Abbott', '+84365139763', 'Salcido318@nowhere.com', '231038f6-3d22-2cf9-1bf6-33f91a5c4469', '1970-01-01 01:36:39', '1970-01-01 00:00:05'),
('65b096ee-27a1-3299-5396-5315d56cca6a', 'Jetta Mckenna', '+84593762523', 'Billingsley@nowhere.com', '25e65817-44ab-3533-7eba-f13ad74eb1e6', '1972-09-29 23:16:02', '1985-03-10 21:32:15'),
('66252d56-5abc-2946-c102-28cbae4b6f1a', 'Dee Burrows', '+84055747400', 'Bret.Allison3@nowhere.com', '153b0139-64d0-46b6-86fd-5df4fd824cb1', NULL, '2020-10-01 14:44:38'),
('68745d92-3f34-6c84-a317-2d57fd0c36be', 'Rudy Abel', '+84892131755', 'Jamar.Rector@nowhere.com', '38efe7b6-6d96-64a0-7fab-476534f10a38', '1970-11-25 09:38:10', NULL),
('6a90a400-76ac-5619-3d77-9e4463160e48', 'Shavonne Anthony', '+84609895077', 'Anthony261@example.com', '7f95fa10-6133-5ac6-9cf6-c5161989a451', '2004-07-04 10:29:10', '1970-01-01 00:00:08'),
('6c06367d-250b-7f9f-c002-28cbae4b6f1a', 'Galen Abreu', '+84231064796', 'AdolphFarnsworth@nowhere.com', '450c7688-1c3e-6006-9c48-dca5e21ae6ca', '1970-01-01 00:00:36', '2001-10-05 11:32:30'),
('6c751c4b-1c00-7043-8bcc-aea518759ca4', 'Elbert Horner', '+84134460918', 'Acker213@nowhere.com', '5fdd1b7d-558c-223b-686f-7389f2b617cd', '1980-06-08 03:16:20', '1998-02-13 19:59:12'),
('6e3e9327-36d6-6b17-5196-5315d56cca6a', 'Dallas Aquino', '+84233153358', 'AlfonzoAngulo@nowhere.com', '153b0139-64d0-46b6-86fd-5df4fd824cb1', '2018-12-13 04:14:27', '1972-06-25 04:32:05'),
('6ee7b76e-4e24-7845-58c2-1cf647aea761', 'Merrill Acker', '+84034158196', 'TamieCabrera@example.com', '177fb324-4faf-60b4-19f6-33f91a5c4469', '1972-11-14 05:19:42', '1972-02-03 15:32:59'),
('739cd112-244b-70d7-d222-0014b5e3c4fa', 'Alethea Barrows', '+84919552777', 'wdkdlosr.urxe@example.com', '4a659997-6b2b-22bc-83ab-476534f10a38', '2018-05-31 18:51:36', '1988-12-22 18:36:19'),
('73c68ba2-795b-1989-bcd7-8162d04b2be1', 'Alphonse Baca', '+84709953280', 'Kasie.Cartwright@example.com', '4673385d-4a73-1a94-9af6-c5161989a451', NULL, '2018-02-09 16:18:44'),
('76a491cb-3530-6506-be02-28cbae4b6f1a', 'Ahmad Tremblay', '+84795467118', 'Hope574@nowhere.com', '4377c63c-51bb-55c4-3141-b2aafff3dd82', '2013-03-18 08:02:28', '1991-03-18 10:40:10'),
('76c20a2c-2596-385f-4177-9e4463160e48', 'Antone Alcorn', '+84363016911', 'Manley@nowhere.com', '7f95fa10-6133-5ac6-9cf6-c5161989a451', NULL, '2001-03-28 16:20:53'),
('79aa1701-3832-5957-d522-0014b5e3c4fa', 'Carlos Staton', '+84316466269', 'Matt.Mims48@example.com', '2094ddfb-4ba5-4990-07af-bc6172c2cf10', '1979-02-27 06:09:26', '2009-11-14 21:04:00'),
('7b8b8b8a-2421-525b-c0d7-8162d04b2be1', 'Adelaida Baumgartner', '+84015328535', 'Obdulia_Richards@example.com', '577ccc41-6a96-524d-3341-b2aafff3dd82', NULL, '1970-01-01 00:14:22'),
('7b90d905-6d57-6943-3e77-9e4463160e48', 'Melita Rasmussen', '+84992247143', 'MinhCarver@example.com', '577ccc41-6a96-524d-3341-b2aafff3dd82', '2002-08-12 18:53:05', '2002-07-05 18:56:28'),
('7da9a40d-2b79-7ad8-8dcc-aea518759ca4', 'Tim Amador', '+84954623742', 'Laurie_Nagy@example.com', '5e95c08f-7a1a-4cd5-666f-7389f2b617cd', '2001-08-04 11:16:44', '2010-12-29 10:19:19');

-- 
-- Dumping data for table moduleclass
--
INSERT INTO moduleclass VALUES
('1283753d-5374-5932-8ffd-ed7281085324', 'LHP-834897', '79aa1701-3832-5957-d522-0014b5e3c4fa', '3c91224b-4b43-19fd-9e37-9dd9a18b459d', 0, '2020-11-22', '2016-11-21', '2020-03-01 13:35:29', '1996-03-08 21:35:31', '60fab728-7aa7-21c3-ce84-fd5984725e29', '22c69f81-421f-5ff9-690e-a301df02d928'),
('16bf2a3e-4001-79d3-de9f-8dd6f6d7e4f8', 'LHP-771040', '739cd112-244b-70d7-d222-0014b5e3c4fa', '699ab6db-4553-6a93-206d-ebb174b30257', 0, '1970-03-30', '1970-04-19', '1970-01-01 00:01:29', '1970-01-01 00:01:49', '724cda7e-3e73-6365-b639-7fa89fdac40f', '498d18a7-5242-6712-59b5-dbdeded26587'),
('1932f045-2ef9-6195-76b2-6fc19c70b90a', 'LHP-051583', '66252d56-5abc-2946-c102-28cbae4b6f1a', '15b5376b-5db1-288a-125c-ff75122d2991', 0, '1995-12-11', '2011-11-20', '2010-05-09 16:13:30', '2020-02-13 22:59:41', '3ef08788-4f37-781e-5a44-fdef82b41d42', '517f7b20-603a-53f2-50c3-2450fa6a3f0f'),
('1ae68a9e-6247-74d0-1b0f-df0f613299a6', 'LHP-719362', '65830c37-61cd-74d8-6be1-d1c6b9046484', '112424cc-2810-12c6-7cb4-543cf3233de1', 0, '2019-11-05', '2003-08-13', '1997-05-14 08:15:14', '1978-01-01 13:19:29', '724cda7e-3e73-6365-b639-7fa89fdac40f', '456df03c-703b-5ff2-680e-a301df02d928'),
('1cfff8e1-7172-53cd-cd54-0f2512404bdf', 'LHP-869596', '1dcbd8f9-7976-3818-a617-2d57fd0c36be', '36367cb7-6946-25a9-3d88-b0b9ae204823', 0, '1990-06-10', '1999-07-25', '1987-10-19 15:30:58', '1970-01-01 00:00:01', '64461d88-7e6b-5423-c300-73728ad2d17f', '456df03c-703b-5ff2-680e-a301df02d928'),
('202236c2-5389-5837-2e89-b7f541585633', 'LHP-131083', '5feb671b-71df-3edc-c202-28cbae4b6f1a', '611f84a1-429e-1c2d-91ff-d2edd7bbd6fa', 0, '2019-03-28', '2001-12-07', '1970-10-27 02:46:17', '2011-09-08 18:23:45', '64461d88-7e6b-5423-c300-73728ad2d17f', '22c69f81-421f-5ff9-690e-a301df02d928'),
('26280dfa-2c0f-3f26-78b2-6fc19c70b90a', 'LHP-969177', '5856eee7-479e-6550-a217-2d57fd0c36be', '4510f06c-76db-2fbf-b582-1b8b8623dfb6', 0, '1978-07-14', '1990-06-27', '1970-01-01 00:00:09', '1980-01-14 06:23:48', '60fab728-7aa7-21c3-ce84-fd5984725e29', '22c69f81-421f-5ff9-690e-a301df02d928'),
('26ece8ec-40b8-2518-91fd-ed7281085324', 'LHP-189281', '63fd2121-16ea-1e5c-3f77-9e4463160e48', '2be19e16-23ef-2af2-93ff-d2edd7bbd6fa', 0, '2004-02-09', '1976-07-02', '1973-07-11 00:04:42', '2009-04-30 16:38:58', '64461d88-7e6b-5423-c300-73728ad2d17f', '22c69f81-421f-5ff9-690e-a301df02d928'),
('27ce8f87-70fb-4abf-2d89-b7f541585633', 'LHP-191308', '5856eee7-479e-6550-a217-2d57fd0c36be', '37f249b9-3399-5b07-7db4-543cf3233de1', 0, '1979-04-24', '1970-07-12', '1992-02-16 01:09:40', '2004-07-09 02:19:33', '3ef08788-4f37-781e-5a44-fdef82b41d42', '498d18a7-5242-6712-59b5-dbdeded26587'),
('29b9e885-31c8-49e5-1474-af6b0c9d8171', 'LHP-947710', '1b2e57dc-23af-2fc9-56c2-1cf647aea761', '5d52122d-3d31-6bf6-0822-6d00901b693d', 0, '1990-10-28', '2012-11-02', '1985-07-20 13:33:28', '1991-11-22 10:19:32', '60fab728-7aa7-21c3-ce84-fd5984725e29', '22c69f81-421f-5ff9-690e-a301df02d928'),
('3350b6f2-6c4e-65c3-1574-af6b0c9d8171', 'LHP-623129', '417581d3-2734-3cc8-6ae1-d1c6b9046484', '36367cb7-6946-25a9-3d88-b0b9ae204823', 0, '2007-04-03', '1971-03-14', '1980-01-26 14:45:45', '1980-05-07 04:28:22', '3ef08788-4f37-781e-5a44-fdef82b41d42', '456df03c-703b-5ff2-680e-a301df02d928'),
('35c94ecf-31c9-4c2b-2cbf-2d1df1341b8b', 'LHP-101472', '7da9a40d-2b79-7ad8-8dcc-aea518759ca4', '16267247-7d7f-2c58-fb10-81c42d958f77', 0, '2011-04-11', '1970-04-01', '2005-05-07 13:47:53', '1970-01-01 00:01:31', '64461d88-7e6b-5423-c300-73728ad2d17f', '22c69f81-421f-5ff9-690e-a301df02d928'),
('364a12ae-640c-153b-1674-af6b0c9d8171', 'LHP-918211', '137d58e0-7896-6d7c-4277-9e4463160e48', '675e33aa-1fc5-6d1e-fc10-81c42d958f77', 0, '2021-03-29', '1991-02-25', '1989-03-16 11:58:32', '1983-04-21 19:00:32', '724cda7e-3e73-6365-b639-7fa89fdac40f', '22c69f81-421f-5ff9-690e-a301df02d928'),
('3755dad1-1868-5512-75b2-6fc19c70b90a', 'LHP-415752', '137d58e0-7896-6d7c-4277-9e4463160e48', '4510f06c-76db-2fbf-b582-1b8b8623dfb6', 0, '2017-11-15', '2006-08-17', '1992-11-30 23:32:22', '2003-02-08 05:13:22', '3ef08788-4f37-781e-5a44-fdef82b41d42', '22c69f81-421f-5ff9-690e-a301df02d928'),
('398578ee-7455-32dc-2f89-b7f541585633', 'LHP-484241', '5feb671b-71df-3edc-c202-28cbae4b6f1a', '65044b7e-508b-3730-9b37-9dd9a18b459d', 0, '2000-04-05', '1970-01-06', NULL, '1975-10-04 09:37:23', '3ef08788-4f37-781e-5a44-fdef82b41d42', '498d18a7-5242-6712-59b5-dbdeded26587'),
('3d1077c3-4217-1128-345a-5dc145ca32c0', 'LHP-164392', '49977065-44e0-58fe-89cc-aea518759ca4', '1bc8eb53-2210-26e1-96ff-d2edd7bbd6fa', 0, '2002-01-10', '1982-01-28', '2013-02-05 06:34:33', '2020-03-04 23:35:56', '64461d88-7e6b-5423-c300-73728ad2d17f', '498d18a7-5242-6712-59b5-dbdeded26587'),
('42155f79-63a5-3b1e-e39f-8dd6f6d7e4f8', 'LHP-486470', '76a491cb-3530-6506-be02-28cbae4b6f1a', '3c91224b-4b43-19fd-9e37-9dd9a18b459d', 0, '1974-03-24', '1981-10-24', NULL, '1990-01-19 18:22:16', '64461d88-7e6b-5423-c300-73728ad2d17f', '517f7b20-603a-53f2-50c3-2450fa6a3f0f'),
('4679edcd-3f0a-6386-8dfd-ed7281085324', 'LHP-080844', '6208cd70-7c70-64af-bdd7-8162d04b2be1', '4510f06c-76db-2fbf-b582-1b8b8623dfb6', 0, '1976-02-09', '2002-09-02', '1979-11-28 15:31:27', '1987-01-20 12:04:47', '3ef08788-4f37-781e-5a44-fdef82b41d42', '498d18a7-5242-6712-59b5-dbdeded26587'),
('468bdba6-42f9-2d59-c954-0f2512404bdf', 'LHP-568056', '6ee7b76e-4e24-7845-58c2-1cf647aea761', '6cf1f8db-32a5-5a4f-b382-1b8b8623dfb6', 0, '1981-06-26', '1982-05-23', '2008-10-27 04:11:58', '1971-08-11 13:32:11', '3ef08788-4f37-781e-5a44-fdef82b41d42', '22c69f81-421f-5ff9-690e-a301df02d928'),
('4abc21a0-3ad5-4d68-1c0f-df0f613299a6', 'LHP-103751', '40f2807a-4bcb-701a-8ccc-aea518759ca4', '7aa0d2fc-7919-2632-226d-ebb174b30257', 0, '1971-06-17', '2003-06-18', '2020-12-04 13:21:16', '1995-11-19 16:25:33', '64461d88-7e6b-5423-c300-73728ad2d17f', '517f7b20-603a-53f2-50c3-2450fa6a3f0f'),
('4d1a3246-4106-3961-47d4-35a726f0ef4c', 'LHP-391632', '5694197f-21a8-4dc5-8acc-aea518759ca4', '611f84a1-429e-1c2d-91ff-d2edd7bbd6fa', 0, '2016-06-03', '1983-07-23', '1978-05-23 23:14:40', '1999-11-14 08:16:02', '724cda7e-3e73-6365-b639-7fa89fdac40f', '498d18a7-5242-6712-59b5-dbdeded26587'),
('4edb35dc-793c-6dd4-cc54-0f2512404bdf', 'LHP-474248', '417581d3-2734-3cc8-6ae1-d1c6b9046484', '15b5376b-5db1-288a-125c-ff75122d2991', 0, '1970-01-09', '1970-01-10', '1970-01-01 01:46:37', '1989-09-11 00:41:24', '64461d88-7e6b-5423-c300-73728ad2d17f', '456df03c-703b-5ff2-680e-a301df02d928'),
('503c34d2-178b-4737-8efd-ed7281085324', 'LHP-214191', '1b2e57dc-23af-2fc9-56c2-1cf647aea761', '726b7918-3aac-4f65-92ff-d2edd7bbd6fa', 0, '1999-01-27', '1978-10-15', '2015-02-08 07:32:48', '2019-04-14 12:41:58', '724cda7e-3e73-6365-b639-7fa89fdac40f', '517f7b20-603a-53f2-50c3-2450fa6a3f0f'),
('52d28f11-7311-4d89-2b89-b7f541585633', 'LHP-550489', '76c20a2c-2596-385f-4177-9e4463160e48', '7665bc80-5299-2c7f-115c-ff75122d2991', 0, '2002-05-21', '1970-07-16', '2009-09-17 10:14:20', NULL, '3ef08788-4f37-781e-5a44-fdef82b41d42', '517f7b20-603a-53f2-50c3-2450fa6a3f0f'),
('57006586-31d8-647d-ca54-0f2512404bdf', 'LHP-257341', '40f2807a-4bcb-701a-8ccc-aea518759ca4', '7d5fa9e4-3244-5df0-b482-1b8b8623dfb6', 0, '1975-01-21', '2003-12-27', '1972-01-04 00:58:16', '1986-07-20 22:32:07', '64461d88-7e6b-5423-c300-73728ad2d17f', '517f7b20-603a-53f2-50c3-2450fa6a3f0f'),
('57ef232e-1a58-7b37-2fbf-2d1df1341b8b', 'LHP-290831', '6a90a400-76ac-5619-3d77-9e4463160e48', '43bc1ae0-4075-2d7a-1f6d-ebb174b30257', 0, '1981-07-07', '1986-06-11', NULL, '1970-01-01 00:03:13', '60fab728-7aa7-21c3-ce84-fd5984725e29', '22c69f81-421f-5ff9-690e-a301df02d928'),
('584abf90-75ed-54c8-2dbf-2d1df1341b8b', 'LHP-763684', '5704318c-3da1-221f-c1d7-8162d04b2be1', '5d5a14eb-1dfa-1a5b-7fb4-543cf3233de1', 0, '2006-08-31', '1970-01-08', '1978-09-11 13:07:46', '1970-01-01 00:03:17', '64461d88-7e6b-5423-c300-73728ad2d17f', '22c69f81-421f-5ff9-690e-a301df02d928'),
('585202a6-6e03-5fc1-45d4-35a726f0ef4c', 'LHP-389193', '34aa5486-2c77-66d0-69e1-d1c6b9046484', '2d1cbb83-6539-4e94-f910-81c42d958f77', 0, '1973-04-27', '1994-12-27', '1975-04-25 09:58:52', '1997-08-23 19:19:51', '724cda7e-3e73-6365-b639-7fa89fdac40f', '498d18a7-5242-6712-59b5-dbdeded26587'),
('596a784a-1280-53ab-df9f-8dd6f6d7e4f8', 'LHP-447306', '65b096ee-27a1-3299-5396-5315d56cca6a', '7aa0d2fc-7919-2632-226d-ebb174b30257', 0, '1997-08-05', '1970-01-09', NULL, '1979-05-09 03:32:00', '3ef08788-4f37-781e-5a44-fdef82b41d42', '22c69f81-421f-5ff9-690e-a301df02d928'),
('5980bf8f-7bfe-297f-46d4-35a726f0ef4c', 'LHP-458039', '79aa1701-3832-5957-d522-0014b5e3c4fa', '223a95f8-69c3-120f-0722-6d00901b693d', 0, '1970-01-04', '1986-03-03', '2002-10-24 00:28:49', NULL, '3ef08788-4f37-781e-5a44-fdef82b41d42', '22c69f81-421f-5ff9-690e-a301df02d928'),
('5c0e3c2f-1314-1895-1874-af6b0c9d8171', 'LHP-223552', '6ee7b76e-4e24-7845-58c2-1cf647aea761', '4daf2c6b-1ddc-1d46-81b4-543cf3233de1', 0, '2004-10-15', '1971-12-07', NULL, NULL, '724cda7e-3e73-6365-b639-7fa89fdac40f', '22c69f81-421f-5ff9-690e-a301df02d928'),
('5d8cf4be-1db0-46b1-90fd-ed7281085324', 'LHP-939982', '1dcbd8f9-7976-3818-a617-2d57fd0c36be', '48c65f94-7434-2fea-3c88-b0b9ae204823', 0, '2019-09-05', '1994-01-31', '1994-12-31 06:02:58', '2003-03-22 14:47:22', '60fab728-7aa7-21c3-ce84-fd5984725e29', '517f7b20-603a-53f2-50c3-2450fa6a3f0f'),
('602ffdd9-74d7-5588-e09f-8dd6f6d7e4f8', 'LHP-016753', '30b2ba1b-395c-7858-d722-0014b5e3c4fa', '3bdff58c-238a-7ef6-fa10-81c42d958f77', 0, '1978-03-14', '2011-06-10', '1970-01-01 00:21:08', '1997-02-04 11:14:16', '64461d88-7e6b-5423-c300-73728ad2d17f', '498d18a7-5242-6712-59b5-dbdeded26587'),
('6077820c-62de-41d4-44d4-35a726f0ef4c', 'LHP-686205', '65b096ee-27a1-3299-5396-5315d56cca6a', '3c91224b-4b43-19fd-9e37-9dd9a18b459d', 0, '1987-09-02', '1976-11-21', '1978-01-18 14:43:20', '1970-01-01 00:00:09', '724cda7e-3e73-6365-b639-7fa89fdac40f', '498d18a7-5242-6712-59b5-dbdeded26587'),
('6146aa2c-1352-7c93-e19f-8dd6f6d7e4f8', 'LHP-661684', '219af9a0-3833-4074-a5b7-a919cab3d500', '323d0b5f-475d-44ae-0b22-6d00901b693d', 0, '1987-07-07', '1970-01-01', '1982-09-02 01:06:06', '1992-03-04 10:41:49', '3ef08788-4f37-781e-5a44-fdef82b41d42', '517f7b20-603a-53f2-50c3-2450fa6a3f0f'),
('634a6b82-31c1-2a10-32bf-2d1df1341b8b', 'LHP-913174', '1b2e57dc-23af-2fc9-56c2-1cf647aea761', '263278e1-740e-5ad0-236d-ebb174b30257', 0, '2016-09-06', '2011-08-30', '1975-12-12 12:12:04', '1982-01-09 02:22:02', '724cda7e-3e73-6365-b639-7fa89fdac40f', '22c69f81-421f-5ff9-690e-a301df02d928'),
('63e5935e-5bcc-2a98-2ebf-2d1df1341b8b', 'LHP-055643', '219af9a0-3833-4074-a5b7-a919cab3d500', '265c84f7-2fb8-3d6a-94ff-d2edd7bbd6fa', 0, '2018-11-24', '1988-07-08', '2017-09-28 09:30:48', '1970-01-01 00:41:57', '60fab728-7aa7-21c3-ce84-fd5984725e29', '498d18a7-5242-6712-59b5-dbdeded26587'),
('68a7deef-78e5-3a2a-355a-5dc145ca32c0', 'LHP-579830', '5704318c-3da1-221f-c1d7-8162d04b2be1', '70788815-6dd2-67e4-f810-81c42d958f77', 0, '2010-01-22', '1984-07-26', '1970-01-01 00:51:57', '1987-11-23 04:41:47', '724cda7e-3e73-6365-b639-7fa89fdac40f', '22c69f81-421f-5ff9-690e-a301df02d928'),
('6c2beba5-4d8d-2def-74b2-6fc19c70b90a', 'LHP-115099', '68745d92-3f34-6c84-a317-2d57fd0c36be', '1ba1320a-5a87-2d48-97ff-d2edd7bbd6fa', 0, '2012-01-08', '2019-02-15', '2019-01-17 17:31:52', '1970-01-01 00:00:08', '3ef08788-4f37-781e-5a44-fdef82b41d42', '22c69f81-421f-5ff9-690e-a301df02d928'),
('732652cf-2f61-15d9-2c89-b7f541585633', 'LHP-215540', '6ee7b76e-4e24-7845-58c2-1cf647aea761', '2be19e16-23ef-2af2-93ff-d2edd7bbd6fa', 0, '2004-10-22', '1991-07-26', '1972-04-03 20:18:03', '1975-07-20 01:04:58', '60fab728-7aa7-21c3-ce84-fd5984725e29', '22c69f81-421f-5ff9-690e-a301df02d928'),
('7362b293-61fb-57e2-335a-5dc145ca32c0', 'LHP-859939', '6a90a400-76ac-5619-3d77-9e4463160e48', '4877d27b-325f-4a38-9c37-9dd9a18b459d', 0, '1978-06-15', '2011-01-24', '2016-10-06 07:03:21', '1970-01-01 01:52:44', '60fab728-7aa7-21c3-ce84-fd5984725e29', '517f7b20-603a-53f2-50c3-2450fa6a3f0f'),
('73a00f62-412c-14ce-31bf-2d1df1341b8b', 'LHP-782433', '26555a6e-1944-3eeb-a9b7-a919cab3d500', '227bb43c-1eaa-5726-b282-1b8b8623dfb6', 0, '1995-11-23', '2007-02-16', '1992-01-07 00:13:54', '2019-10-22 23:59:57', '3ef08788-4f37-781e-5a44-fdef82b41d42', '456df03c-703b-5ff2-680e-a301df02d928'),
('74699f4c-451b-7731-cb54-0f2512404bdf', 'LHP-907093', '76a491cb-3530-6506-be02-28cbae4b6f1a', '37f249b9-3399-5b07-7db4-543cf3233de1', 0, '2000-07-26', '1970-01-02', '1970-01-01 00:00:07', NULL, '64461d88-7e6b-5423-c300-73728ad2d17f', '456df03c-703b-5ff2-680e-a301df02d928'),
('78b15bd8-40bf-38cc-1774-af6b0c9d8171', 'LHP-246376', '65830c37-61cd-74d8-6be1-d1c6b9046484', '36367cb7-6946-25a9-3d88-b0b9ae204823', 0, '1973-06-21', '1975-07-18', '1970-01-01 00:00:04', '2006-11-19 03:28:01', '64461d88-7e6b-5423-c300-73728ad2d17f', '22c69f81-421f-5ff9-690e-a301df02d928'),
('78cdd455-661c-1415-77b2-6fc19c70b90a', 'LHP-763328', '49977065-44e0-58fe-89cc-aea518759ca4', '2feb5322-5141-4fa1-9a37-9dd9a18b459d', 0, '2013-09-02', '1987-04-24', '1973-08-04 21:44:39', '1993-09-03 12:58:58', '64461d88-7e6b-5423-c300-73728ad2d17f', '517f7b20-603a-53f2-50c3-2450fa6a3f0f'),
('78ec1618-3b10-13bc-1974-af6b0c9d8171', 'LHP-750327', '73c68ba2-795b-1989-bcd7-8162d04b2be1', '6cf1f8db-32a5-5a4f-b382-1b8b8623dfb6', 0, '2014-02-14', '1978-12-29', '1980-09-17 14:16:28', '1970-01-01 00:00:10', '3ef08788-4f37-781e-5a44-fdef82b41d42', '498d18a7-5242-6712-59b5-dbdeded26587'),
('7a69ae9c-561e-58c1-30bf-2d1df1341b8b', 'LHP-599133', '26555a6e-1944-3eeb-a9b7-a919cab3d500', '3c91224b-4b43-19fd-9e37-9dd9a18b459d', 0, '1970-01-07', '1970-05-15', '1974-08-27 16:25:00', NULL, '64461d88-7e6b-5423-c300-73728ad2d17f', '517f7b20-603a-53f2-50c3-2450fa6a3f0f'),
('7d22876a-7262-128c-43d4-35a726f0ef4c', 'LHP-803422', '6e3e9327-36d6-6b17-5196-5315d56cca6a', '1bc8eb53-2210-26e1-96ff-d2edd7bbd6fa', 0, '1976-03-23', '2019-10-05', '2002-08-13 06:52:26', '1989-07-10 23:34:31', '3ef08788-4f37-781e-5a44-fdef82b41d42', '456df03c-703b-5ff2-680e-a301df02d928'),
('7eae0314-2b9b-18f2-e29f-8dd6f6d7e4f8', 'LHP-375975', '2403d390-125c-3be2-59c2-1cf647aea761', '13c492fe-4b42-7df4-95ff-d2edd7bbd6fa', 0, '2012-04-05', '2001-05-06', '1970-01-01 00:08:53', '1970-01-01 00:00:02', '3ef08788-4f37-781e-5a44-fdef82b41d42', '22c69f81-421f-5ff9-690e-a301df02d928'),
('7ff6d971-2e0e-4fa3-1a0f-df0f613299a6', 'LHP-580804', '739cd112-244b-70d7-d222-0014b5e3c4fa', '265c84f7-2fb8-3d6a-94ff-d2edd7bbd6fa', 0, '1970-02-23', '1970-01-06', '1970-01-01 00:00:54', '1970-01-01 00:00:06', '60fab728-7aa7-21c3-ce84-fd5984725e29', '456df03c-703b-5ff2-680e-a301df02d928');

-- 
-- Dumping data for table building
--
INSERT INTO building VALUES
('131cd73b-3657-43f5-201e-21c6d80fbd76', 'Nhà A5', 'A389B0Q2KN6025V25I04SEYE29W383V', '2019-02-27 10:09:42', '2004-12-25 02:46:16'),
('174b8763-2707-7cb1-3c71-153b37881afe', 'Nhà B7', '363695B1', '1982-12-01 07:02:51', '1970-05-18 05:31:21'),
('188263d8-1426-370e-3869-9f77bda75690', 'Nhà B5', '9', '1984-07-06 02:44:14', '1991-05-13 15:44:41'),
('1ef50b1c-1203-7f02-3a80-3a2297d01534', 'Nhà C3', 'C7TFP8J4K90', '1970-01-01 00:00:05', '1972-03-31 18:32:26'),
('271a41be-5739-6088-3795-2c566fa88632', 'Nhà A1', '23Z8WKM2Y0', '1983-05-14 02:01:07', '2010-03-14 05:09:24'),
('2a3cacd6-1a30-6760-3769-9f77bda75690', 'Nhà C6', '5ZVNGS01658Y04R068W1A', '1976-05-16 04:22:38', '2020-07-17 05:10:25'),
('2b5f15b9-17d9-57e8-1e4a-aea48a10ed18', 'Nhà B1', '393JM7E1D2C2X0MP2V9LF89T7J99O5URS798EPL4', '2012-09-03 05:31:45', '2012-05-26 07:17:20'),
('3052c754-3516-667a-3980-3a2297d01534', 'Nhà A6', 'GRPI32O53IPM4L53F0', '2016-12-17 00:10:02', '2002-11-30 22:22:41'),
('34bd2cef-5026-567c-3b71-153b37881afe', 'Nhà B8', 'ZC4918H63E53084IZK5W36SF10M4TKD', '1970-01-01 00:00:09', '1989-12-17 07:54:35'),
('3679a94f-304b-6e8d-53cb-b8d37b68af4d', 'Nhà B2', '4POW4T028685MRPJ37ZOQJ90QN48839', '1970-01-01 00:00:02', '1995-07-09 11:31:59'),
('3c39055f-64c2-11b9-f7b4-c8af08a50cbf', 'Nhà A2', '7PVP3496N3HQZZP462', '1970-01-01 00:12:43', '1995-05-12 01:43:25'),
('3c91bd67-6353-1edc-1f4a-aea48a10ed18', 'Nhà A4', '47BWRVNT', '1980-06-15 15:41:58', '2016-04-14 12:48:36'),
('3cf1ead4-291e-575d-3b80-3a2297d01534', 'Nhà C4', 'VE3TR4G21Q24FOANIJM', '1985-03-26 05:34:53', '2011-09-09 23:06:31'),
('3ef40874-7653-5c65-2726-978952f080e4', 'Nhà A8', '4P', '2015-05-26 23:58:02', NULL),
('438598e2-2574-4fc8-2626-978952f080e4', 'Nhà B3', 'EF897LN7YI2452P541O3FO4423VHZP9YU39YN', '1970-01-01 00:00:01', '1998-07-14 09:29:08'),
('43a6bdf5-1b6b-451b-3695-2c566fa88632', 'Nhà B9', '7KB3MW1', '1970-01-01 00:31:40', '2015-06-22 10:18:56'),
('48d04691-671b-2f98-de69-4afe230d73a5', 'Nhà B6', 'V7IO590050', '2002-11-21 13:11:55', '1976-05-30 00:06:06'),
('536f0d7b-6fd5-2bb9-52cb-b8d37b68af4d', 'Nhà C5', '5DHY82946YRTSS9A2F59UUMCUX4N7086AGK44206BBVG9531199YU0I076CS3Z1415A7F2701W', '1974-06-01 06:55:33', '1989-04-25 09:57:41'),
('64a59a25-2488-54b0-f6b4-c8af08a50cbf', 'Nhà C9', '7782C8I43ZWS95AOEX9BT4SCUB3L183RVH4S728N9C8Q0U4MC7NKW0YQV0U43GV82IUM', '1977-10-09 08:27:44', '1970-01-01 02:13:43'),
('674934cc-42cf-20cf-1d4a-aea48a10ed18', 'Nhà B4', '88XI4E5CAG66579F0DLO082DY04B19TXH96W4A', '1970-01-01 00:00:07', '2001-10-30 12:16:14'),
('6fcbca4a-7938-4339-51cb-b8d37b68af4d', 'Nhà A9', '4WTO14K2BMFA19V', '1977-07-28 15:56:48', '2016-12-28 21:02:53'),
('70edc7b9-702f-70b2-3d71-153b37881afe', 'Nhà A3', 'WF0BI0326G650D3', NULL, '1984-07-27 18:44:46'),
('794ca02a-1314-6ec3-df69-4afe230d73a5', 'Nhà C8', '256ZT7PHWM7YNC7G0TN4ZR1E1RU48YVJ1LJ7V5LST6RUH', '1970-01-01 00:00:03', '2015-12-22 05:16:52'),
('79c13594-4781-1b7c-204a-aea48a10ed18', 'Nhà A7', 'X', '2014-01-10 11:16:09', '2002-02-25 16:33:12'),
('7e336cda-7f4c-3a8e-3895-2c566fa88632', 'Nhà C2', '3N7G06R5Y6CBS3R33I2P756H6QY9F80S52Q0G592K2T0760VL3O01ZAAF', '1996-07-17 17:09:50', '1975-08-10 18:14:00'),
('7fc94edc-2827-7327-1f1e-21c6d80fbd76', 'Nhà C1', '2RUOW87TJ6HKE032F2GN8Y9F9', '2004-03-13 21:17:24', '1970-01-01 00:15:23');

-- 
-- Dumping data for table class
--
INSERT INTO class VALUES
('12437806-26ac-3517-9c0b-87ae14180c33', 'L-967322', 'Moises294', '48b51439-3625-6c0c-7532-03c92da59c43', '493bb3e1-766d-55a9-c0c6-d72f24192909', '2006-08-20 20:25:09', '1984-07-06 22:22:42'),
('148ed882-32b8-218e-9c20-39c2f00615e8', 'L-101838', 'Ligon568', '1be69f15-643e-70f9-937d-817a123d365d', '54b181af-3f2c-75a4-f463-8a7ba31d9960', '1997-11-12 12:13:21', '2020-08-01 04:53:59'),
('14ee7bc0-194c-3948-57be-406293204378', 'L-268401', 'Adah769', '6372ae64-666a-386b-7732-03c92da59c43', '4f2ac8a2-6e43-5660-db11-56e108b1c222', '1999-12-29 18:10:57', '1970-01-01 00:10:13'),
('15cb3909-1246-2add-33de-23e177779933', 'L-516146', 'Byrne2010', '591c508e-5750-32f1-fa88-479bce9b28fc', '509412e8-33ab-7070-adb3-cad96b318fc3', '1970-01-01 00:10:47', '1993-11-17 20:20:07'),
('15d0d796-1465-4665-fc83-196123975cb2', 'L-796815', 'Sachiko27', '33cb82bf-3ae2-5d80-a6a9-deaf32c96293', '31364645-14ed-27fc-d711-56e108b1c222', '2002-10-27 00:04:54', '1972-07-16 03:36:40'),
('182ac03d-3bc5-1d27-7309-bf1378b8dc91', 'L-830692', 'Aguilera335', '624084f1-7f9b-404a-d3eb-e423f1575e00', '35d77883-4826-73d7-dd11-56e108b1c222', '1970-01-01 00:00:05', '1999-08-13 11:25:01'),
('1b691e79-236d-5b5a-9d20-39c2f00615e8', 'L-652187', 'Overton2023', '6372ae64-666a-386b-7732-03c92da59c43', '2db421f5-6b7f-6073-d911-56e108b1c222', '1983-04-06 13:03:57', '1970-01-01 00:01:08'),
('1d3986c3-11ae-3e82-85c0-08fd2f807219', 'L-146172', 'Ray261', '4c23f8b5-378c-4c80-e23d-c9e9e9038fe2', '41e722fd-3920-5eab-c1c6-d72f24192909', '1990-03-09 22:18:07', '1970-01-01 00:00:03'),
('1f94a596-32c4-2a29-8ad5-ba100c6f7bce', 'L-740526', 'Blake1978', '7c7907fa-630d-24ef-8f7d-817a123d365d', '21d97f61-513d-59dc-abb3-cad96b318fc3', '1991-11-03 02:38:32', '1970-01-01 00:00:09'),
('204c0070-4a99-51b1-7209-bf1378b8dc91', 'L-705895', 'Lawson344', '447816de-6069-15bf-de3d-c9e9e9038fe2', '1e7e748b-3649-7599-f663-8a7ba31d9960', '1994-04-01 21:33:13', '1970-01-01 01:45:10'),
('20bbbd0b-3c4a-7d94-6f09-bf1378b8dc91', 'L-379221', 'Winstead2015', '1cab3f5f-2daa-759f-e936-63d5d5eff719', '1dbfb5d7-443b-64f9-3d97-c414fa26c3e6', '1985-04-23 21:21:08', '2007-02-16 10:21:23'),
('22f29725-54f0-11f0-9d0b-87ae14180c33', 'L-768413', 'Alfaro542', '23060425-29ea-366e-917d-817a123d365d', '75e7e6b9-4cb6-3cd1-3c97-c414fa26c3e6', '2014-11-12 23:06:43', '2012-12-19 09:47:12'),
('234d2569-6b1c-720c-9f20-39c2f00615e8', 'L-789996', 'Argentina111', '1cab3f5f-2daa-759f-e936-63d5d5eff719', '7d1ab01b-1952-7b5d-dd18-0ccabe85ff46', '1970-01-01 02:16:16', '1984-09-18 09:11:20'),
('2520d168-1494-4217-89d5-ba100c6f7bce', 'L-990313', 'Almeida2000', '18abd72d-12e2-25c0-d4eb-e423f1575e00', '1e7e748b-3649-7599-f663-8a7ba31d9960', '1986-12-14 18:48:23', '2017-11-02 09:34:23'),
('2535c718-4dd9-311b-8cd5-ba100c6f7bce', 'L-246819', 'Petrie21', '19029793-2caa-7372-e03d-c9e9e9038fe2', '4f2ac8a2-6e43-5660-db11-56e108b1c222', '1970-01-01 00:04:04', '1970-01-01 00:09:35'),
('25502e11-38ba-4c53-fe83-196123975cb2', 'L-442089', 'Marlin2013', '447816de-6069-15bf-de3d-c9e9e9038fe2', '42578c3c-627c-6196-afb3-cad96b318fc3', '1986-11-11 18:02:38', '1970-01-01 01:57:04'),
('25c6c36e-1668-7d10-6e09-bf1378b8dc91', 'L-314701', 'Goetz1965', '1b07cb9d-5d72-7da0-7a32-03c92da59c43', '2319eaf6-7292-2a06-5533-57d1d013a38f', NULL, '1992-04-04 21:50:55'),
('26de5798-48e1-14d3-9f0b-87ae14180c33', 'L-184046', 'Aguiar177', '73612d31-3ee3-7447-8e7d-817a123d365d', '6e33d899-6a6c-5534-bfc6-d72f24192909', NULL, NULL),
('28018b36-16ff-393b-a020-39c2f00615e8', 'L-667805', 'Hanlon859', '1b07cb9d-5d72-7da0-7a32-03c92da59c43', '1e7e748b-3649-7599-f663-8a7ba31d9960', '2008-02-06 15:30:15', '1985-12-13 17:45:40'),
('2cc5723c-56c3-7df9-8bd5-ba100c6f7bce', 'L-223085', 'Kenna511', '4c23f8b5-378c-4c80-e23d-c9e9e9038fe2', '13d0dbbe-3117-4edc-c3c6-d72f24192909', '1994-10-20 14:35:48', '1985-07-03 06:44:45'),
('2ea8deee-1b95-2a51-88d5-ba100c6f7bce', 'L-365526', 'Albertson9', '2102924a-510c-7251-a026-71cca92946bf', '46b17b19-2346-6291-284c-4663158f29cd', '1970-01-01 00:00:31', NULL),
('354f1b13-17bf-1b52-87d5-ba100c6f7bce', 'L-938114', 'Florentina2022', '55fa016b-2a15-4bb2-907d-817a123d365d', '2630a8b2-53c5-5917-de11-56e108b1c222', '1988-12-19 20:27:32', NULL),
('357d7c4e-4b7f-11c2-84c0-08fd2f807219', 'L-671224', 'Frederick2022', '33cb82bf-3ae2-5d80-a6a9-deaf32c96293', '4d10a10b-7811-3be5-9368-4c288799f5a9', '2004-06-07 17:03:52', NULL),
('36104b10-705b-57a8-83c0-08fd2f807219', 'L-768682', 'Crouse646', '1be69f15-643e-70f9-937d-817a123d365d', '6064916e-41bf-144d-3ce8-d81fec7b0976', '1970-01-01 00:15:15', '1997-10-08 21:11:14'),
('3700cc49-55b5-69ea-4929-a2925c0f334d', 'L-518451', 'Lonna33', '3735267c-70eb-3878-f888-479bce9b28fc', '7f1af386-5055-17f2-3de8-d81fec7b0976', '1970-07-17 11:54:22', '1970-01-01 01:08:43'),
('37dd9bb0-4c53-4134-31de-23e177779933', 'L-535401', 'Eugenie1979', '6f77cf88-340e-5862-ec36-63d5d5eff719', '61b9cb60-344e-7294-f363-8a7ba31d9960', '1970-01-01 00:09:27', '2007-01-01 21:37:28'),
('38528581-656f-2902-32de-23e177779933', 'L-117964', 'Melonie3', '722b9311-5848-503b-8bdb-f21ac591aca5', '6064916e-41bf-144d-3ce8-d81fec7b0976', NULL, '2019-06-10 02:51:19'),
('38fae0a4-2a8d-7751-17cf-9712082ff6cb', 'L-745905', 'Becker2004', '4658f1a5-5d8d-49ba-7932-03c92da59c43', '21d97f61-513d-59dc-abb3-cad96b318fc3', '1970-01-01 00:00:58', '1970-01-01 00:36:44'),
('3b86d2ed-446c-5fce-56be-406293204378', 'L-038589', 'Alonso823', '71952621-23c8-61d2-d0eb-e423f1575e00', '6728f19b-3625-45a1-de18-0ccabe85ff46', '1975-01-21 23:46:45', '1996-02-05 16:19:47'),
('3bad7541-7915-6d1b-34de-23e177779933', 'L-936112', 'Janita2009', '79aca385-65e3-1ebe-f488-479bce9b28fc', '1d0abbf4-25e1-52a8-f563-8a7ba31d9960', '1991-01-04 21:54:44', NULL),
('40480f96-2014-7c36-4c29-a2925c0f334d', 'L-976951', 'Joe2002', '73612d31-3ee3-7447-8e7d-817a123d365d', '7d1ab01b-1952-7b5d-dd18-0ccabe85ff46', '1984-02-01 03:34:26', '1970-01-01 00:01:38'),
('40dcb887-554e-6059-a120-39c2f00615e8', 'L-836244', 'Atkinson8', '786019cb-7e1c-2ab9-d2eb-e423f1575e00', '57cccbf8-1f47-44c0-3be8-d81fec7b0976', '1998-09-27 12:07:51', '1989-02-19 02:44:10'),
('41c2dce0-2c38-3bc6-16cf-9712082ff6cb', 'L-419450', 'Salerno2018', '18abd72d-12e2-25c0-d4eb-e423f1575e00', '7d1ab01b-1952-7b5d-dd18-0ccabe85ff46', '2020-07-16 18:19:17', '2006-09-11 17:00:24'),
('486f3705-5928-5b0d-15cf-9712082ff6cb', 'L-120892', 'Benson1956', '423d5b84-2191-6cce-df3d-c9e9e9038fe2', '7d1ab01b-1952-7b5d-dd18-0ccabe85ff46', '1972-09-04 13:23:16', '2016-12-29 00:12:49'),
('4931f441-237d-4e19-9e0b-87ae14180c33', 'L-129147', 'Atwell2028', '79aca385-65e3-1ebe-f488-479bce9b28fc', '65f88ca0-629b-53e0-254c-4663158f29cd', '1970-01-01 00:10:23', '2014-12-01 09:45:38'),
('4a4a8c90-2e57-215e-58be-406293204378', 'L-593423', 'Stephen2028', '591c508e-5750-32f1-fa88-479bce9b28fc', '31364645-14ed-27fc-d711-56e108b1c222', NULL, '1993-05-30 20:00:46'),
('4d759fc8-400f-6e8f-5bbe-406293204378', 'L-578431', 'Lucie2024', '1b07cb9d-5d72-7da0-7a32-03c92da59c43', '531bb86c-71cc-456d-9668-4c288799f5a9', '1970-01-01 00:01:38', '1970-02-12 00:03:08'),
('4fbf7ac2-4f95-259e-fd83-196123975cb2', 'L-422132', 'Augustina1975', '79aca385-65e3-1ebe-f488-479bce9b28fc', '1e7e748b-3649-7599-f663-8a7ba31d9960', '1973-02-17 03:07:11', '1994-11-19 14:03:35'),
('53baae5e-52f2-2642-4a29-a2925c0f334d', 'L-465259', 'Wilbanks49', '65b12b02-26ca-4497-f988-479bce9b28fc', '2630a8b2-53c5-5917-de11-56e108b1c222', '2000-04-06 17:37:38', '1982-11-28 00:21:49'),
('57a3f48f-1c1d-1f04-9e20-39c2f00615e8', 'L-156792', 'Effie769', '71a5d760-185e-3522-ea36-63d5d5eff719', '35d77883-4826-73d7-dd11-56e108b1c222', '1970-01-01 00:00:14', '1989-09-23 06:51:32'),
('5c9f5f1a-6f5c-49cc-59be-406293204378', 'L-290317', 'Dunning284', '423d5b84-2191-6cce-df3d-c9e9e9038fe2', '394b238c-2ef4-4298-5333-57d1d013a38f', '2012-12-03 10:10:50', '1970-01-01 00:01:05'),
('5ee2ba7f-49ee-5b09-5cbe-406293204378', 'L-493286', 'Wen186', '3a815850-6881-72da-7832-03c92da59c43', '1fc853bd-2cd7-7198-264c-4663158f29cd', NULL, '1970-01-01 00:00:05'),
('62a849b4-1145-4227-7009-bf1378b8dc91', 'L-839810', 'Abbie2007', '3735267c-70eb-3878-f888-479bce9b28fc', '7d1ab01b-1952-7b5d-dd18-0ccabe85ff46', '1982-03-14 06:20:22', '1970-01-01 00:00:01'),
('6b47b37f-3123-3ce7-14cf-9712082ff6cb', 'L-192075', 'Blake1987', '71a5d760-185e-3522-ea36-63d5d5eff719', '61b9cb60-344e-7294-f363-8a7ba31d9960', '1998-07-24 08:08:24', '1983-02-10 08:06:40'),
('6c2d254c-51c8-2ac9-7409-bf1378b8dc91', 'L-175803', 'Sharp5', '624084f1-7f9b-404a-d3eb-e423f1575e00', '54b181af-3f2c-75a4-f463-8a7ba31d9960', '1970-01-01 00:00:54', '1970-01-01 00:00:07'),
('6e98d16d-1cee-3d90-4d29-a2925c0f334d', 'L-469475', 'Adena734', '18abd72d-12e2-25c0-d4eb-e423f1575e00', '493bb3e1-766d-55a9-c0c6-d72f24192909', '1970-01-01 00:51:28', '2015-01-29 05:34:06'),
('749af78e-699e-5d1e-7109-bf1378b8dc91', 'L-348851', 'Abernathy1993', '33cb82bf-3ae2-5d80-a6a9-deaf32c96293', '7f1af386-5055-17f2-3de8-d81fec7b0976', '1970-01-01 00:57:14', '2013-12-11 13:27:06'),
('749f165c-16de-4b32-86c0-08fd2f807219', 'L-144842', 'Lazaro1990', '7c7907fa-630d-24ef-8f7d-817a123d365d', '4baccce5-4bee-4345-c2c6-d72f24192909', '1970-01-01 00:06:23', '1975-12-14 01:29:24'),
('7c94355d-4702-3a9b-5abe-406293204378', 'L-704070', 'Barker7', '5505f99a-2199-2c7a-8e5e-60fe4d31c979', '4d10a10b-7811-3be5-9368-4c288799f5a9', '2000-09-29 05:33:58', '2017-11-02 22:09:26'),
('7dbd90f6-6015-12c6-4b29-a2925c0f334d', 'L-929843', 'Joe92', '6372ae64-666a-386b-7732-03c92da59c43', '1d0abbf4-25e1-52a8-f563-8a7ba31d9960', '1970-01-01 00:00:06', '1971-01-15 02:54:00');

-- 
-- Dumping data for table practicegroup
--
INSERT INTO practicegroup VALUES
('159bcc53-758d-4626-d9c3-9fde8866bc46', 'RFYAR', '6146aa2c-1352-7c93-e19f-8dd6f6d7e4f8', 'Vito99', '7b90d905-6d57-6943-3e77-9e4463160e48', NULL, '1970-01-01 00:09:00', NULL),
('16d6b976-6625-2879-9971-4e63d198e188', '251U3F', '78cdd455-661c-1415-77b2-6fc19c70b90a', 'Victor1957', '65830c37-61cd-74d8-6be1-d1c6b9046484', 'J603DQQ5B867F1CG38U5P9QB4JE27D79711J1B68JUFUF', '1985-08-05 22:39:54', '1986-11-19 10:42:43'),
('18986ec9-7751-7ece-f30e-1e906dfe5560', '40449', '74699f4c-451b-7731-cb54-0f2512404bdf', 'Natalya2012', '6c06367d-250b-7f9f-c002-28cbae4b6f1a', '6DM1962A', '2017-06-19 22:18:43', '1970-01-01 02:04:26'),
('1947c942-7f63-267d-d6c3-9fde8866bc46', 'YE7Y6N', '29b9e885-31c8-49e5-1474-af6b0c9d8171', 'Rashad1950', '79aa1701-3832-5957-d522-0014b5e3c4fa', '6I979REB060A9KTNL76ZZGH60C438YIL96D1HE172QO2OZ4M89WV06T0I99', '1993-09-30 06:52:54', '1990-07-24 04:01:05'),
('1aa4e297-5c74-76c5-67cb-9a771b60f9dd', '24', '63e5935e-5bcc-2a98-2ebf-2d1df1341b8b', 'Joslyn1981', '2f014189-374b-4bbf-5ac2-1cf647aea761', 'EW92M78IPV9573ZQ9XF2EH8KAMX90602CP337Y666U25R0D57B5GLEI79DA26S41P697P2H2OB203M9CP1LD4F25D4M1RM32LT7A9AK1U0X2A11F868K89868IU584019U528E6MHXIYXV4WX8H86AJ2V9SM77V07L98B8028Q7L5TD5027H9515SP8PVML96OT5XQNB45476CUQML', '1971-03-29 13:30:55', '2012-10-10 17:36:18'),
('258a3136-2cc5-1d10-8126-d0b1ec00486f', 'NH6R27O', '26280dfa-2c0f-3f26-78b2-6fc19c70b90a', 'Arcelia2017', '30b2ba1b-395c-7858-d722-0014b5e3c4fa', '72M3046A619O565IH083DJNA22D03I9VI', '2008-11-28 07:22:18', '1988-09-24 10:24:34'),
('27683b01-6f8f-7bd7-d8c3-9fde8866bc46', 'I', '7362b293-61fb-57e2-335a-5dc145ca32c0', 'Donn23', '1dcbd8f9-7976-3818-a617-2d57fd0c36be', '6F803Z', '1992-11-17 02:57:26', '1970-01-01 00:00:45'),
('27b4c160-498c-475b-ca03-bda575a10914', 'F220P5', '78cdd455-661c-1415-77b2-6fc19c70b90a', 'Debbi6', '30b2ba1b-395c-7858-d722-0014b5e3c4fa', '741U', '1970-01-01 01:26:34', '1984-01-09 11:14:48'),
('2a438a5c-7ac6-41bd-66cb-9a771b60f9dd', 'R45', '7eae0314-2b9b-18f2-e29f-8dd6f6d7e4f8', 'Kaye965', '3c35e9ce-442a-74a5-bf02-28cbae4b6f1a', '8', '1970-01-01 00:02:17', '1983-02-11 21:06:20'),
('30c7316c-4da7-48d5-0d24-752070424bc8', '9M', '585202a6-6e03-5fc1-45d4-35a726f0ef4c', 'Felicia16', '73c68ba2-795b-1989-bcd7-8162d04b2be1', 'FVO2C5D08M5UFTM71Y583E931913P5', '1970-01-01 00:00:01', '1972-03-30 00:59:03'),
('34adcd4b-547b-7009-69cb-9a771b60f9dd', 'E30K577220', '6146aa2c-1352-7c93-e19f-8dd6f6d7e4f8', 'Seth1956', '6a90a400-76ac-5619-3d77-9e4463160e48', '95RSA0Y81660SE3B820HZBSXQ762M11E9E41K842', '2010-09-19 00:53:44', '1970-01-01 00:00:01'),
('37d7b6c9-21c3-44fd-f20e-1e906dfe5560', '9', '7d22876a-7262-128c-43d4-35a726f0ef4c', 'Corine1955', '1b2e57dc-23af-2fc9-56c2-1cf647aea761', '4W3N11K5IUY4B057EKZM5F8FTI', '1980-06-02 04:26:33', '2000-12-06 16:12:23'),
('38ce3110-3af5-62f0-d7c3-9fde8866bc46', '2N', '602ffdd9-74d7-5588-e09f-8dd6f6d7e4f8', 'Ignacio2003', '1b2e57dc-23af-2fc9-56c2-1cf647aea761', 'CSZITLLZ192240M05W', '2000-10-20 11:33:49', '1992-03-18 00:21:38'),
('3f866cf6-3b4f-2077-f4d8-f66e8baab1ae', 'O3IU', '78ec1618-3b10-13bc-1974-af6b0c9d8171', 'Wilford1999', '137d58e0-7896-6d7c-4277-9e4463160e48', '22686T0E', NULL, '2007-07-01 17:34:34'),
('40125161-2eb4-1358-6acb-9a771b60f9dd', 'Q261', '74699f4c-451b-7731-cb54-0f2512404bdf', 'Clemente544', '2403d390-125c-3be2-59c2-1cf647aea761', NULL, '1970-01-01 01:54:52', NULL),
('408582ca-5daa-660a-7f16-192900f892f7', '07564327', '26ece8ec-40b8-2518-91fd-ed7281085324', 'Garth1969', '5feb671b-71df-3edc-c202-28cbae4b6f1a', '90W2UZ9WA', '1970-01-01 00:09:25', '1992-08-20 09:34:30'),
('41af59e7-1566-694e-f2d8-f66e8baab1ae', '0IZ3DS', '4abc21a0-3ad5-4d68-1c0f-df0f613299a6', 'Eufemia2', '76a491cb-3530-6506-be02-28cbae4b6f1a', 'KCA525H8Z85A2B948F6J1088', '1970-01-01 00:00:08', '2001-05-31 00:48:27'),
('446a1d5f-7493-73ca-f5d8-f66e8baab1ae', '5', '35c94ecf-31c9-4c2b-2cbf-2d1df1341b8b', 'Corina257', '68745d92-3f34-6c84-a317-2d57fd0c36be', NULL, '1997-11-27 20:28:06', NULL),
('46e3cf6c-6cd6-7c12-ed0e-1e906dfe5560', 'ATZF1D6MA1', '364a12ae-640c-153b-1674-af6b0c9d8171', 'Brandi927', '28cd31d4-7c28-3bc3-bed7-8162d04b2be1', NULL, '1970-01-01 00:14:02', NULL),
('499e5f33-3847-3f4b-e14e-3b575a39a32d', 'GJ76V0QJ97M', '35c94ecf-31c9-4c2b-2cbf-2d1df1341b8b', 'Willy728', '5eef0205-40f6-1212-a517-2d57fd0c36be', 'OAFZ1YYV4X9OYL8822G3V9M0E4W217D16AM00832LK6JU207', '2017-07-09 22:36:52', '2012-06-20 03:08:53'),
('49e17379-383f-2528-9871-4e63d198e188', 'K62M1M79G4', '6146aa2c-1352-7c93-e19f-8dd6f6d7e4f8', 'Alexis2013', '186da8b7-3c6b-798b-d422-0014b5e3c4fa', 'R2GC4WFR9910Q09KM42820749299269X5BBX1897YE7FC5X490UV06Z', '1970-01-01 00:00:06', '2004-06-05 11:09:21'),
('4aa22612-7544-45a6-7e16-192900f892f7', '62344A4', '634a6b82-31c1-2a10-32bf-2d1df1341b8b', 'Mafalda1', '76c20a2c-2596-385f-4177-9e4463160e48', 'LGH9K18527F8HG4CA520514IR', '1970-01-01 01:06:48', '2014-12-04 22:14:37'),
('4b005b29-44e0-1e01-ef0e-1e906dfe5560', '576M1', '78cdd455-661c-1415-77b2-6fc19c70b90a', 'Ackerman1988', '739cd112-244b-70d7-d222-0014b5e3c4fa', 'NB4492VZX34G19428HPG5B84WIU6MW65DL9VOOQ1', '1970-01-01 02:28:53', '1987-02-22 07:15:20'),
('4d3a7261-67f6-635a-9771-4e63d198e188', '004Z6C81', '3350b6f2-6c4e-65c3-1574-af6b0c9d8171', 'Alethea1958', '6a90a400-76ac-5619-3d77-9e4463160e48', '2893A12DL780B5HGV2RJ7957KY59LK54XRPR1YP6Z6CLI', '2010-10-18 09:23:04', '1970-01-01 01:14:21'),
('4e218fcc-2ba5-6c47-7d16-192900f892f7', '8', '6146aa2c-1352-7c93-e19f-8dd6f6d7e4f8', 'Delgadillo939', '3c35e9ce-442a-74a5-bf02-28cbae4b6f1a', 'G0J7RV4W8A0I1V4HR3MYHU33S3WGR714BCWK96Z', '1994-11-14 14:40:08', '1999-02-03 11:41:33'),
('5154fc55-5c84-6e9b-dac3-9fde8866bc46', 'Z9Q76M49', '7d22876a-7262-128c-43d4-35a726f0ef4c', 'Churchill12', '65b096ee-27a1-3299-5396-5315d56cca6a', '4GO22MQFL', '2009-09-05 19:25:49', '2006-01-06 21:59:13'),
('5270bc92-13fe-5299-0a24-752070424bc8', 'U35XR5W', '57ef232e-1a58-7b37-2fbf-2d1df1341b8b', 'Broderick232', '65b096ee-27a1-3299-5396-5315d56cca6a', '9HG', NULL, '1970-01-01 00:00:01'),
('532aa959-251e-3b15-f3d8-f66e8baab1ae', 'MJ626', '57ef232e-1a58-7b37-2fbf-2d1df1341b8b', 'Ayako1', '6a90a400-76ac-5619-3d77-9e4463160e48', '3LWQZBGVR2U3W0', '1970-01-01 00:14:51', '2020-12-19 02:45:03'),
('55465ebf-1f68-38ec-e34e-3b575a39a32d', 'M90XRS7', '1cfff8e1-7172-53cd-cd54-0f2512404bdf', 'Quincy2005', '6e3e9327-36d6-6b17-5196-5315d56cca6a', 'O8RG28BDPEO07J27R4331Y9K04', '2018-01-24 16:55:11', '2012-09-26 21:08:24'),
('55e2e3af-7db1-7659-0b24-752070424bc8', '6UIC08', '5c0e3c2f-1314-1895-1874-af6b0c9d8171', 'Rudy2000', '202272ae-1375-54e4-a6b7-a919cab3d500', NULL, '1998-03-14 08:28:05', NULL),
('57866244-2be0-2b45-0c24-752070424bc8', 'Z', '78cdd455-661c-1415-77b2-6fc19c70b90a', 'Clint185', '5694197f-21a8-4dc5-8acc-aea518759ca4', '56QS61ZTM4D3FVZ188306C221Z3I1IA9TAI5ZZZS8X90704ES30174P7PC4ZP90BO7B', NULL, '1981-10-25 05:57:08'),
('57cb4550-6c6b-413c-d5c3-9fde8866bc46', 'O', '1932f045-2ef9-6195-76b2-6fc19c70b90a', 'Sherry738', '65830c37-61cd-74d8-6be1-d1c6b9046484', 'K763Q2U2Q77MX49W363L85XRDS', '2016-12-17 04:42:29', '1974-02-17 09:40:32'),
('5913643d-3ef1-6fde-e44e-3b575a39a32d', 'K93K', '74699f4c-451b-7731-cb54-0f2512404bdf', 'Gertha2004', '7b8b8b8a-2421-525b-c0d7-8162d04b2be1', 'BRI0CQGI2699EQ', '1995-01-01 11:16:16', '2020-07-11 20:24:33'),
('5b92e0b2-5f67-7a21-ee0e-1e906dfe5560', 'T', '4abc21a0-3ad5-4d68-1c0f-df0f613299a6', 'Chandler1991', '5ae376ce-6d35-5433-a417-2d57fd0c36be', '4MVBJ9S1NGTTX3RQP52J07GSCD7XD6D03E5Q1D8E8', '1974-06-27 05:21:34', '1970-01-01 00:00:03'),
('5d1cdd1c-469d-1afb-f10e-1e906dfe5560', 'RRK', '4679edcd-3f0a-6386-8dfd-ed7281085324', 'Adam536', '65b096ee-27a1-3299-5396-5315d56cca6a', 'WE7A1H97VS', '1970-01-01 00:12:49', '1970-01-01 00:00:05'),
('62149bf3-52fd-761f-7e26-d0b1ec00486f', '4', '602ffdd9-74d7-5588-e09f-8dd6f6d7e4f8', 'Pearlie2003', '79aa1701-3832-5957-d522-0014b5e3c4fa', 'D61P9I1VDAL24U916C136', '1988-06-16 06:40:21', '1970-12-10 12:43:18'),
('623ceff1-30e1-3564-cb03-bda575a10914', 'SL7', '26280dfa-2c0f-3f26-78b2-6fc19c70b90a', 'Edwards1962', '76c20a2c-2596-385f-4177-9e4463160e48', 'BFIW60T61', '2014-07-11 12:09:43', '1970-01-01 00:00:03'),
('65c90dff-3180-5f83-c803-bda575a10914', '1', '732652cf-2f61-15d9-2c89-b7f541585633', 'Miquel788', '202272ae-1375-54e4-a6b7-a919cab3d500', 'XZ8143447L1NG372X33015470A13HT2X', NULL, '2008-09-10 05:09:57'),
('67ef3e92-4807-3a27-68cb-9a771b60f9dd', 'ZQ90V78', '7a69ae9c-561e-58c1-30bf-2d1df1341b8b', 'Altha224', '3c35e9ce-442a-74a5-bf02-28cbae4b6f1a', 'N1GXWJER', NULL, '1977-02-08 08:33:55'),
('684104f0-23fa-66da-e54e-3b575a39a32d', 'Y25', '398578ee-7455-32dc-2f89-b7f541585633', 'Jefferson1994', '7b90d905-6d57-6943-3e77-9e4463160e48', '6W9DLU7LQG4HSCYAH28Y', '1990-05-15 02:31:31', '2013-02-13 11:29:54'),
('68783df9-76d2-1b64-8026-d0b1ec00486f', 'P', '57006586-31d8-647d-ca54-0f2512404bdf', 'Alisia2011', '25c4364b-3b5e-6fc6-4077-9e4463160e48', 'H18LYNP1N6UYIIPY2X26558EN6O3LZ970P5P2UB4Z539T03Y0OEVX0D4BP70R8CHV2OPV2F5PHWUV', '2013-09-14 16:43:07', '1983-05-03 21:26:24'),
('69e2755b-6d71-3c10-e24e-3b575a39a32d', 'PXIB6', '4abc21a0-3ad5-4d68-1c0f-df0f613299a6', 'Jonathan56', '34aa5486-2c77-66d0-69e1-d1c6b9046484', '672TO9NUHG9632F3JV13', '1970-01-01 00:00:06', '1988-11-10 19:49:11'),
('6aa2c193-6ac7-7bbe-cc03-bda575a10914', '3A', '732652cf-2f61-15d9-2c89-b7f541585633', 'Marquetta2008', '5694197f-21a8-4dc5-8acc-aea518759ca4', '5B24PFMHVPZ746', '1997-11-03 16:44:44', '1979-06-28 16:16:23'),
('6d2a9757-48d7-3d49-c903-bda575a10914', '4ZK4RY', '6c2beba5-4d8d-2def-74b2-6fc19c70b90a', 'Tonette514', '28cd31d4-7c28-3bc3-bed7-8162d04b2be1', 'UT3', '1970-01-01 00:00:08', '1971-06-12 20:49:56'),
('6d6fe6f6-47bf-24b3-7c16-192900f892f7', '30O', '596a784a-1280-53ab-df9f-8dd6f6d7e4f8', 'Aurore1955', '18c5fd7c-7548-2ca0-d322-0014b5e3c4fa', 'NIB29Z5N', '1970-01-01 00:09:46', '1970-01-01 00:01:33'),
('6e43a968-4066-6c7b-7f26-d0b1ec00486f', 'MEAAJ', '4d1a3246-4106-3961-47d4-35a726f0ef4c', 'Arron3', '1b2e57dc-23af-2fc9-56c2-1cf647aea761', 'DQ03WT2J0T2L1HK0MH53AHC4N8JO0Z6J5E16AXNZRF8B889X7A77KS00Z147IA46D0WD730UEF2KK2N3HVFKGOTKS543739K570K67YS5GMRV1OAS167D2V56VZ9O75N960LX6Q91IZXW', '1977-01-10 16:38:08', '1970-01-01 00:09:22'),
('73007af7-29e5-4b65-f00e-1e906dfe5560', 'W2J', '398578ee-7455-32dc-2f89-b7f541585633', 'Gino1969', '219af9a0-3833-4074-a5b7-a919cab3d500', 'J15VMF9163KRTP305', '2015-11-22 10:00:10', '1970-01-01 00:01:40'),
('764ae4f4-504b-1a00-0e24-752070424bc8', 'Q081', '468bdba6-42f9-2d59-c954-0f2512404bdf', 'Josephine881', '393e70a7-3661-715a-a7b7-a919cab3d500', '0', '1970-01-01 00:16:28', '1986-06-12 04:01:36'),
('7708e626-6335-4193-cd03-bda575a10914', '6PN19G192', '398578ee-7455-32dc-2f89-b7f541585633', 'Abbott1962', '76a491cb-3530-6506-be02-28cbae4b6f1a', '538P952RS53KGVQJ6724I87U047N3D5290K9Q8W355WEB826L687YPB3BIGBT8OR92EG703NO603N563DFFCY', '2005-04-11 13:35:08', '1972-11-30 21:16:49'),
('78184d59-4085-4c3f-f6d8-f66e8baab1ae', '6BS', '74699f4c-451b-7731-cb54-0f2512404bdf', 'Willow1956', '6e3e9327-36d6-6b17-5196-5315d56cca6a', '303B6831M', '2017-03-07 10:21:21', '1981-09-26 16:51:26');

-- 
-- Dumping data for table permission
--
INSERT INTO permission VALUES
('3a8e2ab6-61f3-40a6-6777-fd2ea5b5f96c', 'Admin'),
('473c87d2-76c0-4e21-eb9a-e23db261d3d7', 'Teacher'),
('6e4ad26a-2ed5-229e-bb00-f0281f63d6bc', 'TechnicalStaff ');

-- 
-- Dumping data for table practiceshift
--
INSERT INTO practiceshift VALUES
('13cd33f2-6725-2425-e179-7ce9981695ea', 'Ca 6', '1973-10-10 22:44:55', '1987-05-04 13:04:02', '2012-10-22', '1992-08-23'),
('1703aa41-768a-5e1b-cd2e-fe37b47efbd0', 'Ca 6', '1999-11-22 11:25:46', '1970-01-01 00:00:05', '1974-02-06', '1970-01-05'),
('2412fd8f-3d33-4467-cc2e-fe37b47efbd0', 'Ca 4', '1970-01-01 00:01:10', '1970-04-20 02:05:46', '1970-03-11', '2018-12-21'),
('3c46f4ee-62ea-5c8d-986f-b9e6bde19f05', 'Ca 1', '1970-01-01 00:05:29', '1970-01-01 01:46:58', '1970-11-25', '1987-07-28'),
('4c01679a-290e-41dd-36dd-b2fad077304c', 'Ca 5', '2017-09-04 19:17:06', '1995-02-28 01:56:07', '2005-02-12', '2012-12-27'),
('585a8a5d-2d32-53a4-e279-7ce9981695ea', 'Ca 2', '2019-06-01 18:55:43', '1992-02-03 03:30:41', '1973-02-18', '1986-12-29');

-- 
-- Dumping data for table technicalstaff
--
INSERT INTO technicalstaff VALUES
('113783c3-3e07-206e-bf5d-100ccbc59147', 'Ramonita Abel', '+84693304316', 'Vernell_Brogan@example.com', '1997-09-19 20:59:42', '2014-09-23 03:06:43'),
('1322305b-5dc0-1dd6-2f6f-06119f0786b1', 'Kate Anaya', '+84576014988', 'Sigler559@nowhere.com', '1970-01-01 02:28:54', '2005-08-09 13:10:26'),
('14ea04f5-358f-6b18-dca5-2a55db0259fe', 'Addie Henderson', '+84577731865', 'Shamika.Weiss74@example.com', '1986-10-30 20:17:19', '2011-06-05 13:40:43'),
('18056f08-1587-7eef-4bba-84c2839f1fcb', 'Huey Branch', '+84260380065', 'TobieBlaylock@example.com', '1972-05-28 17:38:53', '2015-03-20 01:45:10'),
('184c7974-5ea4-403a-0f2e-04726f235b01', 'Epifania Gaines', '+84199498196', 'RegineDevries@example.com', '2010-08-26 19:11:57', '1970-01-01 00:09:55'),
('1a79e25d-15ed-25af-66ef-5e83c2936996', 'Delorse Ponder', '+84802691458', 'RyanPonder@example.com', '1972-09-26 14:14:48', NULL),
('1c27e617-6293-33a2-c85a-aca3f66abfe4', 'Bettie Abbott', '+84784414093', 'Krebs@example.com', NULL, '2001-10-29 10:44:58'),
('2018d153-6f30-2eb4-dda5-2a55db0259fe', 'Jacquelin Leighton', '+84839985472', 'AdalbertoCoyne@example.com', '1971-10-27 16:34:29', '1973-10-08 10:39:25'),
('248a9c52-72fa-6e2a-51a4-e0d1ddfbcf7c', 'Louanne Mcintire', '+84030677468', 'Burns3@example.com', '1987-09-28 15:31:38', '2012-08-11 16:42:56'),
('2649cee2-18cb-6234-0c2e-04726f235b01', 'Kelley Boehm', '+84952199571', 'HensonE7@example.com', NULL, NULL),
('2756ff6d-2cec-4990-49ba-84c2839f1fcb', 'Haywood Chastain', '+84798589475', 'SharronT.Branson779@nowhere.com', '1998-12-10 13:29:50', NULL),
('283301e3-380c-7e8f-326f-06119f0786b1', 'Adeline Faulk', '+84357695336', 'Marcene.Bordelon469@example.com', '2013-03-05 16:37:31', '2004-01-14 23:38:20'),
('299d028c-1388-43f7-2e6f-06119f0786b1', 'Hue Flanders', '+84543248251', 'Ma@example.com', '2021-05-27 00:13:09', '2006-03-20 00:43:07'),
('2ad64050-78b5-50c8-6aef-5e83c2936996', 'Krishna Painter', '+84413728230', 'BruceAddison@example.com', '2013-10-07 01:23:04', '2001-05-19 16:12:20'),
('2dfe66bd-7f49-2732-67ef-5e83c2936996', 'Brady Cantrell', '+84654755928', 'BradLudwig@example.com', '1976-03-15 08:01:35', '1970-01-01 00:00:03'),
('30e74104-113a-22f2-4aba-84c2839f1fcb', 'Adelaida Anderson', '+84821110141', 'BrettE_Warfield19@example.com', '1979-04-01 11:51:42', '1970-01-01 00:47:24'),
('353675f2-73c0-55a3-bc5d-100ccbc59147', 'Ava Cloutier', '+84427944404', 'Nia_ARoper@example.com', '2013-06-03 12:52:54', '2000-10-30 00:21:45'),
('3a9e6497-146a-3ea9-2779-822354bbf41a', 'Adrian Raney', '+84934534777', 'Salas@nowhere.com', '2013-11-09 11:06:52', '2021-04-13 23:56:16'),
('3b1acb49-4a9e-3bb5-e0a5-2a55db0259fe', 'Madelyn Stahl', '+84383991539', 'kenejq4036@example.com', '2012-12-26 23:44:17', '1997-08-01 11:36:28'),
('40245a2c-3211-32d0-2879-822354bbf41a', 'Rudolf Livingston', '+84357138393', 'EzraAbernathy@example.com', '2000-04-13 17:50:37', NULL),
('404a05a1-5788-3fe0-4fa4-e0d1ddfbcf7c', 'Spencer Reardon', '+84089800719', 'Adam277@example.com', '1970-01-01 00:04:36', '1970-01-01 00:01:15'),
('4417a7bc-2890-1ae0-dea5-2a55db0259fe', 'Ahmad Abel', '+84925533656', 'snxdxd091@example.com', '1970-01-01 00:00:16', '2005-11-20 08:46:09'),
('44467f1a-14f6-32dc-be5d-100ccbc59147', 'Bennie Mcdaniel', '+84095909470', 'Tommie_Rosen@example.com', NULL, '1970-01-01 00:01:26'),
('4e9696e6-626f-6f9a-dfa5-2a55db0259fe', 'Beaulah Armstrong', '+84925878688', 'Shawnta.Boggs@nowhere.com', '1970-01-01 00:00:03', NULL),
('4fc22640-5969-3304-c95a-aca3f66abfe4', 'Carolynn Pino', '+84409806980', 'Sewell44@nowhere.com', '1970-01-01 00:03:08', '1970-01-01 00:02:08'),
('51c2cfb1-11dd-2b25-d5a8-8ebdaf5d2b61', 'Hang Dutton', '+84399774007', 'Fultz@example.com', '1976-12-10 14:44:19', '2002-07-26 03:15:37'),
('51fe9364-3f43-5470-bd5d-100ccbc59147', 'Chana Coppola', '+84194206977', 'eovkmw35@nowhere.com', '1979-01-22 15:11:05', '2011-04-24 09:55:37'),
('53f94371-453a-37eb-2679-822354bbf41a', 'Marcell Dowling', '+84461659288', 'BritneyAlaniz@nowhere.com', '1970-01-01 00:00:12', '1994-10-05 13:16:01'),
('56a7978a-4134-6636-306f-06119f0786b1', 'Leeanne Bowers', '+84592252595', 'Kidwell@nowhere.com', '2002-10-05 06:37:26', '1970-01-01 00:00:38'),
('59fa510a-17f9-253c-c65a-aca3f66abfe4', 'Jama Asher', '+84281118814', 'Woods73@example.com', '2012-09-14 10:07:20', '1998-09-09 08:38:03'),
('5aad5e96-560a-4e0f-68ef-5e83c2936996', 'Abe Amato', '+84646245030', 'BernardoManley28@nowhere.com', '1970-01-01 00:14:05', '1970-01-01 01:56:55'),
('5aca2a5b-3d14-4908-d4a8-8ebdaf5d2b61', 'Dudley Aiello', '+84833768837', 'Graig.K.Clement91@example.com', '1970-01-01 00:15:43', '1979-04-09 03:41:18'),
('5b11485f-71ef-5ae6-47ba-84c2839f1fcb', 'Bernie Ernst', '+84936888929', 'ReedY.Calvin@example.com', '1970-01-01 00:05:28', '2013-11-16 03:10:22'),
('5dd790c0-5270-6a2d-ca5a-aca3f66abfe4', 'Amos Pimentel', '+84415693713', 'njsj2@nowhere.com', '2014-09-27 06:14:28', '1978-05-26 21:22:05'),
('64c1d0aa-7b21-2093-316f-06119f0786b1', 'Alida Thayer', '+84883104204', 'Runyon@nowhere.com', '1994-02-22 16:12:03', '1989-06-08 18:57:24'),
('65a02f47-7acb-6edb-c75a-aca3f66abfe4', 'Aileen Basham', '+84361658221', 'Dewey.Lockett31@example.com', '1970-01-01 00:13:59', '1994-08-21 15:01:55'),
('65f88212-5922-6619-4ea4-e0d1ddfbcf7c', 'Angelo Andrade', '+84097905005', 'miolz60@example.com', NULL, '2007-07-27 22:10:39'),
('67a632de-1b7e-1e31-69ef-5e83c2936996', 'Stanton Ackerman', '+84371564713', 'wung3@example.com', '1996-08-15 06:42:52', '1970-01-01 00:00:57'),
('67e92ae7-240a-38a3-0b2e-04726f235b01', 'Dianne Wiley', '+84516191287', 'Carlos@example.com', '1977-07-02 08:37:05', '1970-01-01 00:15:59'),
('6a362a09-24c3-22e2-2479-822354bbf41a', 'Obdulia Falls', '+84129251532', 'AmadoPeter479@example.com', '2019-07-25 09:44:01', '1970-01-01 00:00:04'),
('6d0815b6-400d-7675-d6a8-8ebdaf5d2b61', 'Dustin Fincher', '+84934757182', 'obdzgqao_jvpbdr@example.com', '1970-01-01 00:18:35', '2021-10-01 06:07:22'),
('6e0b5906-5505-41e3-0e2e-04726f235b01', 'Leota Norris', '+84766525673', 'kolnbfjs_wlpq@example.com', '2020-02-03 13:23:37', '2010-01-09 18:09:09'),
('6ea73021-219a-433a-50a4-e0d1ddfbcf7c', 'Ulrike Koch', '+84716994718', 'AlfredoBottoms47@example.com', '1990-07-05 19:30:07', '1970-01-01 00:00:05'),
('702ae57c-4b3d-1f90-102e-04726f235b01', 'Bernard Lockett', '+84357397503', 'Herring5@nowhere.com', '2017-09-11 15:00:42', '1993-02-16 11:18:18'),
('711095f5-7379-71ab-0d2e-04726f235b01', 'Carin Ashley', '+84195764884', 'Emile_Paquette@example.com', NULL, '1997-07-29 06:03:36'),
('72b667aa-210d-655c-2579-822354bbf41a', 'Bette Allison', '+84673225941', 'Vines@example.com', '2002-11-05 10:14:35', '1970-01-01 00:12:59'),
('792eec9a-62f1-7075-46ba-84c2839f1fcb', 'Sterling Burkholder', '+84088618924', 'Marchand@nowhere.com', '1978-04-24 08:02:15', '1970-01-01 00:02:13'),
('7b028979-19d1-29f9-48ba-84c2839f1fcb', 'Rolland Marr', '+84922159494', 'Sneed@example.com', '1986-10-18 04:46:24', '1979-03-25 22:47:59'),
('7b91e3c3-7d7b-1fca-d7a8-8ebdaf5d2b61', 'Adolfo Alvarado', '+84785987568', 'Leeper@example.com', '1992-01-23 14:22:04', '2018-10-16 15:27:26'),
('7bb3747d-7a3e-40ed-d8a8-8ebdaf5d2b61', 'Edmund Crouse', '+84942622320', 'ScottLoyd328@example.com', '1999-12-25 08:23:03', '1970-01-01 00:01:29');

-- 
-- Dumping data for table practicallaboratory
--
INSERT INTO practicallaboratory VALUES
('12af225a-4391-4564-e4d5-a3d7c1bf76fb', 'P-8674', 'Isaias1963', 15, 'Rerum labore ut sunt. Neque nesciunt aut sed architecto magnam sed! Autem dolorum et dolorum incidunt nam enim. Sit ut qui.', '674934cc-42cf-20cf-1d4a-aea48a10ed18', '1983-09-21 19:27:34', '1970-01-01 00:00:20', '2274e462-715a-41cc-2c40-483f16f4f2f6', '16560e4a-7d2b-7510-22fa-3a13575a692a', True),
('12b89c20-2180-7d94-790f-385ca5587322', 'P-7208', 'Fraser1983', 23, 'Ipsa in aut. Qui dolor veritatis. Vero dolor dolorem. Non reiciendis eos? Et voluptatum cumque. Molestiae illum corrupti. Distinctio sit pariatur!', '188263d8-1426-370e-3869-9f77bda75690', '1970-01-01 00:01:58', '1981-03-05 05:55:02', '449281ed-7f3b-2d3d-acc7-b3346301782e', '25b78a62-529c-424b-9bf6-c5161989a451', False),
('1365382d-7084-49b8-6863-1356971fbebe', 'P-5627', 'Shiela271', 36, 'Quia ab ut earum quasi nemo dolorem; harum qui quisquam consequatur quae accusamus libero...', '3c91bd67-6353-1edc-1f4a-aea48a10ed18', '1970-01-01 00:01:40', '1996-05-18 08:02:39', '52ae6322-7e3e-5d41-17f5-c98d315c59dd', '4377c63c-51bb-55c4-3141-b2aafff3dd82', False),
('13d858da-6206-12d9-8745-587bf666e38b', 'P-1531', 'Sheridan4', 28, 'Numquam quidem sit voluptatem quia repellat numquam.', '64a59a25-2488-54b0-f6b4-c8af08a50cbf', '1970-01-01 00:00:03', '2014-03-10 12:30:58', '3302d55d-758b-1ad7-927c-35837e69de14', '51a06650-1b0b-7ceb-7aba-f13ad74eb1e6', False),
('146b3f74-23ff-76aa-8945-587bf666e38b', 'P-1115', 'Stacy3', 40, 'At perspiciatis magni sit nisi dolore dolor.', '70edc7b9-702f-70b2-3d71-153b37881afe', '1988-01-30 15:23:06', '1970-01-01 00:00:01', '730389ab-20c5-7969-8386-fecdbcc4765c', '5b56a2fe-34b1-3cb8-23fa-3a13575a692a', False),
('154f049c-5d33-2a93-5d4a-937c34fefb63', 'P-9337', 'Lapointe566', 39, 'Totam explicabo itaque. Eveniet sit dolore quidem tempore. Debitis voluptas laboriosam pariatur! Perferendis non et; asperiores perspiciatis natus. Minima.', '131cd73b-3657-43f5-201e-21c6d80fbd76', '2018-08-06 07:13:35', '2002-03-28 09:15:37', '57f54b26-76af-319c-9bff-6cd56556278e', '3e6da6c4-15f2-54a6-09af-bc6172c2cf10', False),
('16e08341-67c1-2bdc-770f-385ca5587322', 'P-1308', 'Hortencia991', 20, 'Sed laborum et sit nulla officia suscipit.', '174b8763-2707-7cb1-3c71-153b37881afe', '1970-01-01 00:00:05', '1998-09-28 16:44:33', '17534976-490f-5ca8-aac7-b3346301782e', '5ba6f651-1493-165e-3541-b2aafff3dd82', True),
('18be6c23-7909-6543-780f-385ca5587322', 'P-8371', 'Jame96', 34, 'Aut impedit ea quam nihil. Ad error deleniti rerum et non. Quos minus in! Omnis qui quia. Nulla dolor distinctio.', '64a59a25-2488-54b0-f6b4-c8af08a50cbf', '2010-03-19 23:51:07', '2003-07-18 06:49:27', '69232a05-18ad-5bcc-afc7-b3346301782e', '253bdb4a-3ce3-3cd3-85fd-5df4fd824cb1', False),
('18c65502-6720-7bc4-5ec4-b9aac0c0d908', 'P-9758', 'Atkinson65', 10, 'Accusamus vero dignissimos natus quis provident voluptatem.', '174b8763-2707-7cb1-3c71-153b37881afe', '1998-08-22 06:55:39', '2019-06-17 14:56:44', '442627f5-7b31-2e48-16f5-c98d315c59dd', '2094ddfb-4ba5-4990-07af-bc6172c2cf10', True),
('1c3cf7be-5cfb-3a39-40ff-14cb4f66624a', 'P-4891', 'Diego46', 15, NULL, '70edc7b9-702f-70b2-3d71-153b37881afe', NULL, NULL, '40982e50-6653-1215-15f5-c98d315c59dd', '1651152a-3050-64cf-1df6-33f91a5c4469', False),
('1c7f5ee3-6152-18c6-6ffa-d9c911cf4972', 'P-7883', 'Fowler866', 12, NULL, '536f0d7b-6fd5-2bb9-52cb-b8d37b68af4d', NULL, '1970-01-01 00:00:33', '238671a0-30fa-5360-8286-fecdbcc4765c', '16560e4a-7d2b-7510-22fa-3a13575a692a', False),
('1e5b3646-24d7-42b4-5bc4-b9aac0c0d908', 'P-3839', 'Aiken123', 29, 'Qui saepe fugit. Aut enim obcaecati. Excepturi debitis qui. Qui error ut. Sed error id. Error inventore placeat! Non iste reiciendis. Ut reiciendis sunt.', '7e336cda-7f4c-3a8e-3895-2c566fa88632', '2008-03-17 02:44:20', '1970-01-01 00:06:21', '154d2cf8-3b5b-5c65-c480-872c02b7d2a6', '4b754244-3a57-7d0a-3641-b2aafff3dd82', True),
('22616dd2-52ef-5b12-45ff-14cb4f66624a', 'P-7012', 'Abraham2014', 35, 'Vero inventore amet magni voluptas obcaecati qui. Nihil qui aut commodi pariatur illo voluptas.', '34bd2cef-5026-567c-3b71-153b37881afe', '1970-01-01 00:00:51', '1990-07-17 15:30:46', '3c70ea1c-7c07-37a4-b0c7-b3346301782e', '5ba6f651-1493-165e-3541-b2aafff3dd82', False),
('26e4d04d-7401-6ba0-6763-1356971fbebe', 'P-3967', 'Zimmerman664', 30, 'Eveniet ut similique. Et omnis architecto. Ratione vel unde. Expedita minima dolor. Quae cum et. Qui explicabo illo. Et modi fugit. Et id quis! Iure natus.', '131cd73b-3657-43f5-201e-21c6d80fbd76', '2020-02-15 01:55:07', '2019-09-06 09:39:56', '48f7fb81-6e0b-64b3-6b3b-801cd82cdd42', '153b0139-64d0-46b6-86fd-5df4fd824cb1', True),
('2900b0de-68e5-34bf-4d18-95a4b28724a5', 'P-8172', 'Florez1962', 29, 'Nisi praesentium consequatur pariatur at non ratione. Est velit labore perspiciatis voluptas repudiandae qui!', '271a41be-5739-6088-3795-2c566fa88632', '1993-12-20 15:24:08', '1970-01-01 00:00:52', '301f501a-4778-1a33-2d40-483f16f4f2f6', '4a659997-6b2b-22bc-83ab-476534f10a38', True),
('2e2bbf30-3205-1804-5b4a-937c34fefb63', 'P-2332', 'Pennell288', 28, NULL, '2a3cacd6-1a30-6760-3769-9f77bda75690', NULL, '1974-10-30 20:40:37', '3453b47e-352e-6076-987c-35837e69de14', '3ab47389-604a-5e31-3241-b2aafff3dd82', False),
('32c5be54-1b6d-4f2f-42ff-14cb4f66624a', 'P-1058', 'Roseanne2016', 35, 'Veniam hic iusto; aperiam beatae quibusdam. Neque eveniet ad! Sit libero eaque? Voluptates error omnis! Consequuntur cumque ducimus. Repellendus hic veniam?', '6fcbca4a-7938-4339-51cb-b8d37b68af4d', '2012-11-23 16:41:50', '2018-04-02 00:13:23', '4b01e1a4-7f03-1843-9dff-6cd56556278e', '6e8abf33-27e5-25ce-1af6-33f91a5c4469', True),
('355b2e90-563b-351b-43ff-14cb4f66624a', 'P-4035', 'Mclemore2029', 30, 'Expedita maiores obcaecati. Corrupti voluptatem aliquam harum. Aut eum placeat. Fuga sit magni consequatur voluptas iusto aut. Alias tempora sed.', '3c91bd67-6353-1edc-1f4a-aea48a10ed18', '1989-06-04 07:15:49', '2013-06-09 07:10:09', '154d2cf8-3b5b-5c65-c480-872c02b7d2a6', '38a926be-331d-2a02-82ab-476534f10a38', True),
('36bb7a75-4655-1eea-5018-95a4b28724a5', 'P-2333', 'Valdes641', 22, 'Animi illo ut rem aut. Et omnis sit! Fuga laudantium doloremque similique ad perferendis. Et omnis natus qui adipisci.', '536f0d7b-6fd5-2bb9-52cb-b8d37b68af4d', '1970-01-01 01:32:48', '1984-03-17 20:03:46', '2fbea47e-55c2-27aa-c780-872c02b7d2a6', '5ba6f651-1493-165e-3541-b2aafff3dd82', True),
('375e8f77-3102-4813-5cc4-b9aac0c0d908', 'P-1203', 'Arthur1974', 39, 'Velit ex expedita. Blanditiis quo quia. Non cum soluta! Ab ea aliquam. Omnis est quo? Veniam qui omnis. Voluptates qui dignissimos!', '188263d8-1426-370e-3869-9f77bda75690', '2003-11-27 19:40:39', '1972-08-27 05:12:10', '206e60ef-7ded-3138-c880-872c02b7d2a6', '28c83ad9-5567-3f95-20fa-3a13575a692a', True),
('3d5447a2-2731-3cb1-cd8a-2526dd27dde1', 'P-1342', 'Abel447', 13, 'Laudantium soluta quis et qui id sed. Quos illo doloremque dolorem ut pariatur culpa.', '79c13594-4781-1b7c-204a-aea48a10ed18', '1977-05-02 21:22:16', NULL, '39fbf646-5181-76ce-aec7-b3346301782e', '2010c0d0-27a9-34a1-9d48-dca5e21ae6ca', False),
('400cee8a-5b36-598b-70fa-d9c911cf4972', 'P-4999', 'Stacee2012', 33, 'Aspernatur dolore sapiente. Molestiae aliquam aut. Sed eos dolor. Sed eum sed! Omnis facilis neque. Recusandae inventore aut! Enim atque laboriosam. Iste.', '6fcbca4a-7938-4339-51cb-b8d37b68af4d', '1980-08-03 20:09:25', '1970-01-01 00:00:10', '21278ebe-4b84-3c69-9eff-6cd56556278e', '5fdd1b7d-558c-223b-686f-7389f2b617cd', True),
('413145e0-6356-3ca8-5fc4-b9aac0c0d908', 'P-1797', 'Julian2028', 20, 'Aliquam omnis atque nam asperiores nemo expedita. Sed qui enim! Sit dolore voluptatem numquam sit nemo; atque dolor aut. Quae suscipit doloribus...', '174b8763-2707-7cb1-3c71-153b37881afe', '2015-01-17 20:29:41', '2016-11-27 07:32:43', '442627f5-7b31-2e48-16f5-c98d315c59dd', '5e95c08f-7a1a-4cd5-666f-7389f2b617cd', False),
('442d76aa-292c-2d1e-6563-1356971fbebe', 'P-0190', 'Abe1995', 39, 'Sed veritatis libero repellendus et error tempore.', '79c13594-4781-1b7c-204a-aea48a10ed18', '1992-05-24 17:52:14', '1970-01-01 00:01:29', '730389ab-20c5-7969-8386-fecdbcc4765c', '2010c0d0-27a9-34a1-9d48-dca5e21ae6ca', True),
('480f754d-2754-795e-594a-937c34fefb63', 'P-7731', 'Moises2021', 35, 'Est vitae inventore error. A vero sit? Dolorum ea sed. Distinctio expedita dolorem. Ipsam porro quam hic commodi.', '3c39055f-64c2-11b9-f7b4-c8af08a50cbf', '1977-12-23 01:46:01', '1990-11-24 11:41:23', '39fbf646-5181-76ce-aec7-b3346301782e', '7dd07f61-79aa-65b9-99f6-c5161989a451', False),
('48ab0a88-60f8-58a3-4f18-95a4b28724a5', 'P-9524', 'Levi2020', 24, 'Velit accusamus beatae. Quo fugiat ea? Repellat voluptatem aut. Consequatur maxime iste; voluptas recusandae totam. Est eum in. Vel explicabo aut. Omnis et.', '3ef40874-7653-5c65-2726-978952f080e4', '1998-12-25 02:03:40', '1970-01-01 00:04:44', '21278ebe-4b84-3c69-9eff-6cd56556278e', '16560e4a-7d2b-7510-22fa-3a13575a692a', False),
('4988cfff-7650-221f-41ff-14cb4f66624a', 'P-2963', 'Kenneth489', 11, 'Tempora rerum ad sit omnis cupiditate sit.', '34bd2cef-5026-567c-3b71-153b37881afe', '1982-02-28 11:35:37', '1975-08-27 07:15:36', '52ae6322-7e3e-5d41-17f5-c98d315c59dd', '25e65817-44ab-3533-7eba-f13ad74eb1e6', False),
('4b057860-59f8-15c2-e3d5-a3d7c1bf76fb', 'P-1494', 'Chanda2014', 23, 'Impedit dolores quasi cum; a natus nihil cumque obcaecati et numquam. Qui quod et voluptatem est a quaerat.', '79c13594-4781-1b7c-204a-aea48a10ed18', '1979-08-03 18:21:47', '1977-02-01 17:13:30', '69232a05-18ad-5bcc-afc7-b3346301782e', '5fdd1b7d-558c-223b-686f-7389f2b617cd', True),
('4c44a741-41ad-4d1c-cf8a-2526dd27dde1', 'P-9197', 'Cameron781', 12, NULL, '3c91bd67-6353-1edc-1f4a-aea48a10ed18', NULL, '1975-06-29 20:07:30', '2fbea47e-55c2-27aa-c780-872c02b7d2a6', '4b754244-3a57-7d0a-3641-b2aafff3dd82', False),
('53d8c8e8-23db-1d3b-71fa-d9c911cf4972', 'P-7030', 'Luther24', 37, 'Natus aut perferendis. Eum ratione ullam; laborum et velit. Adipisci dignissimos doloribus; nam id possimus. Voluptates mollitia magnam. Quis vel doloribus!', '3ef40874-7653-5c65-2726-978952f080e4', '1972-07-05 12:35:18', '1986-08-09 23:39:46', '31bdd7b0-51ae-1dc1-e0cb-05dee64e6cc0', '3bf81e47-1d82-1938-81ab-476534f10a38', False),
('584243bd-2e15-17c7-ce8a-2526dd27dde1', 'P-3451', 'Hilaria598', 29, 'Id dolorem accusamus sint sed. Asperiores sint et culpa in non ut. Dignissimos amet maiores. Molestiae error tempore. Odit natus odio! Nihil eos dolores.', '3c91bd67-6353-1edc-1f4a-aea48a10ed18', '2009-12-29 01:55:31', '2006-09-03 22:59:38', '3a02094a-64fe-51d3-2a40-483f16f4f2f6', '3e6da6c4-15f2-54a6-09af-bc6172c2cf10', True),
('59a37b52-363a-3433-4e18-95a4b28724a5', 'P-3434', 'Bennie1973', 12, NULL, '64a59a25-2488-54b0-f6b4-c8af08a50cbf', NULL, '2008-08-29 00:47:03', '74601f7a-1529-6bab-977c-35837e69de14', '51a06650-1b0b-7ceb-7aba-f13ad74eb1e6', True),
('627ace78-60dd-3987-d08a-2526dd27dde1', 'P-0952', 'Harkins88', 19, 'Et blanditiis odio quo. Autem aliquid quidem cumque sequi sapiente ut; expedita ex quaerat accusantium doloremque nisi et.', '188263d8-1426-370e-3869-9f77bda75690', '1970-01-01 01:04:28', '1998-07-15 18:38:28', '206e60ef-7ded-3138-c880-872c02b7d2a6', '3ab47389-604a-5e31-3241-b2aafff3dd82', False),
('64eca9fb-65c8-21d2-e5d5-a3d7c1bf76fb', 'P-7193', 'Billings2018', 21, 'Blanditiis voluptatem facere. Sed autem eaque. Sunt quibusdam reprehenderit. Illum et qui. Cum ut vero. Non quas iste. Ut corporis numquam? Blanditiis.', '794ca02a-1314-6ec3-df69-4afe230d73a5', '1970-01-01 00:00:58', '1970-01-01 00:00:02', '27ef901c-2feb-20ed-decb-05dee64e6cc0', '5fdd1b7d-558c-223b-686f-7389f2b617cd', True),
('66b5eb3f-40b8-7f15-760f-385ca5587322', 'P-9170', 'Monty1961', 27, 'Numquam ipsum dicta doloremque natus et qui. Iure odit dolor sed unde alias? Unde voluptatum veritatis consectetur omnis nostrum earum.', '3052c754-3516-667a-3980-3a2297d01534', '1994-06-18 23:26:07', '1985-01-14 15:21:04', '52ae6322-7e3e-5d41-17f5-c98d315c59dd', '5ba6f651-1493-165e-3541-b2aafff3dd82', True),
('68355b8a-716f-69e5-4c18-95a4b28724a5', 'P-1159', 'Mackay52', 32, 'Consequatur dolor possimus. Laborum rerum laudantium! Doloremque quo voluptas. Odio quisquam vel voluptatem molestias distinctio eius.', '2a3cacd6-1a30-6760-3769-9f77bda75690', '1971-10-08 11:07:56', '1970-01-01 00:01:06', '69232a05-18ad-5bcc-afc7-b3346301782e', '28c83ad9-5567-3f95-20fa-3a13575a692a', True),
('6b38ddb6-1cdc-5f7b-6efa-d9c911cf4972', 'P-4029', 'Deann1973', 36, 'Corporis aspernatur mollitia. Quod perspiciatis numquam. Laboriosam totam omnis? Nam assumenda at. Placeat praesentium quia? Doloremque neque maxime.', '43a6bdf5-1b6b-451b-3695-2c566fa88632', '2014-10-22 11:36:42', NULL, '57f54b26-76af-319c-9bff-6cd56556278e', '51a06650-1b0b-7ceb-7aba-f13ad74eb1e6', True),
('6c99102a-66fb-19eb-6663-1356971fbebe', 'P-6701', 'Romaine72', 15, 'Inventore quisquam dolorum. Sint praesentium voluptas. Repellat qui ipsum ea aspernatur aut! Corporis eaque ad corporis; necessitatibus vero voluptatibus.', '674934cc-42cf-20cf-1d4a-aea48a10ed18', '2007-12-29 10:47:10', '1970-01-01 00:00:36', '25f8b060-4e63-5a53-85b4-ee2381be8d74', '692ab284-1320-611e-84ab-476534f10a38', True),
('6ce5c22c-57f4-26dc-8845-587bf666e38b', 'P-1485', 'Allyson339', 37, 'Earum error aperiam. Quod sapiente eius accusamus! Magni quis ut error sed numquam. Autem quis non! Quis quo et. Dolor est quasi.', '64a59a25-2488-54b0-f6b4-c8af08a50cbf', '1981-05-12 05:05:31', '1970-01-01 01:50:22', '3a01f5bb-5dbd-721c-abc7-b3346301782e', '38a926be-331d-2a02-82ab-476534f10a38', False),
('6d198f02-25cb-38c3-44ff-14cb4f66624a', 'P-6948', 'Ackerman357', 25, 'Ut doloribus qui. Aspernatur iusto id. Assumenda et hic; similique in error. Dolore eaque maiores. Laboriosam velit consequatur. Atque dolore rerum. Ipsam.', '3679a94f-304b-6e8d-53cb-b8d37b68af4d', '2015-01-25 21:34:27', '2019-11-27 22:49:15', '2d2a8fe1-1f19-2b7c-83b4-ee2381be8d74', '6b6a4c33-5b8f-2852-3441-b2aafff3dd82', True),
('6d50373f-49b4-7f8d-5c4a-937c34fefb63', 'P-8889', 'Kristle694', 21, 'Error facere distinctio doloribus earum ipsam consequatur. Aut modi exercitationem est quia perspiciatis voluptatem.', '43a6bdf5-1b6b-451b-3695-2c566fa88632', '1970-01-01 00:01:37', '1978-02-01 23:52:39', '3302d55d-758b-1ad7-927c-35837e69de14', '7dd07f61-79aa-65b9-99f6-c5161989a451', False),
('6fcb797d-5801-27eb-5a4a-937c34fefb63', 'P-0879', 'Samira593', 28, 'A enim quibusdam. Doloribus vero dolorem. Quod qui sed. Eos error qui; doloremque numquam accusantium? Voluptas nihil quaerat; voluptatem minima non. Aut!', '34bd2cef-5026-567c-3b71-153b37881afe', '1985-03-09 08:48:44', '1970-01-01 01:24:43', '69232a05-18ad-5bcc-afc7-b3346301782e', '1bb2a619-74a2-7994-80ab-476534f10a38', True),
('7020d279-5adc-2713-d18a-2526dd27dde1', 'P-6462', 'Abney1964', 28, 'Dolorem excepturi tempora quidem fugiat et. Et id error sed dolorem. Voluptatem soluta in quis fuga dignissimos ducimus.', '438598e2-2574-4fc8-2626-978952f080e4', '1994-09-21 06:20:21', '1984-02-02 06:40:23', '7848a399-664c-4cf0-c580-872c02b7d2a6', '7dd07f61-79aa-65b9-99f6-c5161989a451', True),
('7121229a-318d-15aa-e6d5-a3d7c1bf76fb', 'P-7556', 'Irwin2020', 31, 'Esse alias modi voluptates totam ipsa porro. At veritatis odit amet adipisci pariatur in.', '70edc7b9-702f-70b2-3d71-153b37881afe', '1977-05-17 08:08:42', '1970-01-01 00:04:56', '7848a399-664c-4cf0-c580-872c02b7d2a6', '25e65817-44ab-3533-7eba-f13ad74eb1e6', False),
('76f76014-2e74-492c-4b18-95a4b28724a5', 'P-4318', 'Mcdowell2002', 28, 'Delectus id consequatur illum. Sit nihil eaque recusandae corporis ipsam recusandae! Non consequatur quia omnis voluptas velit commodi.', '674934cc-42cf-20cf-1d4a-aea48a10ed18', '2005-05-03 02:20:32', NULL, '449281ed-7f3b-2d3d-acc7-b3346301782e', '527ba4f8-7308-3b9e-84fd-5df4fd824cb1', True),
('7857e1cb-1500-642b-5dc4-b9aac0c0d908', 'P-5673', 'George364', 18, 'Omnis autem veritatis illum delectus similique assumenda. Est ut fugit totam vero eos recusandae. Distinctio quam facere! Mollitia voluptatem possimus?', '2a3cacd6-1a30-6760-3769-9f77bda75690', '1970-01-01 00:20:22', '1972-06-29 04:50:58', '7b84ac41-6fa7-7a30-84b4-ee2381be8d74', '6b6a4c33-5b8f-2852-3441-b2aafff3dd82', True),
('7978125b-64f2-4fdc-60c4-b9aac0c0d908', 'P-6794', 'Watson64', 21, 'Sit rerum eligendi. Et ea cupiditate; molestiae et qui. Ea sunt dignissimos. Voluptas consequatur veritatis. Id rem distinctio! Numquam autem assumenda. Quis.', '6fcbca4a-7938-4339-51cb-b8d37b68af4d', '1970-01-01 00:01:30', '1983-01-13 02:52:23', '3453b47e-352e-6076-987c-35837e69de14', '253bdb4a-3ce3-3cd3-85fd-5df4fd824cb1', True),
('79ef3501-2379-72f1-740f-385ca5587322', 'P-3350', 'Bridget896', 13, 'Laboriosam sit exercitationem. Hic inventore aliquid. Pariatur voluptas quas. Ut ducimus labore. Perspiciatis iste quasi. Velit eum aut; aut sint cumque.', '174b8763-2707-7cb1-3c71-153b37881afe', '1988-03-17 01:23:54', '1983-11-14 06:41:14', '470dd012-7886-75fc-8186-fecdbcc4765c', '2160a9ca-74d9-6429-656f-7389f2b617cd', True),
('7c0e6a7f-25cc-50c6-750f-385ca5587322', 'P-5835', 'Ada6', 14, 'Ipsa dolorem consequuntur quos eaque. Natus ex veniam alias aut. Nesciunt nulla aut; suscipit similique ut. Repellat illo sint. Et voluptatem tenetur.', '536f0d7b-6fd5-2bb9-52cb-b8d37b68af4d', '1970-01-01 00:16:40', '1970-01-01 00:01:03', '2d2a8fe1-1f19-2b7c-83b4-ee2381be8d74', '3efcce93-32db-642d-676f-7389f2b617cd', True),
('7dd93676-129f-588e-6463-1356971fbebe', 'P-8859', 'Desmond7', 39, 'Ut dolores eligendi. Amet similique aliquam. Et placeat ipsam? Sed sit incidunt. Dolorum eos quis. Sed voluptatem quae. Maxime aut ex.', '70edc7b9-702f-70b2-3d71-153b37881afe', '1975-01-10 07:23:51', NULL, '711510bd-606e-7b68-ddcb-05dee64e6cc0', '7f95fa10-6133-5ac6-9cf6-c5161989a451', False);

-- 
-- Dumping data for table student
--
INSERT INTO student VALUES
('11a43c32-6956-18d8-bb83-e0bab1eae329', '2021676435', 'Meredith Abrams', '2000-06-24', 2, '36104b10-705b-57a8-83c0-08fd2f807219', '1970-01-01 00:52:43', '1970-01-01 00:01:22'),
('11c154b6-1d93-29fc-ad14-d98a564937ec', '2018996533', 'Ali Maclean', '2003-11-30', 0, '749f165c-16de-4b32-86c0-08fd2f807219', '1970-01-01 00:00:32', '1989-10-19 09:43:36'),
('13421b78-3145-4f67-bd83-e0bab1eae329', '2021179931', 'Ezra Billingsley', '1995-04-26', 2, '182ac03d-3bc5-1d27-7309-bf1378b8dc91', '1997-01-01 22:54:13', '1970-01-01 00:04:33'),
('14d8cba0-3a31-274b-03a1-920e45e35781', '2018828519', 'Raul Aguiar', '1994-08-04', 2, '486f3705-5928-5b0d-15cf-9712082ff6cb', '1970-01-01 00:38:57', '1970-01-01 00:00:04'),
('1685c7b1-5633-1a18-ab14-d98a564937ec', '2021606222', 'Abel Fredrickson', '1991-01-02', 1, '2520d168-1494-4217-89d5-ba100c6f7bce', '2000-04-17 17:11:25', '2000-08-19 02:43:04'),
('176d0804-36e1-789c-98c9-5ad971b19dd2', '2019899432', 'Moses Mcmillan', '1998-06-30', 1, '4fbf7ac2-4f95-259e-fd83-196123975cb2', '1997-10-16 03:23:22', '1975-09-27 03:45:02'),
('178f3bb1-18d2-4d19-ae14-d98a564937ec', '2020741332', 'Stanley Truong', '1991-02-27', 2, '22f29725-54f0-11f0-9d0b-87ae14180c33', '1997-07-12 16:43:21', '1991-06-10 10:25:24'),
('18479bcb-6114-3678-a638-6209cd524a10', '2021498902', 'Joanna Neumann', '1991-03-30', 1, '7dbd90f6-6015-12c6-4b29-a2925c0f334d', '1970-01-01 00:04:23', '1996-05-05 07:42:05'),
('19660272-4801-1f74-92c9-5ad971b19dd2', '2019983992', 'Mitzie Ackerman', '1991-09-21', 1, '20bbbd0b-3c4a-7d94-6f09-bf1378b8dc91', '2017-12-29 15:27:06', '1970-01-01 01:05:49'),
('1a17ba6a-5f66-706f-faa0-920e45e35781', '2019052344', 'Adela Hale', '2001-02-27', 1, '20bbbd0b-3c4a-7d94-6f09-bf1378b8dc91', NULL, '1970-01-01 00:00:25'),
('1abcdf0a-294f-6936-70ed-64e047f33a5b', '2020825107', 'Abe Dukes', '1992-12-26', 1, '234d2569-6b1c-720c-9f20-39c2f00615e8', '1975-05-11 06:42:16', '1990-05-07 16:39:33'),
('1d93ca31-7392-7074-fba5-843a5c88fcbd', '2019960356', 'Syreeta Carnes', '1992-11-28', 2, '354f1b13-17bf-1b52-87d5-ba100c6f7bce', NULL, '1999-05-04 04:03:00'),
('1fc8f75c-3cf8-4a1b-e555-145d604bbe67', '2019701955', 'Jeremiah Echevarria', '2001-04-06', 0, '12437806-26ac-3517-9c0b-87ae14180c33', '2009-02-05 00:20:31', '2016-11-11 07:29:30'),
('202afa9a-722a-605b-f8a5-843a5c88fcbd', '2018359700', 'Sherwood Galvez', '1991-04-27', 0, '7c94355d-4702-3a9b-5abe-406293204378', '1970-01-01 00:05:23', NULL),
('208d2f17-418c-58a3-e455-145d604bbe67', '2019480474', 'Fanny Gallant', '1996-12-10', 1, '204c0070-4a99-51b1-7209-bf1378b8dc91', '1986-10-04 23:03:31', '1970-01-01 00:12:55'),
('20b0e740-7ecb-76a6-56a2-e62e635ba141', '2021882245', 'Armando Abel', '2002-11-06', 2, '62a849b4-1145-4227-7009-bf1378b8dc91', '1998-03-10 04:32:09', '1970-01-01 00:12:17'),
('2100061e-4257-67b0-57a2-e62e635ba141', '2020786428', 'Reginald Abbott', '2003-04-17', 0, '38fae0a4-2a8d-7751-17cf-9712082ff6cb', '1992-11-29 00:57:15', '2015-07-31 01:38:34'),
('2148d52a-7ee7-4e94-58a2-e62e635ba141', '2021978769', 'Laurence Gillis', '1994-05-25', 1, '14ee7bc0-194c-3948-57be-406293204378', '1987-11-27 23:17:50', '1970-01-01 00:01:26'),
('221722ad-30a9-67fb-c083-e0bab1eae329', '2021615004', 'Adela Halcomb', '1992-12-02', 2, '354f1b13-17bf-1b52-87d5-ba100c6f7bce', '1970-01-01 00:00:35', '1976-07-14 11:23:45'),
('22f046f4-3bc8-5944-a938-6209cd524a10', '2020111740', 'Ada Langlois', '1998-02-09', 2, '182ac03d-3bc5-1d27-7309-bf1378b8dc91', '1991-01-28 02:39:24', '2010-11-20 11:21:34'),
('23b94989-1898-2fb4-a838-6209cd524a10', '2020452026', 'Carola Wakefield', '1992-03-09', 0, '6c2d254c-51c8-2ac9-7409-bf1378b8dc91', '2012-02-27 12:26:36', '1978-11-08 21:51:33'),
('23cfd3bb-54a8-5128-faa5-843a5c88fcbd', '2021532884', 'Otto Buchanan', '2003-07-22', 2, '20bbbd0b-3c4a-7d94-6f09-bf1378b8dc91', '2012-10-21 10:58:11', '1970-01-01 00:05:27'),
('23d7cfdb-684f-1da9-bf83-e0bab1eae329', '2021844687', 'Adaline Borges', '2003-04-11', 0, '354f1b13-17bf-1b52-87d5-ba100c6f7bce', '1970-01-01 00:00:32', '1992-09-06 21:11:24'),
('24419498-1306-4f56-fea0-920e45e35781', '2020662821', 'Malcom Elam', '2002-02-03', 1, '3b86d2ed-446c-5fce-56be-406293204378', '1970-01-01 00:00:08', '2014-01-04 20:57:55'),
('2481ba72-5124-1bf4-aa14-d98a564937ec', '2019558459', 'Sun Denney', '1999-08-22', 2, '182ac03d-3bc5-1d27-7309-bf1378b8dc91', '2011-10-02 23:11:14', '1989-05-19 10:00:05'),
('24b41f06-6442-7712-a238-6209cd524a10', '2018484256', 'Nannie Benjamin', '1999-08-29', 2, '6b47b37f-3123-3ce7-14cf-9712082ff6cb', '1970-01-01 00:00:10', '2008-01-10 14:45:31'),
('24dfb441-5e82-60e8-c183-e0bab1eae329', '2018624219', 'Melvin Aiello', '1992-01-06', 0, '26de5798-48e1-14d3-9f0b-87ae14180c33', '1993-11-26 21:46:30', '1970-01-01 00:10:53'),
('277df9d1-5e6c-7385-ec55-145d604bbe67', '2021031849', 'Nana Valadez', '1992-03-03', 0, '2535c718-4dd9-311b-8cd5-ba100c6f7bce', '1970-01-01 02:07:00', NULL),
('2a32739b-4bf7-7687-9ac9-5ad971b19dd2', '2021236559', 'Emmett Acker', '2000-04-15', 2, '6c2d254c-51c8-2ac9-7409-bf1378b8dc91', '1970-01-01 00:01:30', NULL),
('2c33b468-52ec-79fd-eb55-145d604bbe67', '2019804896', 'Jennette Booker', '1995-05-24', 2, '204c0070-4a99-51b1-7209-bf1378b8dc91', '1970-01-01 01:12:36', '1970-01-01 00:00:19'),
('2df43e0f-49b4-6bef-02a1-920e45e35781', '2021021188', 'Adolfo Lovell', '1991-01-08', 0, '234d2569-6b1c-720c-9f20-39c2f00615e8', '1970-01-01 00:00:03', '1983-08-27 11:27:45'),
('2e9a2028-2e4e-5991-a538-6209cd524a10', '2020043524', 'Annamaria Carman', '1991-02-12', 0, '2cc5723c-56c3-7df9-8bd5-ba100c6f7bce', '2018-09-06 12:24:29', '1988-01-01 20:14:45'),
('2f915d16-6bd1-4ceb-c283-e0bab1eae329', '2021062428', 'Moises Bandy', '1999-04-08', 0, '5c9f5f1a-6f5c-49cc-59be-406293204378', '1995-05-09 21:55:27', '1988-05-06 15:35:24'),
('328daf7f-4b4e-67f8-df5a-068977f062a4', '2020896775', 'Akiko Abernathy', '1991-11-19', 2, '38528581-656f-2902-32de-23e177779933', '2007-10-15 10:38:47', '1970-01-01 00:01:30'),
('32f03117-55d0-5b39-ac14-d98a564937ec', '2021125392', 'Kareem Fanning', '1999-07-14', 2, '4fbf7ac2-4f95-259e-fd83-196123975cb2', '1992-08-23 13:38:11', '2019-03-08 03:16:11'),
('3429f3e5-4593-318f-fba0-920e45e35781', '2020330517', 'Kathleen Mauldin', '1993-08-17', 2, '3bad7541-7915-6d1b-34de-23e177779933', '1970-01-01 00:00:05', '1973-03-29 09:29:37'),
('354982da-33ec-36d6-a438-6209cd524a10', '2019179225', 'Kandis Teel', '1991-07-11', 2, '486f3705-5928-5b0d-15cf-9712082ff6cb', '2014-08-29 18:24:29', '1970-01-01 00:00:06'),
('35674039-396c-2d6d-6ced-64e047f33a5b', '2020451848', 'Wally Richey', '1993-06-14', 2, '38528581-656f-2902-32de-23e177779933', '1994-01-25 18:03:22', '1977-05-03 18:04:35'),
('357d9400-7176-3843-e35a-068977f062a4', '2021159035', 'Charlene Luttrell', '1991-02-03', 0, '3700cc49-55b5-69ea-4929-a2925c0f334d', '1970-01-01 00:11:38', '1974-10-13 23:29:57'),
('365515e2-1ea2-572e-ffa5-843a5c88fcbd', '2018221318', 'Lawanda Gaston', '1991-10-24', 0, '1d3986c3-11ae-3e82-85c0-08fd2f807219', '1970-01-01 00:02:09', '1991-02-12 15:13:49'),
('36b51746-2978-5e85-fda0-920e45e35781', '2021100557', 'Librada Damron', '2001-06-28', 1, '2cc5723c-56c3-7df9-8bd5-ba100c6f7bce', '1970-01-01 02:14:07', '1970-01-01 00:01:04'),
('37a7d166-2a2d-64d5-e85a-068977f062a4', '2019628348', 'Vina Haggard', '1997-10-23', 2, '1d3986c3-11ae-3e82-85c0-08fd2f807219', '2021-08-16 23:58:58', '1970-01-01 00:01:36'),
('38535d4f-550c-5269-95c9-5ad971b19dd2', '2020368793', 'Markus Way', '2000-11-13', 0, '28018b36-16ff-393b-a020-39c2f00615e8', '1994-07-06 23:57:07', '1992-03-05 19:31:34'),
('39506999-2a2b-3fd2-01a6-843a5c88fcbd', '2018953040', 'Jeremy Vazquez', '1997-10-08', 0, '38fae0a4-2a8d-7751-17cf-9712082ff6cb', '1989-06-05 01:55:25', '2012-06-21 01:48:24'),
('3ac07a2c-5adc-73a3-e15a-068977f062a4', '2020129481', 'Augusta Flores', '2000-07-30', 0, '36104b10-705b-57a8-83c0-08fd2f807219', '1977-03-23 04:01:39', '1976-11-06 06:34:35'),
('3b55d9e5-4276-5c7a-a514-d98a564937ec', '2021093129', 'Berta Keel', '2001-03-16', 0, '1f94a596-32c4-2a29-8ad5-ba100c6f7bce', '1970-01-01 00:07:21', '1997-06-19 02:11:13'),
('3fc12b2e-3de6-2e31-b983-e0bab1eae329', '2020355690', 'Jordon Brower', '1993-10-24', 0, '57a3f48f-1c1d-1f04-9e20-39c2f00615e8', '2021-04-05 00:27:13', '1975-01-17 00:41:49'),
('3fe32a2b-64fa-7221-a338-6209cd524a10', '2020170716', 'Bennie Forbes', '1995-04-17', 2, '7dbd90f6-6015-12c6-4b29-a2925c0f334d', '1976-01-30 13:11:32', '1988-03-23 18:08:59'),
('413426e2-54c6-66f1-a414-d98a564937ec', '2021932470', 'Mac Alderman', '1991-01-23', 1, '36104b10-705b-57a8-83c0-08fd2f807219', NULL, '1974-11-09 13:56:16'),
('41e32b3e-6719-34c2-e25a-068977f062a4', '2019527308', 'Ted Burgos', '1991-09-20', 2, '4fbf7ac2-4f95-259e-fd83-196123975cb2', '1988-03-21 20:56:18', '1970-01-01 00:00:03'),
('44f843e9-4c47-7789-93c9-5ad971b19dd2', '2021008969', 'Kyle Hoyt', '1991-12-04', 2, '234d2569-6b1c-720c-9f20-39c2f00615e8', '1984-09-25 19:14:19', '2019-01-19 21:20:27'),
('45595da3-69e4-79ae-e05a-068977f062a4', '2020010287', 'Delphine Rhea', '2003-11-01', 1, '40dcb887-554e-6059-a120-39c2f00615e8', '2001-11-22 18:45:00', '1988-10-01 00:31:05'),
('455b0c88-5e2b-4af8-53a2-e62e635ba141', '2018324082', 'Johnathon Adler', '1998-03-28', 2, '14ee7bc0-194c-3948-57be-406293204378', '1993-10-03 19:43:42', '1970-01-01 00:00:01'),
('4568909e-1ae1-15c1-00a1-920e45e35781', '2021410307', 'Adelaida Waite', '1991-12-20', 0, '4931f441-237d-4e19-9e0b-87ae14180c33', NULL, '1970-01-01 00:00:08'),
('45889062-4917-1cfb-f9a5-843a5c88fcbd', '2020345757', 'Debera Short', '2000-07-27', 2, '3bad7541-7915-6d1b-34de-23e177779933', '1994-03-25 09:11:04', '2012-04-07 00:25:12'),
('467e976e-37d5-5aa2-aa38-6209cd524a10', '2019670254', 'Stephan Mcbee', '1991-05-28', 1, '486f3705-5928-5b0d-15cf-9712082ff6cb', '1970-11-03 23:01:55', NULL),
('47e06cda-62d9-2968-fda5-843a5c88fcbd', '2020766568', 'Agueda Hatch', '2001-11-23', 0, '5c9f5f1a-6f5c-49cc-59be-406293204378', '1970-01-01 00:00:34', '2008-06-14 05:11:27'),
('48c4e98b-1775-70d8-fea5-843a5c88fcbd', '2019132129', 'Vivian Marcus', '1998-12-13', 2, '4931f441-237d-4e19-9e0b-87ae14180c33', NULL, '1981-09-09 13:03:41'),
('4a8249cc-5018-3a6f-e855-145d604bbe67', '2020508120', 'Delores Hurt', '1996-05-23', 1, '4a4a8c90-2e57-215e-58be-406293204378', '1970-01-01 01:06:43', '1989-10-20 16:29:26'),
('4b1b524f-470f-7ed9-e655-145d604bbe67', '2021538891', 'Tamekia Stevens', '1992-04-09', 2, '4fbf7ac2-4f95-259e-fd83-196123975cb2', NULL, '1970-01-01 00:01:07'),
('4e8cb785-79bd-5f04-94c9-5ad971b19dd2', '2021316214', 'Raymon Fain', '1995-04-25', 2, '26de5798-48e1-14d3-9f0b-87ae14180c33', '1999-01-18 09:52:08', '1999-04-17 13:27:03'),
('4fa78063-24ea-3bd6-e955-145d604bbe67', '2021619844', 'Aldo Alonso', '1999-11-14', 2, '4a4a8c90-2e57-215e-58be-406293204378', '2014-07-30 09:00:23', '2004-09-08 19:38:57'),
('4fc8f3c5-5db9-5666-04a1-920e45e35781', '2021008849', 'Patrick Chang', '1994-04-23', 1, '3bad7541-7915-6d1b-34de-23e177779933', '1970-01-01 00:01:35', NULL),
('5106edd8-627a-3633-a914-d98a564937ec', '2018654533', 'Detra Hein', '1993-06-09', 2, '5c9f5f1a-6f5c-49cc-59be-406293204378', '1992-05-27 03:32:04', '2010-01-13 09:00:39'),
('511593cd-3e30-6c98-ba83-e0bab1eae329', '2020555701', 'Brendan Andrade', '1991-01-10', 0, '41c2dce0-2c38-3bc6-16cf-9712082ff6cb', '1993-10-09 09:55:16', '1970-01-01 00:00:09'),
('518c0540-77aa-62a1-6fed-64e047f33a5b', '2021771345', 'Miss Cordell', '1993-10-28', 2, '4931f441-237d-4e19-9e0b-87ae14180c33', '1970-01-01 02:03:29', '2006-08-13 13:32:06'),
('51a8fc8b-29ee-1808-01a1-920e45e35781', '2019003955', 'Woodrow Clapp', '1993-05-06', 0, '4d759fc8-400f-6e8f-5bbe-406293204378', '1970-01-01 00:00:43', '1985-05-11 12:02:18'),
('51f286c6-7278-7514-ea55-145d604bbe67', '2020071238', 'Hong Christy', '1996-03-11', 1, '53baae5e-52f2-2642-4a29-a2925c0f334d', '2004-12-01 21:41:29', '1992-09-15 04:59:51'),
('54af9a8e-3b3a-2245-af14-d98a564937ec', '2021148411', 'Rolando Sowers', '1995-03-07', 1, '38fae0a4-2a8d-7751-17cf-9712082ff6cb', '2009-04-25 07:24:26', '1970-01-01 00:02:36'),
('57dcd8f5-27bd-3d40-a038-6209cd524a10', '2019934020', 'Abel Wilbanks', '1991-01-05', 1, '6c2d254c-51c8-2ac9-7409-bf1378b8dc91', '1970-01-01 00:00:23', NULL),
('57f6af92-7a83-1ba4-e45a-068977f062a4', '2018367303', 'Cole Bagley', '1991-09-25', 2, '6c2d254c-51c8-2ac9-7409-bf1378b8dc91', '1979-08-21 18:32:56', '1970-01-01 00:00:06'),
('5a8402ff-3d29-399c-e255-145d604bbe67', '2020776095', 'Ada Coats', '2003-05-12', 0, '7dbd90f6-6015-12c6-4b29-a2925c0f334d', '1998-04-04 08:42:48', '1982-03-22 10:20:41'),
('5b1c2904-7db6-4fba-e355-145d604bbe67', '2019272336', 'Russ Hughes', '1998-11-02', 2, '5c9f5f1a-6f5c-49cc-59be-406293204378', '1970-01-01 00:16:00', NULL),
('5ced8f3f-3203-3ff4-54a2-e62e635ba141', '2020173434', 'Bianca Matney', '1993-09-09', 2, '204c0070-4a99-51b1-7209-bf1378b8dc91', NULL, '1970-01-01 01:36:41'),
('5f3abf87-70cc-254f-e55a-068977f062a4', '2019593873', 'Gordon Oakes', '1995-08-06', 1, '2ea8deee-1b95-2a51-88d5-ba100c6f7bce', '1997-08-11 04:39:28', '2014-06-15 05:09:20'),
('609e9317-2aa3-5db6-a614-d98a564937ec', '2018000568', 'Cyril Gomez', '1991-02-01', 0, '7c94355d-4702-3a9b-5abe-406293204378', '1996-09-06 10:47:21', '1970-01-01 01:51:02'),
('61ed308a-600d-24dc-e65a-068977f062a4', '2019616224', 'Deandre Chase', '1991-01-03', 0, '20bbbd0b-3c4a-7d94-6f09-bf1378b8dc91', '1974-06-14 12:54:41', '1970-01-01 00:15:04'),
('622e3ed9-7e14-30ab-a738-6209cd524a10', '2018423716', 'Alfredo Smalls', '2003-08-20', 0, '354f1b13-17bf-1b52-87d5-ba100c6f7bce', '1996-12-10 00:33:01', '1995-09-21 14:47:43'),
('62a94e9f-2c17-59a0-00a6-843a5c88fcbd', '2021509652', 'Susanne Ennis', '1996-07-27', 0, '40dcb887-554e-6059-a120-39c2f00615e8', '1986-06-29 11:30:45', '1970-01-01 00:06:02'),
('62e87ae1-4739-4e39-90c9-5ad971b19dd2', '2020730768', 'Dodie Loveless', '1996-11-04', 2, '37dd9bb0-4c53-4134-31de-23e177779933', '2007-10-16 01:15:33', '2012-11-30 07:23:58'),
('63df2e0d-636b-36b7-8fc9-5ad971b19dd2', '2021161734', 'Dewayne Ali', '1993-02-15', 2, '4a4a8c90-2e57-215e-58be-406293204378', '2003-01-25 23:33:24', '2002-02-01 08:07:07'),
('640a6072-4f38-7d6a-fca5-843a5c88fcbd', '2020682293', 'Modesto Callahan', '2001-09-22', 1, '22f29725-54f0-11f0-9d0b-87ae14180c33', NULL, '1970-01-01 00:01:28'),
('6742609a-58bf-77bd-91c9-5ad971b19dd2', '2019982883', 'Altha Odom', '1996-04-11', 2, '15d0d796-1465-4665-fc83-196123975cb2', '1970-01-01 00:00:03', '1985-12-25 05:07:47'),
('67ba1bc5-38cd-167c-6eed-64e047f33a5b', '2021342409', 'Dannielle Gaylord', '2000-02-13', 1, '5c9f5f1a-6f5c-49cc-59be-406293204378', '2008-03-15 08:01:21', '2001-01-21 19:00:38'),
('6bbb33f9-7f13-74cd-97c9-5ad971b19dd2', '2019170862', 'Maddie Baylor', '1992-05-26', 0, '3b86d2ed-446c-5fce-56be-406293204378', '1970-01-01 00:04:33', NULL),
('6d583218-2369-1a65-99c9-5ad971b19dd2', '2019264389', 'Abigail Dellinger', '1993-10-06', 1, '749af78e-699e-5d1e-7109-bf1378b8dc91', '1973-02-25 02:05:09', '2012-08-18 16:42:13'),
('6d705737-196d-49fe-fca0-920e45e35781', '2018802738', 'Abigail Joyner', '1998-08-05', 0, '36104b10-705b-57a8-83c0-08fd2f807219', NULL, '1970-01-01 00:00:18'),
('6de49cb6-1ab5-55c7-6ded-64e047f33a5b', '2021295270', 'Joel Beck', '2003-03-11', 1, '22f29725-54f0-11f0-9d0b-87ae14180c33', '1970-02-28 15:07:43', '2009-07-10 18:04:22'),
('6f5f2342-79a7-442f-e75a-068977f062a4', '2021311516', 'Jesse Moreland', '2002-10-18', 1, '204c0070-4a99-51b1-7209-bf1378b8dc91', '1974-12-09 07:13:08', '2003-03-09 08:08:55'),
('6f6a13be-25e0-379e-bc83-e0bab1eae329', '2019474550', 'Richelle Griffis', '1995-11-30', 2, '6e98d16d-1cee-3d90-4d29-a2925c0f334d', '1984-12-19 07:30:12', '1970-01-01 02:43:00'),
('70412956-71fa-6173-55a2-e62e635ba141', '2018281135', 'Lucie Conti', '1995-11-27', 2, '53baae5e-52f2-2642-4a29-a2925c0f334d', '2011-11-01 20:56:33', NULL),
('71e78dc3-2bed-3dcd-96c9-5ad971b19dd2', '2020327595', 'Bella Sturgeon', '1991-05-21', 1, '1d3986c3-11ae-3e82-85c0-08fd2f807219', '1981-08-20 13:40:18', '2015-02-16 04:51:42'),
('74e97ad1-523f-7269-a714-d98a564937ec', '2019517480', 'Napoleon Golden', '2000-03-14', 1, '41c2dce0-2c38-3bc6-16cf-9712082ff6cb', '2003-04-06 02:47:19', '1988-08-22 13:32:03'),
('7a752325-295d-7229-e755-145d604bbe67', '2018860349', 'Junior Larson', '1991-03-11', 0, '5c9f5f1a-6f5c-49cc-59be-406293204378', '1970-01-01 00:00:08', '2009-05-04 14:34:21'),
('7af73443-68b0-2836-be83-e0bab1eae329', '2021133367', 'Danial Elmore', '1991-02-04', 1, '4a4a8c90-2e57-215e-58be-406293204378', '1999-05-23 11:21:58', '1975-03-01 11:57:38'),
('7bc13f1c-3285-6ffa-ffa0-920e45e35781', '2018823076', 'Jacquline Clevenger', '2003-05-28', 1, '40480f96-2014-7c36-4c29-a2925c0f334d', NULL, '1970-01-01 00:01:40'),
('7c38efdc-6c19-729f-a814-d98a564937ec', '2019152886', 'Abbie Kern', '1991-01-10', 2, '28018b36-16ff-393b-a020-39c2f00615e8', '2005-09-16 12:00:33', '2000-01-21 08:47:40'),
('7d5623a9-4e40-7ba2-8ec9-5ad971b19dd2', '2018794217', 'Reyes Berrios', '2003-01-14', 1, '15cb3909-1246-2add-33de-23e177779933', '1970-01-01 01:01:51', NULL),
('7ec3868d-2c55-1d66-e95a-068977f062a4', '2021121081', 'Jamie Montez', '1991-02-19', 0, '28018b36-16ff-393b-a020-39c2f00615e8', '2017-12-05 13:31:57', '2017-11-28 20:44:07'),
('7f826d5d-267d-11ce-a138-6209cd524a10', '2018075104', 'Antony Huff', '1995-10-07', 0, '14ee7bc0-194c-3948-57be-406293204378', '1987-01-05 00:27:29', '1970-01-01 00:01:28');

-- 
-- Dumping data for table practiceschedule
--
INSERT INTO practiceschedule VALUES
('13b239e2-3f48-7952-6e0c-aaddcc920f04', '2021-07-09', '4c01679a-290e-41dd-36dd-b2fad077304c', '532aa959-251e-3b15-f3d8-f66e8baab1ae', '154f049c-5d33-2a93-5d4a-937c34fefb63', 0, 'Eos perspiciatis autem. Soluta ipsa laboriosam. Atque nobis dolorem; et quam ut. Eos vitae cumque! Alias omnis error. Fuga perspiciatis natus. Magnam.', '2013-09-04 19:17:09', '2006-03-09 19:40:50', '1976-01-08', NULL, '456df03c-703b-5ff2-680e-a301df02d928', '724cda7e-3e73-6365-b639-7fa89fdac40f', '1fd9cc67-1146-5aa5-d622-0014b5e3c4fa'),
('19187893-20c1-68fe-6c0c-aaddcc920f04', '2021-03-07', '4c01679a-290e-41dd-36dd-b2fad077304c', '5270bc92-13fe-5299-0a24-752070424bc8', '76f76014-2e74-492c-4b18-95a4b28724a5', 0, 'Et aut quia et omnis odit. Dolores omnis dolorem suscipit enim. Ipsa enim praesentium. Quis est velit perspiciatis et ea nemo!', '2021-09-12 13:09:16', '2018-06-03 20:03:26', '1979-02-06', '1993-08-24', '498d18a7-5242-6712-59b5-dbdeded26587', '64461d88-7e6b-5423-c300-73728ad2d17f', '6a90a400-76ac-5619-3d77-9e4463160e48'),
('1d5853de-4aae-6b99-eb58-5feba856b5c4', '2021-11-04', '13cd33f2-6725-2425-e179-7ce9981695ea', '73007af7-29e5-4b65-f00e-1e906dfe5560', '627ace78-60dd-3987-d08a-2526dd27dde1', 0, NULL, '2007-07-26 07:44:16', '1996-10-11 13:22:31', '2004-09-21', '1970-01-07', '456df03c-703b-5ff2-680e-a301df02d928', '724cda7e-3e73-6365-b639-7fa89fdac40f', '5694197f-21a8-4dc5-8acc-aea518759ca4'),
('1e1de8cc-2654-6c82-56bc-31d980fd0cf2', '2021-03-31', '3c46f4ee-62ea-5c8d-986f-b9e6bde19f05', '684104f0-23fa-66da-e54e-3b575a39a32d', '4c44a741-41ad-4d1c-cf8a-2526dd27dde1', 0, 'Vel nesciunt et. Sit quia neque. Vitae eum id! Voluptate assumenda vitae. Illo ex aut. Voluptatem modi exercitationem. Quo itaque sit.', '2001-04-16 18:46:08', '2005-12-08 05:12:29', NULL, '1972-11-08', '498d18a7-5242-6712-59b5-dbdeded26587', '64461d88-7e6b-5423-c300-73728ad2d17f', '7b8b8b8a-2421-525b-c0d7-8162d04b2be1'),
('27d1c722-52fb-2380-d20d-e139c4be1bab', '2020-03-14', '585a8a5d-2d32-53a4-e279-7ce9981695ea', '258a3136-2cc5-1d10-8126-d0b1ec00486f', '18be6c23-7909-6543-780f-385ca5587322', 0, 'Ipsa voluptatum ad. Quo optio consequatur non rem autem modi! Voluptas dolore qui explicabo mollitia doloremque illum.', '1970-01-01 00:01:02', '1986-02-23 16:13:16', '2007-07-04', '1977-07-23', '456df03c-703b-5ff2-680e-a301df02d928', '64461d88-7e6b-5423-c300-73728ad2d17f', '3c35e9ce-442a-74a5-bf02-28cbae4b6f1a'),
('28861c09-2302-381c-cf11-6e7f8ba9678a', '2020-06-25', '2412fd8f-3d33-4467-cc2e-fe37b47efbd0', '49e17379-383f-2528-9871-4e63d198e188', '32c5be54-1b6d-4f2f-42ff-14cb4f66624a', 0, 'Dolorem blanditiis officia sint magni minus nostrum. Non voluptate tenetur. Eveniet ea dolor et quis perferendis adipisci.', '1980-02-13 06:23:55', '1970-01-01 00:00:19', '2015-07-27', '1970-03-22', '498d18a7-5242-6712-59b5-dbdeded26587', '60fab728-7aa7-21c3-ce84-fd5984725e29', '6208cd70-7c70-64af-bdd7-8162d04b2be1'),
('2a5fcc22-310c-24fa-d10d-e139c4be1bab', '2021-10-20', '3c46f4ee-62ea-5c8d-986f-b9e6bde19f05', '5913643d-3ef1-6fde-e44e-3b575a39a32d', '2900b0de-68e5-34bf-4d18-95a4b28724a5', 0, 'Voluptas deleniti dignissimos. Optio sit dolor. Molestiae labore atque. Ut ullam doloremque. Commodi consequatur ipsum! Incidunt omnis rerum. Rerum illo sit.', '1977-02-14 00:25:59', '1970-01-01 00:01:21', '1990-05-19', '2020-01-16', '498d18a7-5242-6712-59b5-dbdeded26587', '724cda7e-3e73-6365-b639-7fa89fdac40f', '6c751c4b-1c00-7043-8bcc-aea518759ca4'),
('2f1af7ed-6b8c-7f7e-e56c-074f4ea5d95f', '2021-10-29', '4c01679a-290e-41dd-36dd-b2fad077304c', '4d3a7261-67f6-635a-9771-4e63d198e188', '6fcb797d-5801-27eb-5a4a-937c34fefb63', 0, 'Necessitatibus nemo id quia modi natus voluptatem. Natus iure corporis voluptatem perferendis magni dignissimos.', '1970-01-01 00:00:05', '2012-07-04 18:50:30', '1998-12-06', '1974-03-21', '517f7b20-603a-53f2-50c3-2450fa6a3f0f', '64461d88-7e6b-5423-c300-73728ad2d17f', '5856eee7-479e-6550-a217-2d57fd0c36be'),
('2f1d5a67-158c-1993-4271-b3279c6573d8', '2020-07-13', '4c01679a-290e-41dd-36dd-b2fad077304c', '73007af7-29e5-4b65-f00e-1e906dfe5560', '48ab0a88-60f8-58a3-4f18-95a4b28724a5', 0, NULL, '1970-01-01 00:16:28', '1970-01-01 00:00:13', NULL, '2002-12-23', '456df03c-703b-5ff2-680e-a301df02d928', '3ef08788-4f37-781e-5a44-fdef82b41d42', '6c751c4b-1c00-7043-8bcc-aea518759ca4'),
('2fe83cf5-3889-3345-b8c6-efcda611ce70', '2020-03-02', '3c46f4ee-62ea-5c8d-986f-b9e6bde19f05', '6d2a9757-48d7-3d49-c903-bda575a10914', '6d198f02-25cb-38c3-44ff-14cb4f66624a', 0, 'Similique facere iste. Qui fugit qui; quia laudantium sed? Modi optio nesciunt. Voluptas omnis aut! Error ut officia. Rem dolorum eum...', '1970-01-01 00:06:06', '2001-05-19 21:08:37', '1970-03-22', '2011-01-25', '22c69f81-421f-5ff9-690e-a301df02d928', '3ef08788-4f37-781e-5a44-fdef82b41d42', '65830c37-61cd-74d8-6be1-d1c6b9046484'),
('33d07a86-17b6-62eb-b7c6-efcda611ce70', '2020-01-01', '13cd33f2-6725-2425-e179-7ce9981695ea', '57cb4550-6c6b-413c-d5c3-9fde8866bc46', '6ce5c22c-57f4-26dc-8845-587bf666e38b', 0, 'Natus dicta rerum obcaecati velit nihil ratione...', '1972-10-08 03:48:58', '1970-01-01 00:00:30', '1992-04-10', NULL, '517f7b20-603a-53f2-50c3-2450fa6a3f0f', '60fab728-7aa7-21c3-ce84-fd5984725e29', '18c5fd7c-7548-2ca0-d322-0014b5e3c4fa'),
('3b4fa8ac-1a40-7000-8157-288fb12aa91d', '2020-11-25', '1703aa41-768a-5e1b-cd2e-fe37b47efbd0', '41af59e7-1566-694e-f2d8-f66e8baab1ae', '480f754d-2754-795e-594a-937c34fefb63', 0, 'Dignissimos deserunt in sapiente repudiandae ratione dolorem. Sed ut ea ut aliquam praesentium voluptatem...', '2017-03-30 19:36:28', '1970-01-01 00:00:33', '1989-05-13', '2009-01-26', '456df03c-703b-5ff2-680e-a301df02d928', '60fab728-7aa7-21c3-ce84-fd5984725e29', '5704318c-3da1-221f-c1d7-8162d04b2be1'),
('3c5a8191-7a79-6b13-e96c-074f4ea5d95f', '2021-05-09', '585a8a5d-2d32-53a4-e279-7ce9981695ea', '764ae4f4-504b-1a00-0e24-752070424bc8', '1c7f5ee3-6152-18c6-6ffa-d9c911cf4972', 0, 'Veritatis in dicta explicabo itaque totam. Et rem cum natus sequi dolorem. Nemo officiis nostrum quas id quaerat vel!', '1984-07-18 17:50:56', '1982-11-16 11:06:15', '1992-01-07', '1976-11-27', '22c69f81-421f-5ff9-690e-a301df02d928', '3ef08788-4f37-781e-5a44-fdef82b41d42', '25c4364b-3b5e-6fc6-4077-9e4463160e48'),
('3cc8b7e5-7edd-5f52-3f71-b3279c6573d8', '2021-02-12', '3c46f4ee-62ea-5c8d-986f-b9e6bde19f05', '57866244-2be0-2b45-0c24-752070424bc8', '355b2e90-563b-351b-43ff-14cb4f66624a', 0, NULL, '2013-06-21 19:03:18', '1970-01-01 00:01:04', '1970-01-30', '2010-08-12', '22c69f81-421f-5ff9-690e-a301df02d928', '60fab728-7aa7-21c3-ce84-fd5984725e29', '5ae376ce-6d35-5433-a417-2d57fd0c36be'),
('40f03bea-4909-7259-cd21-899d690d4046', '2021-11-10', '1703aa41-768a-5e1b-cd2e-fe37b47efbd0', '408582ca-5daa-660a-7f16-192900f892f7', '1c7f5ee3-6152-18c6-6ffa-d9c911cf4972', 0, 'Quae quo omnis. Provident tempore est! Reprehenderit facilis expedita. Et ut ducimus. Tenetur voluptatem quam! Molestiae reiciendis et. Qui error illum.', '1992-03-05 16:33:22', '2012-01-19 15:46:18', '1980-12-11', '1971-09-24', '456df03c-703b-5ff2-680e-a301df02d928', '724cda7e-3e73-6365-b639-7fa89fdac40f', '26555a6e-1944-3eeb-a9b7-a919cab3d500'),
('41dd742d-7c2f-48dc-e858-5feba856b5c4', '2020-07-31', '4c01679a-290e-41dd-36dd-b2fad077304c', '258a3136-2cc5-1d10-8126-d0b1ec00486f', '64eca9fb-65c8-21d2-e5d5-a3d7c1bf76fb', 0, 'Corrupti ea voluptatem. Repellendus suscipit aut! Aperiam sint veritatis. Et deleniti adipisci. Obcaecati in quasi. Sed sapiente beatae. Illo repellat totam.', '1975-07-02 13:27:56', '1979-12-10 15:51:14', '2011-08-05', '1988-10-30', '517f7b20-603a-53f2-50c3-2450fa6a3f0f', '64461d88-7e6b-5423-c300-73728ad2d17f', '6208cd70-7c70-64af-bdd7-8162d04b2be1'),
('456d15c3-2390-3839-54bc-31d980fd0cf2', '2020-03-28', '2412fd8f-3d33-4467-cc2e-fe37b47efbd0', '159bcc53-758d-4626-d9c3-9fde8866bc46', '12b89c20-2180-7d94-790f-385ca5587322', 0, 'In dolorem error magni consequatur qui ut. Eos perspiciatis a. Sed optio ea saepe eum. Dolores rerum deleniti...', '1986-06-08 12:49:19', '2016-11-04 09:43:21', '1970-03-15', '1970-01-03', '517f7b20-603a-53f2-50c3-2450fa6a3f0f', '724cda7e-3e73-6365-b639-7fa89fdac40f', '202272ae-1375-54e4-a6b7-a919cab3d500'),
('4720e2d7-1631-12bf-e76c-074f4ea5d95f', '2021-04-03', '13cd33f2-6725-2425-e179-7ce9981695ea', '6d2a9757-48d7-3d49-c903-bda575a10914', '18be6c23-7909-6543-780f-385ca5587322', 0, NULL, '2016-07-22 07:11:08', '1995-01-11 05:09:55', '2002-03-04', '1981-09-10', '517f7b20-603a-53f2-50c3-2450fa6a3f0f', '60fab728-7aa7-21c3-ce84-fd5984725e29', '417581d3-2734-3cc8-6ae1-d1c6b9046484'),
('484aa47c-6e9b-6614-55bc-31d980fd0cf2', '2021-10-04', '585a8a5d-2d32-53a4-e279-7ce9981695ea', '532aa959-251e-3b15-f3d8-f66e8baab1ae', '627ace78-60dd-3987-d08a-2526dd27dde1', 0, 'Architecto quo accusamus. Expedita in aut. Minima voluptas temporibus? Voluptas quis commodi! Iusto ut ab. Aperiam sed perferendis! Est omnis nemo; adipisci.', '1984-01-20 23:47:32', '1970-01-01 00:00:04', '1970-03-05', '2002-09-27', '517f7b20-603a-53f2-50c3-2450fa6a3f0f', '64461d88-7e6b-5423-c300-73728ad2d17f', '5307e1a7-4a25-1a31-bfd7-8162d04b2be1'),
('4ba6fc11-54f6-55a0-57bc-31d980fd0cf2', '2020-10-31', '2412fd8f-3d33-4467-cc2e-fe37b47efbd0', '2a438a5c-7ac6-41bd-66cb-9a771b60f9dd', '154f049c-5d33-2a93-5d4a-937c34fefb63', 0, 'Amet odio quod. Voluptates sunt alias? Est itaque excepturi. Et sed voluptatem. Perspiciatis ullam itaque; dolor iusto et. Iste voluptatem sed. Ad autem.', '1997-10-19 00:04:13', '2020-11-15 12:44:21', '1992-06-20', '2006-09-30', '498d18a7-5242-6712-59b5-dbdeded26587', '724cda7e-3e73-6365-b639-7fa89fdac40f', '137d58e0-7896-6d7c-4277-9e4463160e48'),
('5048e492-1f29-4964-d011-6e7f8ba9678a', '2020-02-20', '3c46f4ee-62ea-5c8d-986f-b9e6bde19f05', '1aa4e297-5c74-76c5-67cb-9a771b60f9dd', '53d8c8e8-23db-1d3b-71fa-d9c911cf4972', 0, 'Quae aut corrupti ut sit id nemo.', '1970-01-01 00:01:50', '2019-07-28 08:37:26', '1973-07-18', '1998-12-29', '517f7b20-603a-53f2-50c3-2450fa6a3f0f', '3ef08788-4f37-781e-5a44-fdef82b41d42', '7b90d905-6d57-6943-3e77-9e4463160e48'),
('53472a3d-4ff2-64f2-cf0d-e139c4be1bab', '2020-03-06', '1703aa41-768a-5e1b-cd2e-fe37b47efbd0', '499e5f33-3847-3f4b-e14e-3b575a39a32d', '6d50373f-49b4-7f8d-5c4a-937c34fefb63', 0, 'Praesentium et est qui; dicta quia excepturi et eius qui; est repellendus est sit ratione magni. Velit veritatis quia. Odit minus qui.', '1970-01-01 02:03:09', '1996-02-01 17:59:20', '1998-11-24', '2011-04-21', '456df03c-703b-5ff2-680e-a301df02d928', '60fab728-7aa7-21c3-ce84-fd5984725e29', '66252d56-5abc-2946-c102-28cbae4b6f1a'),
('5534415e-7a6f-5935-cf21-899d690d4046', '2021-06-27', '2412fd8f-3d33-4467-cc2e-fe37b47efbd0', '5b92e0b2-5f67-7a21-ee0e-1e906dfe5560', '6b38ddb6-1cdc-5f7b-6efa-d9c911cf4972', 0, 'Neque exercitationem beatae. Exercitationem natus qui et illo ut reprehenderit! Recusandae voluptas quo assumenda est dignissimos labore.', '1997-08-31 13:42:08', '1987-05-31 13:42:38', '1991-04-28', '1977-05-20', '517f7b20-603a-53f2-50c3-2450fa6a3f0f', '60fab728-7aa7-21c3-ce84-fd5984725e29', '6c06367d-250b-7f9f-c002-28cbae4b6f1a'),
('55722915-1c93-7f7f-3d71-b3279c6573d8', '2020-09-29', '13cd33f2-6725-2425-e179-7ce9981695ea', '532aa959-251e-3b15-f3d8-f66e8baab1ae', '1365382d-7084-49b8-6863-1356971fbebe', 0, 'Numquam et magni at explicabo. Earum est recusandae! Maiores qui et exercitationem ipsum at aliquid...', '2010-07-30 01:56:58', '2004-06-17 18:19:16', '1970-02-02', '1992-02-15', '498d18a7-5242-6712-59b5-dbdeded26587', '64461d88-7e6b-5423-c300-73728ad2d17f', '6090475b-2167-438b-5296-5315d56cca6a'),
('565506a2-7a97-77d7-6b0c-aaddcc920f04', '2021-01-20', '3c46f4ee-62ea-5c8d-986f-b9e6bde19f05', '57866244-2be0-2b45-0c24-752070424bc8', '442d76aa-292c-2d1e-6563-1356971fbebe', 0, 'Consequatur rem sit eum obcaecati. Voluptas animi nulla explicabo. Expedita enim cum. Et non quia! Repellat dolor ea. Atque et ut.', '2021-08-10 11:01:01', '1981-03-09 10:42:37', '2011-09-04', '1973-03-26', '498d18a7-5242-6712-59b5-dbdeded26587', '3ef08788-4f37-781e-5a44-fdef82b41d42', '137d58e0-7896-6d7c-4277-9e4463160e48'),
('576e2207-5363-252a-6f0c-aaddcc920f04', '2020-12-31', '3c46f4ee-62ea-5c8d-986f-b9e6bde19f05', '532aa959-251e-3b15-f3d8-f66e8baab1ae', '6d50373f-49b4-7f8d-5c4a-937c34fefb63', 0, 'Quibusdam quia qui. Velit unde eaque. Eaque ut perferendis. Et provident est. Esse amet harum; cum non molestiae. Dolore dicta aut. Repudiandae itaque neque.', '1982-03-26 11:39:00', '1998-02-06 06:51:13', '1999-04-28', '2000-01-25', '517f7b20-603a-53f2-50c3-2450fa6a3f0f', '64461d88-7e6b-5423-c300-73728ad2d17f', '219af9a0-3833-4074-a5b7-a919cab3d500'),
('57b007ed-2ede-2cad-680c-aaddcc920f04', '2020-03-24', '4c01679a-290e-41dd-36dd-b2fad077304c', '5154fc55-5c84-6e9b-dac3-9fde8866bc46', '79ef3501-2379-72f1-740f-385ca5587322', 0, 'In dolor nam expedita harum quia. Iste nobis dolores. Eum odit tenetur distinctio nulla atque! Repellat soluta nobis sed dolore omnis.', '1976-06-30 20:59:48', '1989-01-22 04:34:50', '1995-05-03', '1970-01-10', '22c69f81-421f-5ff9-690e-a301df02d928', '724cda7e-3e73-6365-b639-7fa89fdac40f', '2403d390-125c-3be2-59c2-1cf647aea761'),
('58c644a0-69d9-1b66-e66c-074f4ea5d95f', '2021-03-20', '2412fd8f-3d33-4467-cc2e-fe37b47efbd0', '1947c942-7f63-267d-d6c3-9fde8866bc46', '6ce5c22c-57f4-26dc-8845-587bf666e38b', 0, 'Quia dolores facere. Voluptatem eius accusantium et. Dolor quidem sit voluptas dolore minus! Id voluptas dolor beatae repellat eligendi? Sunt enim cum.', '1997-09-16 18:09:17', '1970-01-01 00:00:04', '2018-09-09', '1970-01-05', '498d18a7-5242-6712-59b5-dbdeded26587', '60fab728-7aa7-21c3-ce84-fd5984725e29', '6208cd70-7c70-64af-bdd7-8162d04b2be1'),
('594135ce-4663-34d7-6a0c-aaddcc920f04', '2020-01-25', '4c01679a-290e-41dd-36dd-b2fad077304c', '3f866cf6-3b4f-2077-f4d8-f66e8baab1ae', '6d50373f-49b4-7f8d-5c4a-937c34fefb63', 0, 'Ducimus perspiciatis labore soluta minus molestias. Harum ullam aspernatur odit maxime et odit; et officia eaque vitae.', '1973-06-27 16:19:16', '1980-09-24 08:30:39', '1970-01-19', '2018-02-19', '498d18a7-5242-6712-59b5-dbdeded26587', '64461d88-7e6b-5423-c300-73728ad2d17f', '7b8b8b8a-2421-525b-c0d7-8162d04b2be1'),
('596d0ae7-7694-63f5-4071-b3279c6573d8', '2020-12-08', '2412fd8f-3d33-4467-cc2e-fe37b47efbd0', '623ceff1-30e1-3564-cb03-bda575a10914', '66b5eb3f-40b8-7f15-760f-385ca5587322', 0, 'Sunt illum iste id qui autem quam. Atque nostrum temporibus sed ad unde eius.', '1976-03-23 14:28:36', '2021-02-16 23:06:57', '1990-04-28', '1986-09-12', '498d18a7-5242-6712-59b5-dbdeded26587', '3ef08788-4f37-781e-5a44-fdef82b41d42', '18c5fd7c-7548-2ca0-d322-0014b5e3c4fa'),
('5af3a892-159e-7a52-8657-288fb12aa91d', '2021-09-20', '1703aa41-768a-5e1b-cd2e-fe37b47efbd0', '57cb4550-6c6b-413c-d5c3-9fde8866bc46', '375e8f77-3102-4813-5cc4-b9aac0c0d908', 0, 'Provident minus in ut. Voluptas error ut eveniet non. Molestiae eum cum vel inventore placeat. Et doloremque sed quia fugiat suscipit dolorum.', '1975-09-26 05:29:48', '2021-01-05 02:38:00', '1987-06-09', '1971-07-24', '498d18a7-5242-6712-59b5-dbdeded26587', '64461d88-7e6b-5423-c300-73728ad2d17f', '65b096ee-27a1-3299-5396-5315d56cca6a'),
('5b7d9a55-64da-696a-b6c6-efcda611ce70', '2020-10-29', '585a8a5d-2d32-53a4-e279-7ce9981695ea', '38ce3110-3af5-62f0-d7c3-9fde8866bc46', '2e2bbf30-3205-1804-5b4a-937c34fefb63', 0, 'Asperiores et quia. Rerum iste ad? Consectetur ipsum reprehenderit. Fugiat quia iste? Aut velit saepe. Enim aut minus! Blanditiis velit aliquid. Ullam harum;', '1975-11-02 07:04:15', '1993-10-03 14:44:13', '1986-02-04', '2003-06-26', '517f7b20-603a-53f2-50c3-2450fa6a3f0f', '724cda7e-3e73-6365-b639-7fa89fdac40f', '79aa1701-3832-5957-d522-0014b5e3c4fa'),
('5ba90921-7b0e-4a35-d00d-e139c4be1bab', '2020-02-22', '13cd33f2-6725-2425-e179-7ce9981695ea', '532aa959-251e-3b15-f3d8-f66e8baab1ae', '6b38ddb6-1cdc-5f7b-6efa-d9c911cf4972', 0, 'Voluptate et omnis; quisquam dolore enim. Vero laboriosam aliquid. Et quia iure. Rerum recusandae cum; suscipit magnam facere. Nobis aliquid corporis.', '2013-11-29 01:16:32', '1974-07-18 21:42:32', '2007-08-08', '1984-10-17', '517f7b20-603a-53f2-50c3-2450fa6a3f0f', '64461d88-7e6b-5423-c300-73728ad2d17f', '1ee6a2c3-2486-5f85-a8b7-a919cab3d500'),
('5c7740bf-591b-297b-3e71-b3279c6573d8', '2021-02-09', '13cd33f2-6725-2425-e179-7ce9981695ea', '62149bf3-52fd-761f-7e26-d0b1ec00486f', '7121229a-318d-15aa-e6d5-a3d7c1bf76fb', 0, 'Dolorum quisquam odit. Ex quo voluptatem. Praesentium voluptatem maxime. Error possimus accusamus. Unde veritatis error. Ad ut et. Dolorem obcaecati ut. A!', '1970-01-01 02:46:02', '1979-09-26 01:08:18', '1972-07-24', '1970-01-08', '22c69f81-421f-5ff9-690e-a301df02d928', '724cda7e-3e73-6365-b639-7fa89fdac40f', '68745d92-3f34-6c84-a317-2d57fd0c36be'),
('5dc0f41b-4c4d-62c5-8357-288fb12aa91d', '2020-09-09', '1703aa41-768a-5e1b-cd2e-fe37b47efbd0', '764ae4f4-504b-1a00-0e24-752070424bc8', '355b2e90-563b-351b-43ff-14cb4f66624a', 0, 'Nostrum quam omnis quae quia necessitatibus id. Dolores odit tempora dolor quae rerum natus.', '2015-11-18 08:45:49', '1970-01-01 00:21:35', '1970-01-04', '1970-01-10', '22c69f81-421f-5ff9-690e-a301df02d928', '60fab728-7aa7-21c3-ce84-fd5984725e29', '417581d3-2734-3cc8-6ae1-d1c6b9046484'),
('6374f2e2-3c51-1584-4171-b3279c6573d8', '2021-03-24', '4c01679a-290e-41dd-36dd-b2fad077304c', '5b92e0b2-5f67-7a21-ee0e-1e906dfe5560', '146b3f74-23ff-76aa-8945-587bf666e38b', 0, 'Qui unde aut sed sit eum autem. Est dolor quaerat sed adipisci ex dolores.', '2011-03-23 00:48:36', '2016-05-01 09:18:00', '1972-03-31', '2002-05-25', '456df03c-703b-5ff2-680e-a301df02d928', '64461d88-7e6b-5423-c300-73728ad2d17f', '1753fc36-737c-6cbc-6ce1-d1c6b9046484'),
('651740f1-557b-75cc-690c-aaddcc920f04', '2020-08-09', '3c46f4ee-62ea-5c8d-986f-b9e6bde19f05', '499e5f33-3847-3f4b-e14e-3b575a39a32d', '18be6c23-7909-6543-780f-385ca5587322', 0, 'Tempore sint nesciunt deserunt odio esse voluptatem. Natus labore accusantium qui beatae quis eius.', '1970-01-01 01:04:28', '1981-03-26 10:06:08', '2010-04-26', '2005-05-02', '517f7b20-603a-53f2-50c3-2450fa6a3f0f', '724cda7e-3e73-6365-b639-7fa89fdac40f', '6c751c4b-1c00-7043-8bcc-aea518759ca4'),
('65f845dc-203d-72b9-8857-288fb12aa91d', '2020-07-16', '4c01679a-290e-41dd-36dd-b2fad077304c', '5b92e0b2-5f67-7a21-ee0e-1e906dfe5560', '64eca9fb-65c8-21d2-e5d5-a3d7c1bf76fb', 0, NULL, '2019-03-12 20:57:07', '1999-02-02 18:06:52', NULL, '1983-05-10', '498d18a7-5242-6712-59b5-dbdeded26587', '3ef08788-4f37-781e-5a44-fdef82b41d42', '7b90d905-6d57-6943-3e77-9e4463160e48'),
('67f87ef4-28a3-38cb-e86c-074f4ea5d95f', '2020-12-21', '4c01679a-290e-41dd-36dd-b2fad077304c', '159bcc53-758d-4626-d9c3-9fde8866bc46', '7dd93676-129f-588e-6463-1356971fbebe', 0, 'Veritatis et consequatur. Officiis adipisci dolorum officia molestias maiores unde. Itaque aspernatur et id corrupti dolorum accusamus!', '2020-06-14 18:53:15', '1970-01-01 00:55:24', NULL, NULL, '22c69f81-421f-5ff9-690e-a301df02d928', '724cda7e-3e73-6365-b639-7fa89fdac40f', '1dcbd8f9-7976-3818-a617-2d57fd0c36be'),
('6c0c7f20-30e8-6965-8457-288fb12aa91d', '2021-05-11', '2412fd8f-3d33-4467-cc2e-fe37b47efbd0', '5b92e0b2-5f67-7a21-ee0e-1e906dfe5560', '1c3cf7be-5cfb-3a39-40ff-14cb4f66624a', 0, 'Explicabo eius est. Quia minus velit! Deleniti provident quia; laboriosam fugit quia. A accusamus ex. Est adipisci assumenda! Voluptatum ut autem.', '1970-01-01 02:02:09', '1994-03-02 10:47:48', '1991-12-28', '1984-09-27', '456df03c-703b-5ff2-680e-a301df02d928', '64461d88-7e6b-5423-c300-73728ad2d17f', '28cd31d4-7c28-3bc3-bed7-8162d04b2be1'),
('6c526c8a-1ecc-5285-ea58-5feba856b5c4', '2021-03-31', '4c01679a-290e-41dd-36dd-b2fad077304c', '40125161-2eb4-1358-6acb-9a771b60f9dd', '1365382d-7084-49b8-6863-1356971fbebe', 0, 'Et ad enim. Iusto voluptas aliquid! Non pariatur cupiditate. Voluptas dolores repudiandae. Nesciunt mollitia fugit. Libero vel quaerat? Error nisi.', '1983-11-20 06:41:04', '2000-12-10 20:51:39', '1988-04-14', '1970-03-28', '498d18a7-5242-6712-59b5-dbdeded26587', '64461d88-7e6b-5423-c300-73728ad2d17f', '3c35e9ce-442a-74a5-bf02-28cbae4b6f1a'),
('7050ba1d-2289-4fe8-53bc-31d980fd0cf2', '2020-09-13', '2412fd8f-3d33-4467-cc2e-fe37b47efbd0', '65c90dff-3180-5f83-c803-bda575a10914', '3d5447a2-2731-3cb1-cd8a-2526dd27dde1', 0, 'Aperiam repellat neque exercitationem obcaecati consequatur cumque. Quis facere fugit est ipsam? In et consequatur laboriosam quia. Perspiciatis obcaecati...', '1971-05-20 06:07:06', '1970-01-01 00:15:36', '1970-01-04', '1983-11-14', '456df03c-703b-5ff2-680e-a301df02d928', '60fab728-7aa7-21c3-ce84-fd5984725e29', '25c4364b-3b5e-6fc6-4077-9e4463160e48'),
('70864b85-7e8c-5d96-ce21-899d690d4046', '2020-03-31', '4c01679a-290e-41dd-36dd-b2fad077304c', '49e17379-383f-2528-9871-4e63d198e188', '12af225a-4391-4564-e4d5-a3d7c1bf76fb', 0, 'Maxime et est illum saepe molestiae dolore. Corrupti veritatis est dolore quasi sint neque.', '2020-10-01 05:31:05', '2004-09-30 03:13:11', '2004-05-25', '1989-10-14', '498d18a7-5242-6712-59b5-dbdeded26587', '64461d88-7e6b-5423-c300-73728ad2d17f', '3c35e9ce-442a-74a5-bf02-28cbae4b6f1a'),
('730067cc-6c82-1f77-52bc-31d980fd0cf2', '2020-05-11', '2412fd8f-3d33-4467-cc2e-fe37b47efbd0', '34adcd4b-547b-7009-69cb-9a771b60f9dd', '6c99102a-66fb-19eb-6663-1356971fbebe', 0, 'Quas aut accusamus. Quisquam quia eaque! Perspiciatis laboriosam neque. Odio sint sit. Veritatis assumenda id. Voluptatem qui aut. Amet nemo pariatur.', '2008-01-25 09:06:31', '1978-12-03 01:47:10', NULL, '1997-04-25', '22c69f81-421f-5ff9-690e-a301df02d928', '724cda7e-3e73-6365-b639-7fa89fdac40f', '25c4364b-3b5e-6fc6-4077-9e4463160e48'),
('74267fb0-26fd-6153-6d0c-aaddcc920f04', '2021-10-14', '2412fd8f-3d33-4467-cc2e-fe37b47efbd0', '37d7b6c9-21c3-44fd-f20e-1e906dfe5560', '6c99102a-66fb-19eb-6663-1356971fbebe', 0, 'Id qui adipisci. Vel ratione sed! Doloremque iste praesentium. Quos officia ullam! Aspernatur in sint. Expedita aperiam omnis. Error eos neque? Aperiam.', '2002-08-12 06:19:16', '2016-03-24 17:19:31', '1981-01-06', NULL, '22c69f81-421f-5ff9-690e-a301df02d928', '64461d88-7e6b-5423-c300-73728ad2d17f', '68745d92-3f34-6c84-a317-2d57fd0c36be'),
('7a089f27-727a-703c-8757-288fb12aa91d', '2020-01-02', '585a8a5d-2d32-53a4-e279-7ce9981695ea', '73007af7-29e5-4b65-f00e-1e906dfe5560', '48ab0a88-60f8-58a3-4f18-95a4b28724a5', 0, 'Unde sed alias voluptatem deserunt. Odit ut voluptatem ut voluptatem exercitationem quas. Dolore quae eaque. Dolores perspiciatis in? Ea rerum ut. Voluptates!', '2016-12-09 06:23:57', '1990-01-26 05:46:22', '1992-09-20', '1970-01-19', '22c69f81-421f-5ff9-690e-a301df02d928', '64461d88-7e6b-5423-c300-73728ad2d17f', '6208cd70-7c70-64af-bdd7-8162d04b2be1'),
('7a521a35-443e-7a56-d021-899d690d4046', '2021-01-08', '4c01679a-290e-41dd-36dd-b2fad077304c', '6e43a968-4066-6c7b-7f26-d0b1ec00486f', '627ace78-60dd-3987-d08a-2526dd27dde1', 0, 'Quos quia asperiores illum sunt sit aut. Quisquam molestiae tenetur qui eaque cupiditate sit.', '1970-01-01 00:05:58', '1970-01-01 01:46:09', '2008-01-25', '1970-01-29', '22c69f81-421f-5ff9-690e-a301df02d928', '64461d88-7e6b-5423-c300-73728ad2d17f', '417581d3-2734-3cc8-6ae1-d1c6b9046484'),
('7b6ec0e1-5ceb-215b-8557-288fb12aa91d', '2021-03-22', '1703aa41-768a-5e1b-cd2e-fe37b47efbd0', '6d6fe6f6-47bf-24b3-7c16-192900f892f7', '1c7f5ee3-6152-18c6-6ffa-d9c911cf4972', 0, 'Culpa numquam tempora voluptas nostrum officiis est.', '1970-01-01 00:11:24', '1970-01-01 01:07:04', '2018-11-29', '1972-03-28', '22c69f81-421f-5ff9-690e-a301df02d928', '724cda7e-3e73-6365-b639-7fa89fdac40f', '5307e1a7-4a25-1a31-bfd7-8162d04b2be1'),
('7c9ce867-747a-2760-e958-5feba856b5c4', '2021-05-12', '3c46f4ee-62ea-5c8d-986f-b9e6bde19f05', '27683b01-6f8f-7bd7-d8c3-9fde8866bc46', '76f76014-2e74-492c-4b18-95a4b28724a5', 0, 'Architecto sit cumque aliquid modi. Debitis tenetur qui incidunt nesciunt repellat est. Nemo nostrum iusto. Ab aut perspiciatis. Labore ex qui. Praesentium.', '1970-05-02 18:23:01', '1970-01-01 00:01:14', '1994-07-01', '2020-12-20', '456df03c-703b-5ff2-680e-a301df02d928', '64461d88-7e6b-5423-c300-73728ad2d17f', '30b2ba1b-395c-7858-d722-0014b5e3c4fa'),
('7f380867-4601-7f07-8257-288fb12aa91d', '2021-03-04', '2412fd8f-3d33-4467-cc2e-fe37b47efbd0', '27b4c160-498c-475b-ca03-bda575a10914', '1c3cf7be-5cfb-3a39-40ff-14cb4f66624a', 0, 'Quasi molestiae dolorem repellendus sed omnis deleniti.', '1970-01-01 00:14:10', '2012-04-18 07:39:19', '2006-06-07', NULL, '22c69f81-421f-5ff9-690e-a301df02d928', '724cda7e-3e73-6365-b639-7fa89fdac40f', '68745d92-3f34-6c84-a317-2d57fd0c36be');

-- 
-- Dumping data for table user
--
INSERT INTO user VALUES
('377a154c-4e7c-4476-9d8f-7e1f7da4ef97', 'admin', '123456', '3a8e2ab6-61f3-40a6-6777-fd2ea5b5f96c', '+84770283886', 'Breanna Mclendon', 'Efrain_Danner@example.com', '2014-02-04 02:58:49', '2015-02-22 14:36:20'),
('4a6320b9-439e-6696-0ba4-f0dbd71bf0ad', 'teacher', '123456', '473c87d2-76c0-4e21-eb9a-e23db261d3d7', '+84200993497', 'Stefania Skipper', 'Skipper@example.com', '1992-10-30 18:00:25', '1999-05-13 07:26:55'),
('756e18ee-7f9c-33f8-0878-3ccbef6739df', 'technicalstaff', '123456', '6e4ad26a-2ed5-229e-bb00-f0281f63d6bc', '+84660426190', 'Morris Bartlett', 'Crowley761@example.com', '2013-05-23 07:56:47', '1970-01-01 00:00:45');

-- 
-- Dumping data for table practicallaboratoryregistration
--
INSERT INTO practicallaboratoryregistration VALUES
('157bc5ae-1fae-4178-a7b2-149e4975e1d5', 'P-3451', '4c01679a-290e-41dd-36dd-b2fad077304c', '1970-01-01 01:19:27', '739cd112-244b-70d7-d222-0014b5e3c4fa', 'HP-830834', 'W2J', 9, '1995-08-30 16:22:39', '1971-11-06 23:45:31'),
('1637a4e7-6a9f-2a61-15bd-551d06d2881f', 'P-1203', '3c46f4ee-62ea-5c8d-986f-b9e6bde19f05', '1984-11-25 17:03:23', '1fd9cc67-1146-5aa5-d622-0014b5e3c4fa', 'HP-222294', '576M1', -35, '1993-04-08 20:24:59', '2002-04-30 20:17:00'),
('1c0895ef-5d11-26bc-798b-43a186779f89', 'P-8889', '1703aa41-768a-5e1b-cd2e-fe37b47efbd0', '1970-01-01 02:04:07', '34aa5486-2c77-66d0-69e1-d1c6b9046484', 'HP-522861', 'T', -58, '1970-01-01 00:00:10', '2008-09-13 05:03:30'),
('2159e050-370c-26b9-4e27-1a94db4f76a3', 'P-3839', '13cd33f2-6725-2425-e179-7ce9981695ea', '2010-03-11 07:19:20', '6208cd70-7c70-64af-bdd7-8162d04b2be1', 'HP-024057', 'Y25', 88, '1998-05-19 08:38:57', '2012-08-13 03:00:48'),
('216228f1-2928-3bb7-4d27-1a94db4f76a3', 'P-7731', '3c46f4ee-62ea-5c8d-986f-b9e6bde19f05', '1970-01-01 00:00:01', '18c5fd7c-7548-2ca0-d322-0014b5e3c4fa', 'HP-970655', 'MEAAJ', 125, '2008-11-04 14:35:06', '1991-09-07 00:14:57'),
('21e3cef8-7c93-5520-7a8b-43a186779f89', 'P-2963', '4c01679a-290e-41dd-36dd-b2fad077304c', '2014-03-25 05:56:48', '7da9a40d-2b79-7ad8-8dcc-aea518759ca4', 'HP-830834', 'P', -94, NULL, '1981-11-03 04:58:19'),
('268fac13-4f07-433d-4f6e-2171b88ecd48', 'P-7030', '3c46f4ee-62ea-5c8d-986f-b9e6bde19f05', '1991-11-02 16:27:08', '18c5fd7c-7548-2ca0-d322-0014b5e3c4fa', 'HP-024057', '4ZK4RY', 58, '1970-01-01 02:45:44', '1970-01-01 00:01:40'),
('284fd5f7-2931-32e1-fd71-d76b213aef05', 'P-8674', '4c01679a-290e-41dd-36dd-b2fad077304c', '2018-02-23 23:12:43', '6c751c4b-1c00-7043-8bcc-aea518759ca4', 'HP-217637', '30O', -5, '2020-05-01 13:47:11', '1992-12-28 19:06:28'),
('28c68279-1f17-5e9e-738b-43a186779f89', 'P-6794', '4c01679a-290e-41dd-36dd-b2fad077304c', '1977-03-09 00:39:32', '1fd9cc67-1146-5aa5-d622-0014b5e3c4fa', 'HP-275289', 'PXIB6', -96, '1970-01-01 01:46:49', '1997-04-12 04:25:09'),
('2b328c04-672f-6ee9-5b40-c5efa1df0570', 'P-2332', '2412fd8f-3d33-4467-cc2e-fe37b47efbd0', '2009-03-20 10:18:10', '30b2ba1b-395c-7858-d722-0014b5e3c4fa', 'HP-830834', '5', 19, '1988-08-31 00:56:43', '1970-01-01 00:02:11'),
('2d734add-56ac-7625-778b-43a186779f89', 'P-1115', '3c46f4ee-62ea-5c8d-986f-b9e6bde19f05', '1974-01-25 13:18:25', '5feb671b-71df-3edc-c202-28cbae4b6f1a', 'HP-975693', '4ZK4RY', -68, '1982-11-26 19:20:08', '1970-01-01 00:01:25'),
('31060ace-32dc-3365-fe71-d76b213aef05', 'P-4318', '585a8a5d-2d32-53a4-e279-7ce9981695ea', '1970-01-01 00:01:40', '6a90a400-76ac-5619-3d77-9e4463160e48', 'HP-974664', 'ZQ90V78', 55, NULL, '1970-01-01 00:00:06'),
('33c75bb2-61da-5090-4e6e-2171b88ecd48', 'P-1494', '13cd33f2-6725-2425-e179-7ce9981695ea', '2017-08-11 00:42:36', '2cc6f5c6-190a-22a8-57c2-1cf647aea761', 'HP-974664', 'PXIB6', 73, '2014-06-07 02:09:44', '2020-09-21 21:11:42'),
('33ecb6df-423e-4085-b9fd-924f2e0d7bef', 'P-6462', '3c46f4ee-62ea-5c8d-986f-b9e6bde19f05', '1979-10-01 02:28:31', '40f2807a-4bcb-701a-8ccc-aea518759ca4', 'HP-262247', '3A', 93, '1975-06-02 06:56:56', '2019-01-06 01:23:17'),
('3942f2f5-59c4-20fb-bafd-924f2e0d7bef', 'P-9337', '585a8a5d-2d32-53a4-e279-7ce9981695ea', '1983-07-26 20:19:08', '1dcbd8f9-7976-3818-a617-2d57fd0c36be', 'HP-035056', 'GJ76V0QJ97M', -100, '1998-08-14 10:09:18', NULL),
('3b1d8a1d-5815-5012-6572-9845c0e70fbd', 'P-4029', '1703aa41-768a-5e1b-cd2e-fe37b47efbd0', '1970-01-01 00:00:27', '417581d3-2734-3cc8-6ae1-d1c6b9046484', 'HP-623867', 'Z9Q76M49', -70, '1990-08-16 07:13:23', '1970-01-01 01:03:42'),
('42eb6136-28ed-1b56-67b9-9f229d266762', 'P-4891', '3c46f4ee-62ea-5c8d-986f-b9e6bde19f05', '1995-12-05 12:38:14', '1dcbd8f9-7976-3818-a617-2d57fd0c36be', 'HP-623867', '3A', 21, '2001-03-16 03:07:19', '1970-01-01 00:13:55'),
('49df31fe-5e51-7e82-68b9-9f229d266762', 'P-5627', '13cd33f2-6725-2425-e179-7ce9981695ea', '1991-02-08 12:41:38', '1dcbd8f9-7976-3818-a617-2d57fd0c36be', 'HP-469188', '251U3F', 67, NULL, '1970-01-01 00:02:12'),
('4b90104e-376d-6d36-a5b2-149e4975e1d5', 'P-4035', '2412fd8f-3d33-4467-cc2e-fe37b47efbd0', '1970-01-01 01:23:54', '34aa5486-2c77-66d0-69e1-d1c6b9046484', 'HP-522861', '5', -82, '1970-01-01 00:00:07', '1970-01-01 00:01:10'),
('4bf3e2b0-336d-46ec-4d6e-2171b88ecd48', 'P-1531', '1703aa41-768a-5e1b-cd2e-fe37b47efbd0', '1970-01-01 00:01:19', '7da9a40d-2b79-7ad8-8dcc-aea518759ca4', 'HP-522861', '30O', 19, '1970-12-19 14:41:45', '1970-01-01 00:01:14'),
('4c483a8c-3afe-72f5-a6b2-149e4975e1d5', 'P-8859', '13cd33f2-6725-2425-e179-7ce9981695ea', '1970-01-01 01:48:42', '6a90a400-76ac-5619-3d77-9e4463160e48', 'HP-234542', 'Q081', -88, '2007-01-27 05:04:07', '1970-01-01 02:17:50'),
('4c4f77ac-6a4b-6f67-748b-43a186779f89', 'P-1058', '2412fd8f-3d33-4467-cc2e-fe37b47efbd0', '1995-10-20 08:41:33', '66252d56-5abc-2946-c102-28cbae4b6f1a', 'HP-241596', '6PN19G192', 5, '1975-04-21 05:16:00', '2013-06-13 10:41:09'),
('506dbdac-5cb0-329d-758b-43a186779f89', 'P-2333', '4c01679a-290e-41dd-36dd-b2fad077304c', '1990-10-27 03:06:19', '739cd112-244b-70d7-d222-0014b5e3c4fa', 'HP-262247', 'MEAAJ', -92, '1975-04-06 16:54:13', '1970-01-01 00:03:24'),
('5085f055-37ca-1356-6672-9845c0e70fbd', 'P-9524', '3c46f4ee-62ea-5c8d-986f-b9e6bde19f05', '1998-12-24 22:45:23', '5ae376ce-6d35-5433-a417-2d57fd0c36be', 'HP-558530', '07564327', 65, '2004-02-10 04:13:15', '2021-06-29 18:59:40'),
('51035e53-5849-171e-a9b2-149e4975e1d5', 'P-1342', '585a8a5d-2d32-53a4-e279-7ce9981695ea', '1988-11-09 21:44:50', '2403d390-125c-3be2-59c2-1cf647aea761', 'HP-970655', 'T', 13, '1993-04-29 20:18:52', '1970-01-01 02:29:13'),
('5439cd13-2590-5825-4b6e-2171b88ecd48', 'P-3967', '1703aa41-768a-5e1b-cd2e-fe37b47efbd0', '1984-04-26 05:27:01', '186da8b7-3c6b-798b-d422-0014b5e3c4fa', 'HP-965783', 'Q081', 116, '2004-05-13 15:16:18', NULL),
('55e03030-34d0-53da-4f27-1a94db4f76a3', 'P-0952', '2412fd8f-3d33-4467-cc2e-fe37b47efbd0', '2000-10-22 08:04:56', '5ae376ce-6d35-5433-a417-2d57fd0c36be', 'HP-916502', 'P', -47, '1989-12-02 17:43:27', '2010-06-29 20:25:41'),
('587c7a36-4af1-438e-a4b2-149e4975e1d5', 'P-8172', '2412fd8f-3d33-4467-cc2e-fe37b47efbd0', '2018-04-11 06:47:23', '34aa5486-2c77-66d0-69e1-d1c6b9046484', 'HP-974664', '62344A4', 97, '1972-12-09 11:17:25', NULL),
('59236018-266d-1692-5c40-c5efa1df0570', 'P-7012', '4c01679a-290e-41dd-36dd-b2fad077304c', '1970-01-01 00:39:27', '6e3e9327-36d6-6b17-5196-5315d56cca6a', 'HP-965545', '6UIC08', -69, '1970-01-01 00:01:37', NULL),
('5b05e41e-19a7-4b3f-5e40-c5efa1df0570', 'P-4999', '13cd33f2-6725-2425-e179-7ce9981695ea', '2015-02-12 14:47:31', '137d58e0-7896-6d7c-4277-9e4463160e48', 'HP-217637', 'NH6R27O', 120, '1970-01-01 00:00:01', '1995-08-12 14:46:57'),
('5bfe9668-7a5d-2710-5d40-c5efa1df0570', 'P-6701', '4c01679a-290e-41dd-36dd-b2fad077304c', '1970-01-01 01:01:46', '6090475b-2167-438b-5296-5315d56cca6a', 'HP-229678', 'Q081', -45, '1970-01-01 00:04:50', '1970-01-01 00:07:56'),
('5c63d96e-7c8f-1791-bbfd-924f2e0d7bef', 'P-8371', '585a8a5d-2d32-53a4-e279-7ce9981695ea', '1993-08-16 20:27:17', '5856eee7-479e-6550-a217-2d57fd0c36be', 'HP-718963', 'R45', 121, '1970-01-01 01:43:00', '2002-05-25 10:42:39'),
('5ee412be-2317-3b6f-788b-43a186779f89', 'P-5673', '3c46f4ee-62ea-5c8d-986f-b9e6bde19f05', '1970-01-01 00:00:34', '49977065-44e0-58fe-89cc-aea518759ca4', 'HP-858779', '5', 23, '1984-08-17 08:12:05', '1994-02-05 13:16:57'),
('5f722b6b-7339-2e4e-66b9-9f229d266762', 'P-7556', '2412fd8f-3d33-4467-cc2e-fe37b47efbd0', '1985-12-14 14:49:50', '76c20a2c-2596-385f-4177-9e4463160e48', 'HP-980882', '9M', -7, '1970-01-01 00:21:16', '2020-12-24 20:14:19'),
('63cc2ce9-3251-3faf-5f40-c5efa1df0570', 'P-0879', '1703aa41-768a-5e1b-cd2e-fe37b47efbd0', '2002-03-12 00:42:53', '1753fc36-737c-6cbc-6ce1-d1c6b9046484', 'HP-830834', '30O', 94, '2006-12-06 04:28:23', '2017-07-11 02:42:56'),
('63ff3ef2-151b-7a70-4c6e-2171b88ecd48', 'P-3350', '13cd33f2-6725-2425-e179-7ce9981695ea', '2015-06-07 23:11:54', '18c5fd7c-7548-2ca0-d322-0014b5e3c4fa', 'HP-616759', '5', 111, '1970-01-01 00:00:04', '2002-11-25 04:56:53'),
('697ed0a0-1df4-69c2-6772-9845c0e70fbd', 'P-9197', '1703aa41-768a-5e1b-cd2e-fe37b47efbd0', '1970-01-01 01:52:56', '417581d3-2734-3cc8-6ae1-d1c6b9046484', 'HP-262247', 'R45', -58, NULL, '2019-02-18 20:28:49'),
('69bf2a80-6a3b-56fc-6872-9845c0e70fbd', 'P-1159', '3c46f4ee-62ea-5c8d-986f-b9e6bde19f05', '2021-08-08 13:28:11', '5704318c-3da1-221f-c1d7-8162d04b2be1', 'HP-241596', 'ZQ90V78', -58, '1983-04-06 06:40:27', '1971-11-16 15:24:14'),
('6b0d2d2b-4d30-511a-64b9-9f229d266762', 'P-0190', '1703aa41-768a-5e1b-cd2e-fe37b47efbd0', '1970-01-01 00:11:18', '1fd9cc67-1146-5aa5-d622-0014b5e3c4fa', 'HP-590254', 'Z', -6, '1970-01-01 00:00:02', NULL),
('6b795290-465c-4141-14bd-551d06d2881f', 'P-7208', '585a8a5d-2d32-53a4-e279-7ce9981695ea', '1970-01-01 00:00:09', '2f014189-374b-4bbf-5ac2-1cf647aea761', 'HP-890131', '40449', -117, '2020-05-06 10:26:33', '1972-08-22 19:55:00'),
('6c18e97c-64dc-13df-6040-c5efa1df0570', 'P-9758', '13cd33f2-6725-2425-e179-7ce9981695ea', '1971-10-24 18:48:00', '66252d56-5abc-2946-c102-28cbae4b6f1a', 'HP-890131', '3A', -17, '1970-01-01 00:00:08', '1974-08-25 04:49:10'),
('6caff8e1-3b71-2f84-6140-c5efa1df0570', 'P-1797', '4c01679a-290e-41dd-36dd-b2fad077304c', '1998-08-18 05:46:37', '73c68ba2-795b-1989-bcd7-8162d04b2be1', 'HP-497402', 'MEAAJ', -108, NULL, '2016-08-31 23:06:05'),
('6e631138-2501-6d55-768b-43a186779f89', 'P-6948', '585a8a5d-2d32-53a4-e279-7ce9981695ea', '1970-01-01 00:16:30', '186da8b7-3c6b-798b-d422-0014b5e3c4fa', 'HP-522861', 'YE7Y6N', 30, '1989-04-16 05:36:45', '1993-06-28 10:43:42'),
('73053be1-6840-25df-16bd-551d06d2881f', 'P-1308', '13cd33f2-6725-2425-e179-7ce9981695ea', '1970-01-01 02:07:32', '3c35e9ce-442a-74a5-bf02-28cbae4b6f1a', 'HP-980882', 'K93K', -47, '2012-03-12 11:46:09', '1974-08-15 19:05:54'),
('76874e5e-35c7-60b5-bcfd-924f2e0d7bef', 'P-7193', '3c46f4ee-62ea-5c8d-986f-b9e6bde19f05', '1970-01-01 00:00:51', '6c06367d-250b-7f9f-c002-28cbae4b6f1a', 'HP-035056', '1', -4, '2004-06-13 11:13:51', '1996-06-02 12:20:47'),
('79bc0e61-40c1-5103-befd-924f2e0d7bef', 'P-3434', '585a8a5d-2d32-53a4-e279-7ce9981695ea', '1987-09-28 06:18:29', '5feb671b-71df-3edc-c202-28cbae4b6f1a', 'HP-275289', '9', 104, '2017-07-27 22:18:17', '1970-01-01 00:26:40'),
('7a7a7a64-2a24-4f5b-fc71-d76b213aef05', 'P-5835', '13cd33f2-6725-2425-e179-7ce9981695ea', '1970-01-01 00:01:30', '6090475b-2167-438b-5296-5315d56cca6a', 'HP-245615', '30O', 46, '2016-07-03 11:20:25', '2016-01-29 16:22:33'),
('7c19b63f-6e90-6501-a8b2-149e4975e1d5', 'P-9170', '4c01679a-290e-41dd-36dd-b2fad077304c', '1977-01-18 03:53:36', '5eef0205-40f6-1212-a517-2d57fd0c36be', 'HP-584585', '30O', -93, '1970-01-01 00:11:12', '1970-01-01 00:00:22'),
('7c63e706-166d-6eec-bdfd-924f2e0d7bef', 'P-1485', '2412fd8f-3d33-4467-cc2e-fe37b47efbd0', '1985-08-21 13:42:01', '5eef0205-40f6-1212-a517-2d57fd0c36be', 'HP-974664', '251U3F', 95, '1983-10-17 23:00:33', '1970-01-01 00:00:31'),
('7cca28b6-58fb-6609-65b9-9f229d266762', 'P-7883', '2412fd8f-3d33-4467-cc2e-fe37b47efbd0', '1997-03-05 16:21:54', '76c20a2c-2596-385f-4177-9e4463160e48', 'HP-858779', '24', -79, '1997-11-08 14:48:41', '1998-11-05 05:05:11');

-- 
-- Dumping data for table maintainance
--
INSERT INTO maintainance VALUES
('12005c59-4cdb-2a35-f0f6-092cdb0ab5e8', 'P-1159', '1970-01-01 01:01:51', '2021-05-04 18:45:03', '3a9e6497-146a-3ea9-2779-822354bbf41a', '2018-01-04 04:09:32', '2015-02-18 16:46:34'),
('1ae4f1d0-48f9-3cac-2cdc-88a3ac8a3bba', 'P-8859', NULL, '1996-12-19 14:46:50', '64c1d0aa-7b21-2093-316f-06119f0786b1', '1970-01-01 00:00:57', '1970-01-01 00:00:38'),
('1f6428fc-3a0a-5d80-dcab-8b7af6721bcf', 'P-2332', '2021-09-24 09:58:41', '2003-11-10 11:00:47', '3b1acb49-4a9e-3bb5-e0a5-2a55db0259fe', '2013-08-26 00:07:57', '2007-09-28 06:46:06'),
('215c458d-76a1-715d-b8b1-c1540d491251', 'P-7556', '2021-08-01 22:47:43', '1999-01-13 10:29:11', '2649cee2-18cb-6234-0c2e-04726f235b01', NULL, '1989-11-14 12:11:13'),
('2229d431-6911-6ec7-d592-0ed10b503732', 'P-1485', '1997-04-25 13:55:47', '2006-11-08 19:57:22', '40245a2c-3211-32d0-2879-822354bbf41a', '1993-08-23 16:45:01', '2005-03-04 09:13:18'),
('24873f8c-4b36-5550-2bdc-88a3ac8a3bba', 'P-6794', '1992-08-10 09:42:15', NULL, '2ad64050-78b5-50c8-6aef-5e83c2936996', '1970-01-01 02:37:19', '1993-02-14 10:19:07'),
('24b6e294-3962-3cac-eff6-092cdb0ab5e8', 'P-1115', '1989-02-13 21:05:10', '1970-01-01 00:00:07', '283301e3-380c-7e8f-326f-06119f0786b1', '1970-01-01 00:00:11', '1978-08-11 17:06:17'),
('26908de3-5b2d-58bb-f1f6-092cdb0ab5e8', 'P-6462', NULL, '1983-07-23 23:04:44', '72b667aa-210d-655c-2579-822354bbf41a', '2010-04-28 17:45:26', '2003-12-24 07:39:56'),
('2bdbb408-2566-47f8-dbab-8b7af6721bcf', 'P-9758', '1978-02-02 01:08:33', '1990-04-26 09:55:40', '1c27e617-6293-33a2-c85a-aca3f66abfe4', '1973-03-13 19:50:32', '1986-10-14 23:49:04'),
('2d2631c0-30a8-1850-bb47-901f27b89d18', 'P-0952', '1970-01-01 00:00:08', '1987-12-06 01:39:43', '51c2cfb1-11dd-2b25-d5a8-8ebdaf5d2b61', '1970-01-01 00:00:09', '1994-10-06 04:19:21'),
('31163c02-33fc-587f-f2f6-092cdb0ab5e8', 'P-7883', '2000-09-19 07:27:31', '1997-03-17 12:06:10', '248a9c52-72fa-6e2a-51a4-e0d1ddfbcf7c', '1970-01-01 00:00:05', '2004-10-03 17:19:25'),
('329cf47b-1dcc-5625-d792-0ed10b503732', 'P-9524', NULL, '1994-04-26 14:15:06', '51fe9364-3f43-5470-bd5d-100ccbc59147', '1970-01-01 02:39:27', NULL),
('3483adfe-38c9-1789-9f66-43a328b17837', 'P-0190', '2021-10-30 16:02:31', '1995-09-22 12:31:55', '792eec9a-62f1-7075-46ba-84c2839f1fcb', '1970-01-01 01:58:07', '1985-10-22 18:06:25'),
('35251a6d-3944-4983-ba47-901f27b89d18', 'P-4891', NULL, '1972-09-27 10:25:57', '4417a7bc-2890-1ae0-dea5-2a55db0259fe', '1981-10-28 05:50:48', '2000-01-24 03:37:10'),
('3616bf85-6fa7-5d66-eaf2-17995bf2968c', 'P-4029', '1970-01-01 00:01:06', '1970-01-01 00:00:08', '5aad5e96-560a-4e0f-68ef-5e83c2936996', '1970-01-01 00:00:02', '1992-09-09 03:45:43'),
('396eaf2d-5bc5-5766-e7f2-17995bf2968c', 'P-1485', '1985-09-29 11:56:55', '1997-06-11 05:38:03', '40245a2c-3211-32d0-2879-822354bbf41a', '1976-09-11 03:37:35', '2002-05-01 03:22:45'),
('3d99a93b-28ef-1fd5-e8f2-17995bf2968c', 'P-5627', '1970-01-01 00:01:16', '2009-06-19 12:31:44', '3a9e6497-146a-3ea9-2779-822354bbf41a', '2001-10-13 14:17:20', '1982-06-06 13:08:05'),
('45422559-79e1-254d-cfa7-99e7765afd72', 'P-1058', '1970-01-01 00:00:08', '1984-05-12 23:17:54', '59fa510a-17f9-253c-c65a-aca3f66abfe4', '2001-10-18 06:15:22', '2009-03-09 01:38:44'),
('46335fb5-1ac4-66ae-b6b1-c1540d491251', 'P-7012', '1970-01-01 00:00:01', '1984-01-24 13:23:06', '283301e3-380c-7e8f-326f-06119f0786b1', NULL, '2013-09-04 01:01:09'),
('47fc0199-4500-4075-d2a7-99e7765afd72', 'P-3967', '2020-04-01 08:09:01', NULL, '353675f2-73c0-55a3-bc5d-100ccbc59147', '1997-02-08 17:27:49', NULL),
('4a756255-60b4-6d83-d392-0ed10b503732', 'P-4035', '2016-09-16 22:06:09', '2017-11-25 12:32:11', '59fa510a-17f9-253c-c65a-aca3f66abfe4', '1971-11-20 10:14:41', '1974-11-17 04:26:20'),
('4cabaf0d-1c77-2fab-1391-0af2c7f2a1a0', 'P-1485', '1977-06-30 15:11:38', '2010-05-24 03:35:39', '1a79e25d-15ed-25af-66ef-5e83c2936996', '1970-01-01 00:12:00', '1970-01-01 00:06:13'),
('4d963204-46cc-538c-9d66-43a328b17837', 'P-7883', '1970-01-01 00:16:27', '1970-01-01 00:00:10', '59fa510a-17f9-253c-c65a-aca3f66abfe4', '1970-01-01 00:01:03', '1970-01-01 01:04:59'),
('4ddd46a8-42d2-6d26-1191-0af2c7f2a1a0', 'P-1203', '1970-01-01 00:00:09', '2011-04-16 15:21:56', '7b91e3c3-7d7b-1fca-d7a8-8ebdaf5d2b61', '1971-01-27 09:37:12', '1985-09-30 15:12:28'),
('4e4dd06a-1a04-681f-29dc-88a3ac8a3bba', 'P-2333', '2011-08-25 04:53:41', '1970-01-01 00:13:22', '6ea73021-219a-433a-50a4-e0d1ddfbcf7c', '1986-09-25 10:46:47', '1997-09-17 11:09:03'),
('4e9da7be-7985-16d6-a066-43a328b17837', 'P-3967', '1998-01-03 01:51:53', '1970-01-01 00:55:30', '1322305b-5dc0-1dd6-2f6f-06119f0786b1', '1973-04-09 14:26:54', '1977-06-21 06:13:17'),
('4f3d42c1-6e2c-2c89-e6f2-17995bf2968c', 'P-8371', '1970-01-01 01:33:25', NULL, '5dd790c0-5270-6a2d-ca5a-aca3f66abfe4', '1983-09-25 00:40:38', '2015-11-15 22:42:09'),
('4fac4b9e-6c96-177f-d292-0ed10b503732', 'P-6794', '1983-07-09 08:54:38', '1997-01-29 23:13:45', '4417a7bc-2890-1ae0-dea5-2a55db0259fe', '1970-01-01 00:00:01', '1974-03-19 09:50:23'),
('5017b949-77c1-2758-e5f2-17995bf2968c', 'P-9197', '2020-12-30 20:01:07', '2000-10-08 18:35:55', '283301e3-380c-7e8f-326f-06119f0786b1', '2011-03-03 15:49:51', '1970-01-01 02:03:38'),
('50cd7cd2-6007-63f8-cea7-99e7765afd72', 'P-8889', '1970-01-01 00:11:26', '1970-01-01 00:43:36', '40245a2c-3211-32d0-2879-822354bbf41a', '1970-01-01 00:00:43', '2002-03-27 02:18:05'),
('51573293-1a8a-5622-be47-901f27b89d18', 'P-9170', '2005-04-12 06:16:18', '1988-09-10 00:44:30', '67e92ae7-240a-38a3-0b2e-04726f235b01', '1970-01-01 00:00:09', '1982-12-03 03:29:20'),
('52865d12-2628-2164-9e66-43a328b17837', 'P-1115', '1970-01-01 00:00:04', '1998-08-25 06:22:08', '5aad5e96-560a-4e0f-68ef-5e83c2936996', NULL, NULL),
('538eb3ed-1f4f-6709-b9b1-c1540d491251', 'P-6701', '1970-01-01 00:00:01', NULL, '14ea04f5-358f-6b18-dca5-2a55db0259fe', '1971-07-15 04:36:57', '1977-04-04 19:15:30'),
('592b006d-6335-6101-edf6-092cdb0ab5e8', 'P-9170', '1990-08-21 13:56:12', '1970-01-01 00:00:07', '53f94371-453a-37eb-2679-822354bbf41a', '1975-11-24 23:56:19', '2003-04-23 15:08:32'),
('5a80a199-54ec-1c66-d492-0ed10b503732', 'P-2332', '1970-01-01 00:44:54', '2015-07-17 23:00:57', '283301e3-380c-7e8f-326f-06119f0786b1', '1976-06-12 07:56:38', '1991-02-24 02:52:53'),
('5d104629-56c9-1241-daab-8b7af6721bcf', 'P-3350', NULL, '1983-09-06 23:41:50', '4fc22640-5969-3304-c95a-aca3f66abfe4', '1997-03-16 14:12:18', '2021-08-03 06:53:42'),
('60e353a5-58e0-5144-d8ab-8b7af6721bcf', 'P-7193', '1986-08-19 19:12:16', '2006-05-17 21:00:37', '2ad64050-78b5-50c8-6aef-5e83c2936996', '1970-01-01 00:00:06', '1970-01-01 00:00:09'),
('61cf5088-6432-5af3-1291-0af2c7f2a1a0', 'P-7208', '2015-10-23 07:16:20', '1980-01-21 18:59:35', '72b667aa-210d-655c-2579-822354bbf41a', '2003-06-25 15:53:04', '1996-05-24 21:05:40'),
('629d287a-406b-4f35-eef6-092cdb0ab5e8', 'P-1531', '2004-08-20 01:55:41', '2011-03-07 17:40:19', '65a02f47-7acb-6edb-c75a-aca3f66abfe4', '2010-03-27 03:27:53', '1970-01-01 00:09:33'),
('641eb0d6-1506-74b9-2adc-88a3ac8a3bba', 'P-5835', '1985-12-09 10:59:17', '1970-07-05 05:24:26', '51fe9364-3f43-5470-bd5d-100ccbc59147', NULL, '1970-01-01 00:12:40'),
('6737a48e-36e0-26f6-d9ab-8b7af6721bcf', 'P-3839', '1970-01-01 00:38:36', '1971-06-23 07:37:56', '51fe9364-3f43-5470-bd5d-100ccbc59147', '1973-02-22 00:20:16', NULL),
('69827ce8-2a62-31e0-bc47-901f27b89d18', 'P-7883', '2010-05-10 15:31:40', '1991-02-19 08:49:04', '14ea04f5-358f-6b18-dca5-2a55db0259fe', NULL, '1970-04-12 11:13:54'),
('7135b52a-553e-39d8-d1a7-99e7765afd72', 'P-3350', '2002-04-22 04:49:35', '1982-11-05 17:50:45', '184c7974-5ea4-403a-0f2e-04726f235b01', '1988-10-14 12:56:31', '1970-01-01 01:43:51'),
('74794097-6a44-73fb-e9f2-17995bf2968c', 'P-6794', '2000-02-12 09:16:41', '2001-08-11 08:49:22', '1a79e25d-15ed-25af-66ef-5e83c2936996', '1980-11-08 03:57:16', NULL),
('76b970ae-70a0-32ec-b7b1-c1540d491251', 'P-7193', '1991-05-21 14:57:44', NULL, '4fc22640-5969-3304-c95a-aca3f66abfe4', '1973-05-26 11:06:25', '2008-11-30 01:18:35'),
('786f7632-26e0-6731-bd47-901f27b89d18', 'P-1308', '1993-05-30 02:02:00', '2002-03-20 05:47:32', '299d028c-1388-43f7-2e6f-06119f0786b1', '2009-07-25 02:50:21', '1970-01-01 00:07:16'),
('796fb75a-1d7c-15bd-d0a7-99e7765afd72', 'P-5835', '1974-07-13 00:02:45', '1980-09-30 07:12:40', '40245a2c-3211-32d0-2879-822354bbf41a', '2007-05-12 20:54:45', '2018-04-22 15:39:28'),
('7c6369f2-18d3-679e-d7ab-8b7af6721bcf', 'P-1494', '2015-04-14 16:30:10', '1984-11-19 06:56:13', '30e74104-113a-22f2-4aba-84c2839f1fcb', '1993-07-28 05:06:10', '1970-01-01 00:11:32'),
('7e951f52-34a1-2e20-cda7-99e7765afd72', 'P-6948', '1970-01-01 02:16:18', '1970-01-01 00:04:59', '30e74104-113a-22f2-4aba-84c2839f1fcb', '1987-01-15 04:55:17', '1976-10-22 01:06:30'),
('7fe66e5d-6151-3077-d692-0ed10b503732', 'P-3350', '1997-10-06 14:40:22', '1971-04-20 22:41:19', '51c2cfb1-11dd-2b25-d5a8-8ebdaf5d2b61', '1970-01-01 00:11:51', '1985-02-07 17:29:22');

-- 
-- Dumping data for table equipment
--
INSERT INTO equipment VALUES
('1137e46f-2979-39e1-abd9-7904e20d3bee', 'P-2332', 'Bobby37', 'Sunt excepturi ut omnis sit sed nam, sit minima ratione sunt ut. Aut voluptas praesentium sed blanditiis qui explicabo voluptas pariatur voluptas, maiores ut.', True, '2019-10-27 21:21:04', '1984-03-04 15:44:15'),
('1ce32d18-1cdb-538e-711c-b47866e0b131', 'P-8674', 'Boudreaux16', 'Quo sit omnis laudantium error dicta ullam eligendi exercitationem nobis dolores repellat. Omnis error voluptatem adipisci omnis officiis blanditiis rerum molestias perferendis ea omnis. Modi eligendi qui corrupti ut ad magni quaerat eum sed voluptatem temporibus? Numquam totam dolorem quisquam minus qui perferendis dignissimos ut voluptate consequatur dignissimos.\r\nAutem delectus ab, voluptate et ut libero architecto deleniti hic error pariatur.', False, '1994-05-01 23:44:32', NULL),
('1fb3fcda-77f8-38fa-56d1-35c781481818', 'P-9758', 'Arturo222', 'Qui necessitatibus dignissimos aut dolores. Sint dolor repellendus et reiciendis iusto aliquid et ab corporis eos impedit. Qui rerum est fuga quo expedita reprehenderit quia officia accusamus eveniet voluptas? Consequatur sed recusandae obcaecati quidem alias ipsa atque sit eum aperiam sit.\r\nIpsam similique aperiam ut nihil corrupti est similique dolore dignissimos doloribus enim. Ab laudantium porro quam ipsa aut distinctio perspiciatis necessitatibus suscipit voluptas eius? Est officia suscipit magni laborum ipsum magni perspiciatis voluptas dolor ut dolore! Et eaque eum molestiae quaerat tenetur et earum explicabo ut architecto neque.', False, '1970-01-01 00:08:59', '1970-01-01 00:01:12'),
('213f2c36-3f9a-4c93-8ca8-609e3bb3a85a', 'P-7883', 'Abbott343', 'Inventore ut est suscipit sunt velit ut aut quis, et molestiae placeat. Error ad ducimus ut vitae nemo totam vel nisi repellat pariatur et...', True, '1979-01-04 00:36:49', '1986-08-21 13:16:33'),
('24302c2b-6181-5376-0430-098e37fb2a94', 'P-1797', 'Millard233', 'Praesentium ipsam, quod autem ipsum consectetur explicabo voluptatem quia sed cum. Corporis quia qui perspiciatis est ut ipsam omnis. Consequatur fugit voluptas omnis blanditiis et nulla expedita. Consequatur sit voluptatem et esse repudiandae error temporibus accusantium? Eum ducimus sapiente harum quisquam et dolorem neque officia! Assumenda quo dolores necessitatibus ratione ut et eligendi nisi voluptatum ipsum excepturi? Voluptas reiciendis, quo dolorem maiores quod consequatur aliquid dolorem nesciunt sequi deleniti. Qui aut iste sed accusantium sed qui aliquid possimus vero quis recusandae? Magni ratione labore est et nihil, eos voluptatem quas quo vitae eligendi.', False, '2013-01-29 12:55:01', '1970-01-01 02:05:18'),
('25746878-4237-1bc5-9a8e-fb52fd75a1d4', 'P-4999', 'Lita68', NULL, False, NULL, '1970-01-01 02:29:42'),
('2a1a26ec-140b-38a1-0bc2-b9c0ad0052ad', 'P-0190', 'Stack1959', 'Ut et dicta exercitationem. Modi dolorem magnam repellat omnis ut consequatur. At ipsum architecto. Corrupti ut est voluptate aut earum dolorem, sequi nemo quis! Magni repellat error qui quia quidem; sunt ipsum, dolor atque qui quia explicabo aut quo maxime; sit unde rem vero consequuntur iure sunt sed assumenda ab. Non illum delectus.\r\nDolor rem sint; unde quo laborum in. Voluptas sed et reprehenderit! Deleniti aut natus maxime necessitatibus non cupiditate sed. Obcaecati blanditiis aperiam autem rerum quos numquam voluptatem aut ut praesentium dicta; tenetur consequatur voluptatibus amet cumque sapiente deserunt facere unde natus. Dolorem assumenda ipsa. Nihil consequatur sint;', False, '1985-05-20 12:45:04', '1997-03-22 19:30:42'),
('2db653ba-4c85-5200-eae4-8adc5263917a', 'P-0879', 'Abdul2021', 'Et suscipit, nam asperiores iste et atque aut vel ut recusandae non. Rem facere magnam quia perspiciatis modi est, animi dicta aut ut nostrum.\r\nIpsa tenetur sed vel in minus delectus, et odio voluptas dolorem nesciunt.', False, '1976-11-26 10:24:56', '1970-01-01 00:33:26'),
('30d41e52-5e66-72bc-6c1c-b47866e0b131', 'P-8172', 'Peggy2017', 'Natus accusantium, velit et dolor sequi id in dolor omnis. Hic recusandae non laudantium voluptatem officia! Nihil adipisci omnis nobis sapiente corporis sit et corporis unde voluptate ut; magnam placeat dolor et, quia accusamus odit at voluptatem necessitatibus nisi illum? Deserunt eaque facilis, sunt est natus tenetur omnis et laudantium voluptatem beatae. Error aperiam atque soluta error sapiente dolores sunt ut quaerat voluptas nesciunt. Id qui tempora ut aliquam sit omnis aliquid fugiat sint non aut. Facilis at omnis itaque nisi nostrum iste ut consequatur aut fuga facilis...', False, '1970-01-01 00:00:55', '1976-12-26 19:28:08'),
('3205fe1d-500d-6c7c-721c-b47866e0b131', 'P-8674', 'Coleman2020', 'Sit ipsum nihil eius reprehenderit id harum omnis commodi eos recusandae eos. Velit perferendis rerum laudantium aut qui ipsum qui et quas iste sequi. Laudantium dicta autem ipsum itaque voluptatem harum dolorum optio harum consectetur fugit. Fuga aut nostrum voluptate, repudiandae natus ut ex id error alias possimus. Nobis eaque quas laboriosam repellat laboriosam consequatur tempore delectus minima rem non.', False, '1970-01-01 00:04:22', '1970-01-01 01:35:02'),
('32b4e102-44c5-51c1-e9e4-8adc5263917a', 'P-6794', 'Jan6', 'Optio explicabo ut dolores cumque quo eum laudantium quidem et voluptatem ut; alias veniam quas et doloribus quam corporis cum pariatur corporis nisi ut...', True, '2011-12-13 23:57:22', '1970-01-01 00:01:18'),
('34e64b35-7bc8-20d9-5bd1-35c781481818', 'P-6701', 'Virgilio726', 'Architecto consequatur et sit culpa porro vitae natus voluptatem. Quia error placeat enim ullam necessitatibus non quo sit aut sunt sint. Unde perspiciatis omnis ut natus ut maxime mollitia hic. Omnis labore similique; unde repellendus incidunt consectetur amet natus obcaecati enim nobis. Aut maiores odio alias; labore dignissimos optio iste fuga ipsa aut non sint.\r\nImpedit sed tempora dolores cum maiores. Dolore quas maiores tenetur atque sapiente porro eum aut fugiat quos. In esse culpa quia culpa ducimus; aut error et aliquam aut ducimus, sint et rerum perspiciatis suscipit. Perspiciatis vel iste. Quo ut sit! Ut vitae totam. Necessitatibus quidem sit. Autem molestiae sed? Obcaecati rerum iste.', True, '1993-06-03 00:54:28', NULL),
('3f0ebbf1-4b41-37b0-765d-e2ec561b0f41', 'P-8674', 'Aguilar2016', 'Nihil iste natus, quia fugiat provident voluptas labore sunt debitis fuga. Optio quae tempora id est, itaque dignissimos corporis quam sit. Aperiam facere tempore quae ut doloremque quia eum aut obcaecati dicta sed...\r\nLabore unde voluptas minima asperiores quis sunt quod rerum ea amet delectus. Atque facilis doloremque qui porro quidem praesentium id, odio possimus omnis sint. Ut perspiciatis blanditiis qui aut natus vitae asperiores ut voluptatem repellendus ea. Laudantium tempora ut debitis harum beatae ut quis repellendus assumenda rerum voluptatem? Labore consectetur quae sed quis eum exercitationem illum optio est non exercitationem.', False, '2019-12-25 10:34:02', '1979-11-08 14:04:05'),
('40b6c9cc-1f45-2681-6e1c-b47866e0b131', 'P-3451', 'Washburn588', 'Corrupti aut modi consequuntur. Eos rerum alias asperiores et. Voluptatem quas dolore magnam perspiciatis, et sit quidem odio repellendus ipsam distinctio.\r\nQuis sed voluptas ipsam consequatur, nostrum suscipit perferendis mollitia ex rerum voluptas; veniam nostrum aliquid exercitationem quia facilis dicta voluptas dolores numquam illum quia. Eos aut ad aut minus, similique sit et qui ullam fugit aut? Eius id nesciunt quo ut alias beatae eum aliquid voluptatibus blanditiis qui. Neque similique error maxime voluptas aut sit et inventore vero enim quia. Eum cumque praesentium, libero id voluptas et aperiam ullam est dolor omnis.', True, '1993-02-08 02:10:33', '1970-01-01 00:00:54'),
('421f43e2-7655-7bf2-0230-098e37fb2a94', 'P-4029', 'Castellanos757', 'Quibusdam adipisci nulla nisi et dolores dolore dolores quae commodi, deserunt ut. A excepturi, ullam labore doloremque voluptas laborum et cupiditate exercitationem non vitae. Excepturi et maiores cum sed pariatur ut blanditiis sed reprehenderit praesentium error. Fugit at amet omnis, nesciunt qui dolor eos nemo sit natus et. Explicabo aliquam eius suscipit doloribus dolor eveniet earum, sunt earum sit repudiandae. Et iste officia totam voluptatem sed a maxime sit reiciendis non blanditiis.', False, '2016-09-17 21:02:58', '1983-05-31 18:29:42'),
('4283ab13-6ec9-2df2-57d1-35c781481818', 'P-5627', 'Abney1975', 'Dolorem ut dolorem porro et nostrum voluptatem dolorem nesciunt ad consequuntur obcaecati. Rerum voluptatem, enim hic omnis aut error quo dolorum sed et eveniet. Qui voluptatem quae sed unde aperiam eum quis quisquam et vitae dolor. Omnis vero fugiat corrupti et exercitationem ut atque inventore iure est quo. Quaerat nihil, voluptatibus sint dolorum eveniet quibusdam esse tenetur est quam rerum. Molestiae est ut reprehenderit voluptate excepturi qui, similique at qui sit consequuntur. Nam ab ipsam praesentium accusantium dolor ea sint odit et saepe commodi.', True, '1972-07-30 04:48:08', '1974-02-15 21:41:58'),
('43bed9be-3421-162f-8ba8-609e3bb3a85a', 'P-1058', 'Mirna174', 'Dolor voluptas minima est vel facilis dolorem dolorum rem.\r\nLaudantium dolores hic modi voluptatem obcaecati quod. Iste quis iure neque ut fuga consequuntur minus in. Dolor ipsum voluptatum! Fuga omnis consectetur eveniet tempore tenetur qui sed aut ex quis accusamus. Voluptatem aut et aperiam eligendi in et quibusdam nam beatae. Ipsam eligendi molestiae sapiente obcaecati sed qui aut ut voluptate! Sed impedit qui ullam nobis, reprehenderit incidunt aut dolorem earum quibusdam sed. Nam eos labore, nihil laudantium quia sunt tempora aut et repudiandae error! Sit et est commodi porro, harum eveniet neque unde labore qui ut.', True, '2010-01-08 12:47:17', '1993-09-17 19:36:48'),
('4519e9a1-767b-7df7-0330-098e37fb2a94', 'P-4999', 'Lynn1983', 'Dolores magni aperiam nam eveniet ut pariatur et. Quam est numquam exercitationem omnis vel. Rem voluptatem perspiciatis nostrum accusantium soluta incidunt expedita voluptatem ipsa. Labore commodi ut voluptatem eos nulla in; aut alias animi provident, velit et dolor ducimus quod eaque autem molestiae. Nam nesciunt provident, corporis et amet quia a perspiciatis beatae labore aut. Rerum eveniet, ea quia sit minima saepe voluptatem natus ut eum dolor. Sed eius dolores numquam vero impedit qui enim repellat inventore laborum corrupti.\r\nPerspiciatis voluptatem nisi corrupti sed ducimus numquam cumque placeat quam rerum consequatur.', True, '1970-01-01 00:01:34', '1993-08-25 09:00:10'),
('46a77397-495a-6883-230d-38729298ebc6', 'P-5835', 'Shrader2007', 'Laudantium quia earum aut velit et in et consequatur sint suscipit blanditiis.\r\nNulla repudiandae vitae voluptatem accusamus, vitae perferendis inventore error reiciendis suscipit cumque. Sit magnam non ut, aut numquam qui tenetur blanditiis quia nam doloribus.', False, '1999-04-15 15:34:15', '1970-01-01 00:00:10'),
('48bf820f-3865-571c-59d1-35c781481818', 'P-4029', 'Susanna268', 'Ea sunt aut nam. Maiores accusamus illum ipsum ut quia quo, tenetur tempore qui! Ullam minus doloribus illo voluptates mollitia architecto libero mollitia possimus. Soluta ad est sint et in tempore est unde. Dolores nihil saepe ullam quam; est fugiat non harum voluptas. Laudantium animi iusto eaque sed corrupti cumque nihil fugit corrupti. Ea dignissimos quidem ratione.\r\nEsse iste ipsam fugiat deserunt, assumenda ad velit sunt suscipit perspiciatis. Blanditiis optio maiores rem error pariatur non qui aut sequi, voluptas qui. Quia eius ducimus ullam beatae et. Suscipit ut eos. Consequuntur sapiente aliquam! Nobis maxime esse. Omnis ex fuga! Impedit aut eligendi.', False, '1970-01-01 00:00:24', '2015-10-19 21:44:37'),
('4bccb55e-5aea-1c0d-6f1c-b47866e0b131', 'P-6462', 'Landry2027', 'Et odio aut natus et iusto ut itaque aspernatur laborum ducimus et. Nihil amet consequuntur quod, illum illo minus nostrum corrupti obcaecati quo natus. Voluptatem eos ducimus natus repellendus ea ut placeat minus est, necessitatibus voluptatem. Pariatur omnis sit magnam qui repudiandae quia, dicta ut ullam perferendis enim.', False, '1970-01-01 00:00:02', '1986-12-23 07:20:09'),
('4d827a13-15f5-1888-978e-fb52fd75a1d4', 'P-4891', 'Rouse263', 'Dolorem porro voluptas voluptatibus optio velit dicta rerum. Qui porro est et repudiandae voluptatem iusto. Ut unde est unde veritatis molestiae. Voluptas nemo quisquam, qui ut illum architecto nihil delectus aut deleniti voluptatem. Voluptatem perferendis officia vitae assumenda ut consequatur et doloribus aperiam dolorem est. Eaque labore optio autem quos blanditiis ratione ipsa blanditiis officia sit ea! Voluptatum unde reiciendis perferendis sed non ut nihil ullam maiores voluptatem qui; veritatis eveniet sit nisi culpa commodi corrupti omnis aut, possimus corporis animi. Quam quae blanditiis minus dolorem minus iure magnam nesciunt, aliquid qui quo!', False, '2010-11-27 19:01:48', '1978-02-06 18:11:24'),
('4dc26b8a-5c39-688d-741c-b47866e0b131', 'P-8172', 'Markley514', NULL, False, NULL, NULL),
('50c6ef1e-4739-4557-701c-b47866e0b131', 'P-1058', 'Burkholder42', 'Amet sit voluptatem facere dolorem ipsa ut esse incidunt consequatur. Iste eaque explicabo deleniti dolore dolorum autem dolore unde amet. Aut eaque deserunt eligendi! Perspiciatis alias quae aut voluptas eveniet quibusdam enim doloremque qui. Blanditiis magni, possimus delectus officiis perspiciatis omnis dolores error suscipit pariatur. Qui commodi maxime repellendus totam in vero. Fugit sed ut. Repudiandae inventore unde facere iste, ut rerum eligendi libero architecto necessitatibus. Sit animi autem nostrum ad culpa odit!\r\nIusto quam excepturi qui unde voluptatem ut cum aperiam unde sit. Amet mollitia sint. Non quo enim. Omnis ea ut? Corporis ut dicta! Sint deserunt voluptatem. Earum quos ut.', False, '2004-11-13 08:25:27', '1979-03-08 11:36:42'),
('51eceb4f-317b-3427-add9-7904e20d3bee', 'P-6948', 'Ashton498', NULL, False, NULL, '1970-01-01 00:01:16'),
('5397eeaa-3204-4f25-755d-e2ec561b0f41', 'P-8172', 'Burl745', 'Dolores voluptatem est eum similique blanditiis eaque. Suscipit illo quas sit. Et omnis debitis dolorum fuga. Impedit repellat esse quos voluptas perferendis aut aperiam, iste eum est temporibus? Delectus est natus, dignissimos numquam dicta nesciunt doloremque vel alias.\r\nAut voluptatum accusantium porro est reprehenderit rerum pariatur hic sed dignissimos velit. Quia dolorem nam iste in tempora deserunt, labore in facere eum laborum. Eum eos dolore sed est explicabo quo explicabo. Aut facilis enim. Vitae ut error omnis nihil repellendus. Corporis ipsum explicabo maiores magnam, repellat quia odit sit voluptatem quos. Commodi dicta aut id corrupti necessitatibus.', False, '1970-01-01 01:02:47', '1970-01-01 00:00:09'),
('548dce5f-5f29-4617-725d-e2ec561b0f41', 'P-3451', 'Chasity1995', 'Et voluptatum architecto. Adipisci iure qui sit vero sunt perspiciatis aut nihil et cumque nisi? Itaque non tenetur dolore harum necessitatibus quia accusamus rerum! Nemo eveniet quia minima error quisquam quasi aut. Doloribus velit non quo sunt ipsam in! Dolorem non voluptatibus ratione quo ut veniam ipsum temporibus. Quasi reiciendis molestiae quidem beatae ratione ex itaque numquam voluptatem nisi similique! Amet ut dolore id qui possimus dolorum et sit culpa inventore corporis? Corporis tempora sed et maxime autem et ut, blanditiis ut quos aspernatur. Sint beatae nostrum nulla ut necessitatibus doloremque, eos minus voluptates odio omnis.', False, '1988-06-13 17:20:23', '1970-01-01 00:00:47'),
('54dac2d9-1d60-2d56-acd9-7904e20d3bee', 'P-7208', 'Esquivel194', 'Quae unde rerum ex est accusamus eum ut beatae blanditiis odit ipsa. Voluptatem quod dolores aspernatur omnis consequatur, maxime perspiciatis neque sint ratione consequatur! Voluptatum laborum cumque quisquam, odit provident sint nulla quaerat quia sed repellendus? Quasi pariatur quas sit quod dignissimos excepturi nemo perferendis fuga impedit ut! Itaque perspiciatis accusantium aut ea dolorem rem voluptatem enim a voluptatem reiciendis. Voluptate rerum ratione incidunt assumenda tempore vero dignissimos assumenda et quidem unde. Quae dolorem voluptatem sint et natus facilis nam nobis dolorem aspernatur accusantium.', False, '2015-05-20 10:39:06', NULL),
('58619ec8-7391-14cd-ebe4-8adc5263917a', 'P-1485', 'Ethelene2018', 'Ut corrupti est autem excepturi in.\r\nExpedita autem et dolor. Blanditiis nihil aut ut dolor adipisci nam. Voluptatum voluptatem porro minima libero iste necessitatibus deleniti minima id dolorum nam! Voluptas autem iusto, ut iusto rerum iste molestiae facere voluptas quibusdam iusto. Veniam et eos odit molestias beatae in delectus fugit inventore quos ut! Aut iste delectus placeat magnam dolorem mollitia, ut veritatis reprehenderit omnis fugit. Nam ducimus quidem aliquam qui veniam eum reprehenderit omnis dicta vitae placeat! Et exercitationem sed, fugiat numquam perspiciatis natus suscipit et odio recusandae architecto.', True, '1970-01-01 02:46:03', '1995-12-20 17:46:47'),
('589edf01-198a-4ff5-958e-fb52fd75a1d4', 'P-3967', 'Sandy1974', 'Debitis iste omnis vitae enim culpa qui minima qui sit qui iure. Magnam quam esse sed ut corporis voluptatum iste eum nisi temporibus blanditiis. Non et iste, corrupti dolorem corporis ad placeat voluptate quam adipisci nesciunt. Expedita laudantium perspiciatis, repellat quis tempore et odit sint illo nisi totam? Aspernatur iure hic voluptas odio sequi fugiat qui, molestiae praesentium error non. Quia reprehenderit nobis voluptatem et, sit minima eum molestiae laudantium natus reiciendis; alias error omnis voluptates, ipsum et vitae et reprehenderit sunt nesciunt quo.', True, '1972-02-09 12:36:19', '1999-07-09 03:48:32'),
('5bd71cda-209f-2ade-54d1-35c781481818', 'P-7193', 'Hosea2018', 'Ut eius sunt dolores natus facilis doloremque magnam. Natus beatae nulla corrupti ullam sit sed dolorem aliquid magnam illum. Dolore debitis et ad eius fugiat consequatur blanditiis cum quod! Error molestias sed sapiente placeat voluptas. Veniam placeat ipsa rerum totam unde. Ea sed voluptates aspernatur provident aut eos earum, aut reprehenderit cum. Quasi aliquam excepturi voluptatem perspiciatis fuga ex totam ipsum.\r\nIste obcaecati accusantium possimus rerum blanditiis enim vero eveniet sapiente minus eos. Unde molestiae tenetur dolorem illum minima, sapiente sunt sed rerum incidunt maiores! Dolor rerum iste ut, possimus unde sit fugit fuga laboriosam odio ab.', True, '2009-12-19 02:36:40', '1970-01-01 00:05:20'),
('5c9dcb54-5efc-1b6e-5ad1-35c781481818', 'P-1159', 'Jerrod212', 'Cupiditate delectus in fuga quo, dolor sed quibusdam omnis magni sint nobis.\r\nUt saepe, eaque sapiente tempora natus quas ea harum fugit quia omnis.', False, '1993-10-17 17:10:21', '2011-09-30 11:24:11'),
('5e17e0b2-3483-38fa-735d-e2ec561b0f41', 'P-8371', 'Daryl484', 'Soluta placeat reiciendis facilis. Exercitationem et doloribus facere laudantium voluptatem. Magni tenetur natus aut et quae exercitationem ut amet unde vitae beatae. Ducimus quos officia perspiciatis, recusandae sed veniam dolorum cum libero esse asperiores. Esse repellendus voluptate sit ut, velit alias libero sed qui dolor aspernatur. Magni nulla numquam est odit eos dolor est ipsam natus fuga explicabo.\r\nIste doloribus consequatur et laudantium numquam voluptatem inventore consequatur iste veniam eius. Veniam unde vel error maiores illum ut esse dolorem voluptatem omnis voluptatum. Et magni sit blanditiis incidunt sit maiores natus rerum est nulla unde.', False, '2018-08-16 04:45:18', '1970-01-01 00:00:09'),
('5e528e9e-53bf-2dad-aed9-7904e20d3bee', 'P-3434', 'Abdul2016', 'Ut quod unde architecto quos incidunt labore nesciunt fuga unde quaerat voluptatem.\r\nId omnis nihil ducimus ex aut dolores labore, esse vel debitis quasi. Aut et, vel pariatur suscipit eum molestiae ut soluta qui quod omnis. Itaque quaerat inventore omnis iusto quasi incidunt natus quo saepe aut corporis.', False, '1970-01-01 00:00:04', '2008-11-11 12:23:27'),
('5f26b0d0-16b7-62ae-0ac2-b9c0ad0052ad', 'P-0190', 'Rebbeca1', 'Ratione quia voluptatem. Vel quaerat commodi; tenetur quisquam dolores suscipit beatae sit distinctio nihil fugiat voluptatem. Doloremque quo neque sit deserunt perspiciatis incidunt corrupti. Nesciunt necessitatibus sit error. Ipsum quidem incidunt dolor voluptatem enim incidunt quia facere quibusdam tempora soluta. Dolore aut et omnis molestiae neque, ut error distinctio commodi aut ipsa. Et vitae voluptas labore sed est temporibus omnis et deleniti eos animi. Natus aut accusamus ad voluptatem quia omnis illo quasi dicta et amet; consectetur aut aspernatur aut porro et veritatis non consectetur, quos quis eaque.', False, '1976-04-30 13:24:35', '1996-03-13 06:35:22'),
('60baa868-6afc-4661-731c-b47866e0b131', 'P-7030', 'Lane1983', 'Maxime aut culpa dignissimos voluptatem aut et deserunt non molestiae perspiciatis voluptatem. Laudantium ipsam laudantium in quod quasi doloribus optio delectus rem maiores eligendi! Perspiciatis temporibus labore in quisquam quia aperiam qui animi harum voluptatum unde. Perspiciatis fuga veritatis ea porro aspernatur velit quae, et error alias et.', True, '1979-12-12 13:46:47', '1975-10-01 21:05:03'),
('61026ff2-30e0-2636-8da8-609e3bb3a85a', 'P-7883', 'Dominga1990', NULL, False, NULL, '2006-11-27 00:46:47'),
('63b2adb7-7731-6b1b-58d1-35c781481818', 'P-8674', 'Bart2005', 'A architecto eum sunt voluptatem praesentium aut quos facere. Consectetur debitis a omnis aspernatur. Voluptatem excepturi iste tenetur placeat. Nihil adipisci vel nisi eos labore ipsa, architecto aspernatur ea illum. Et distinctio placeat! Deleniti consequatur nihil perferendis nulla quae officia et est minima dolores vel. Natus sunt voluptatem incidunt consectetur laudantium doloremque dignissimos placeat quis necessitatibus est! In et ea laboriosam odio nesciunt vero nostrum molestiae asperiores vero et. Perspiciatis laudantium temporibus asperiores, cumque nihil ut rerum et molestias accusantium veritatis! Nisi sint repudiandae sapiente perspiciatis et debitis itaque animi sit distinctio sed.', True, '1970-01-01 00:40:25', '1973-06-14 17:50:49'),
('63ddd2a7-7bbe-70ed-745d-e2ec561b0f41', 'P-1485', 'Teodoro2016', 'Explicabo placeat rem quibusdam accusamus tempore error magnam ea ratione aut exercitationem. Aperiam consequuntur, harum facere explicabo architecto dolorum molestiae voluptatum libero perspiciatis quo! Tempore aliquid hic voluptatem similique sit id et ea cumque molestias explicabo.', True, '1970-01-01 00:00:10', '1970-01-01 00:06:06'),
('682832df-6f06-5f91-0130-098e37fb2a94', 'P-8172', 'Yajaira1993', 'A quis qui aut provident voluptas, porro a illo at odit sed. Qui aperiam culpa modi amet quia ullam qui fugit aut qui voluptatibus. Aliquid ullam sapiente iste magni et voluptas omnis iusto placeat architecto soluta. Quaerat possimus, hic perspiciatis sit officia recusandae est voluptatem est laudantium voluptate. Quaerat voluptates laborum quia incidunt tempore eos molestiae laboriosam iusto ab ea...\r\nVoluptatem placeat officia natus neque repellendus omnis iste nulla ea voluptatem vel. Ipsam vero iste et ut dolorum amet minima quis et consequuntur ea.', True, '2017-01-12 18:10:44', '1981-12-12 11:03:11'),
('68992ee8-5906-72d0-55d1-35c781481818', 'P-0879', 'Jacelyn897', 'Quae sed, est omnis sequi at deserunt aut architecto libero sed maiores. Asperiores rerum quos. Id fugit similique at incidunt dolores! Eum veniam consequatur iste? Sit qui numquam aut. Sequi ut praesentium suscipit natus officia. Ut fuga quas omnis! Aut eum magni recusandae sed incidunt itaque modi natus. Error aut facilis voluptatem qui id cum in eaque et provident ratione. Ut neque consequuntur necessitatibus reiciendis tenetur et.\r\nEt in id quia sequi quia a libero. Repudiandae blanditiis unde. Sequi et dolorem. Ut voluptate et! Odit quo voluptas; minima nesciunt perspiciatis. Asperiores laudantium est; iste incidunt aut. Ad nihil fugit. Minus molestiae inventore...', True, '1991-03-25 18:18:35', '1989-02-11 12:27:15'),
('68daa090-552d-1bc6-e8e4-8adc5263917a', 'P-4318', 'Pridgen613', 'Et asperiores molestiae laboriosam ab voluptatem doloremque consequuntur sit. Aliquam quia alias. Non vel veritatis voluptatem modi quia officia.\r\nModi in similique est qui, neque autem ipsum quisquam voluptatem quia amet. Sit reiciendis vero est numquam fugit ut sed laudantium quia explicabo omnis. Sed nostrum dolorem, perspiciatis sit dolore vitae facilis ea qui ipsum cumque! Aperiam dolor beatae natus ad voluptatum aliquid nam enim similique qui dolore. Aut maxime sint odio asperiores magni dolores architecto corrupti perspiciatis non voluptatem? Reprehenderit asperiores error ullam et possimus voluptas, totam delectus repudiandae omnis quas...', True, '2019-10-28 16:26:14', '1970-01-01 00:01:34'),
('6ca5ad40-4741-18e4-240d-38729298ebc6', 'P-2963', 'Norberto2003', 'Minima id vel non inventore.\r\nDolor inventore a voluptates illum omnis eius praesentium dolor omnis architecto dolorem. Tenetur inventore molestiae iusto voluptas ipsa voluptatem blanditiis qui id rerum fugit. Error aliquid, voluptatem fugiat rerum debitis facere quaerat vel error et cupiditate! Quidem eveniet recusandae velit, iste dolor soluta earum officia velit nobis voluptatem. Fugit repudiandae dicta ut est illum perspiciatis dolores non vel ut ipsam. Omnis tempora ducimus rerum quo enim et ad et sequi tenetur veniam. Voluptatum explicabo nostrum ipsa repellendus quia soluta temporibus laudantium ut quis recusandae.', False, '1970-01-01 00:11:09', '1993-04-25 17:59:28'),
('6f2a161a-7ae3-6dd9-988e-fb52fd75a1d4', 'P-5673', 'Shella2013', 'Accusamus sunt nihil corporis eos quia repudiandae harum ab nihil nostrum laboriosam. Quisquam sit nesciunt obcaecati quae et est porro consectetur aut porro tempore. Omnis possimus voluptas aliquam consectetur ea reprehenderit quam accusamus, sed id pariatur. Eum tempore necessitatibus aut voluptatem maxime doloremque qui quia, sunt dolore odio. Ea est quia quo optio quia ut consectetur incidunt sint laudantium ratione! Ipsa et sint dolore in dicta omnis perspiciatis similique aliquam, et quia. Ipsa placeat soluta praesentium voluptas omnis, sint fuga et dolore necessitatibus totam.', False, '1999-10-24 16:12:10', '2010-04-22 10:19:12'),
('72247b6e-4e74-4e96-998e-fb52fd75a1d4', 'P-1115', 'Karl2023', 'Consectetur soluta architecto inventore ea dolor sed ipsum; voluptate culpa quas autem. Doloribus vero minima error in qui, eos fugit error sed est odio. Est error et laboriosam amet voluptatem excepturi reprehenderit! Voluptas ut minus cum iste quae sit error. Nostrum et quo et ipsum optio modi qui omnis. Est harum eveniet.\r\nIncidunt eum praesentium ratione explicabo minima dicta in perferendis unde rem. Sit et officiis quasi sed. Recusandae aliquid non minima voluptate? Eum repudiandae fuga dolor laboriosam maiores nobis aliquid! Et quisquam accusantium ut, optio fuga aut iste saepe expedita dolorem sed; perspiciatis temporibus obcaecati. Quidem asperiores ut; amet animi quaerat. Quo earum sunt! Quaerat ut adipisci...', False, '1970-01-01 00:00:02', '1983-09-14 12:42:55'),
('74e6b053-736d-2399-afd9-7904e20d3bee', 'P-5673', 'Lorenzo177', 'Placeat voluptatem ut quasi assumenda est aut et assumenda et a distinctio.', True, '1988-07-20 11:51:33', '1970-01-01 00:00:56'),
('76aab90d-48dd-61f8-968e-fb52fd75a1d4', 'P-1797', 'Andrews44', 'Illo dolorum veniam vel ut quo ut. Similique omnis et adipisci et necessitatibus! Quos incidunt aut, sit omnis quo est delectus voluptatem porro doloribus? Error minus consectetur ducimus quia hic ratione. In maiores eius. Et aut eveniet omnis non id et eius. Voluptatem itaque earum qui nisi necessitatibus aperiam repellendus a consequatur nulla unde! Doloribus laborum beatae aut eos tempore optio deserunt qui minus sed.\r\nNatus quo rerum optio. Et error ut quia laudantium odit quia; perspiciatis harum eos tempora error ex. Non eveniet ut vel libero at. Itaque natus sunt dignissimos est odio. Accusantium repellat error quod recusandae asperiores in quia. Aut qui id...', False, '1970-01-01 00:06:02', '2013-09-11 08:28:12'),
('77be5d0b-4f0d-3fa8-6d1c-b47866e0b131', 'P-1159', 'Adolph92', 'Iste velit cumque aut error. Consectetur obcaecati mollitia praesentium. Ipsa quis ut iusto! Eveniet aut sed minus asperiores doloremque voluptatem. Architecto expedita qui suscipit. Quo praesentium similique officiis facere mollitia. Sed aut accusamus qui sunt nisi aut dolorum laborum.\r\nTempore quae corporis sit nihil iste. Eligendi quasi asperiores voluptas. Et aut numquam ut? Sequi esse recusandae a fugiat minus accusantium architecto provident molestiae unde molestiae. Amet optio et nobis non, vero eum accusantium iste nam quia eius! Libero natus modi voluptas qui? Rerum qui voluptatem excepturi, voluptatem accusamus sit eaque cupiditate consequatur eos! Ratione id et. Labore iusto accusamus! Rerum fugiat expedita...', True, '1970-01-01 00:00:08', '1970-01-01 00:00:39'),
('79ee7101-4bc4-4632-0cc2-b9c0ad0052ad', 'P-1203', 'Mercedez2000', NULL, True, NULL, NULL),
('7c1aa93d-4c95-25d5-8ea8-609e3bb3a85a', 'P-9524', 'Adela1963', 'Sed quas sit repellat; vitae molestiae aut consectetur officiis eum recusandae voluptatem nostrum amet ipsam. Autem sed quisquam praesentium, omnis ea natus iusto asperiores itaque ut! Sint illum reprehenderit omnis est aliquid beatae debitis iusto dicta a? Neque atque quia unde rerum! Commodi harum voluptates consequatur qui non placeat tempore molestiae; est et, facere delectus deserunt cum nisi error quis ipsa cupiditate possimus. Exercitationem atque explicabo vel. Alias est explicabo ex, et est voluptas qui neque sit sunt earum? Qui omnis adipisci nihil, ut natus et beatae omnis aliquam eum modi.', False, '1971-12-04 04:31:53', '1981-05-02 20:52:35');

-- 
-- Dumping data for table detailpracticegroup
--
INSERT INTO detailpracticegroup VALUES
('152bd1b0-3e3e-6e7b-7bff-f8ad76748b41', '1aa4e297-5c74-76c5-67cb-9a771b60f9dd', '48c4e98b-1775-70d8-fea5-843a5c88fcbd', 'G8SJ929U839H0R1MW00Z0Z647TJX3271Z2EU9H65C02H6X7PW8PMN2G3K8A565BQ8', '1970-01-01 00:49:10', '2006-01-16 04:16:46'),
('15e14119-2b14-2356-a356-4fc3bbeea6ea', '73007af7-29e5-4b65-f00e-1e906dfe5560', '51f286c6-7278-7514-ea55-145d604bbe67', 'PZKIW86VV3', '2013-04-25 03:08:56', '1970-01-01 00:01:36'),
('172bfb98-61e3-1a45-b144-6bc098520b79', '258a3136-2cc5-1d10-8126-d0b1ec00486f', '178f3bb1-18d2-4d19-ae14-d98a564937ec', '6A7', '1983-07-20 03:39:26', '1970-01-01 00:00:44'),
('1882a7c3-4ac9-63c5-934a-775f5b0c255b', '73007af7-29e5-4b65-f00e-1e906dfe5560', '5a8402ff-3d29-399c-e255-145d604bbe67', 'QW4GEP61LUJE9MXBTC4J2S8MWX911I5ER57G38F3457P6BTP83723T509', '2021-06-27 20:47:42', '1998-12-14 19:38:37'),
('1975a37d-41d2-5eff-08a6-59a0c0702c31', '27b4c160-498c-475b-ca03-bda575a10914', '41e32b3e-6719-34c2-e25a-068977f062a4', 'A7726289ZB1T849YUT2ANY496V500B2C', '1970-01-01 00:03:03', '1970-01-01 00:07:56'),
('19c218fd-281b-2e0c-c98f-e9717deaa492', '57866244-2be0-2b45-0c24-752070424bc8', '3fc12b2e-3de6-2e31-b983-e0bab1eae329', '2SN8J36H8', '1970-01-01 00:42:09', '2002-09-08 00:04:48'),
('1a40131a-73f7-1c19-8d0b-d111d7560dd1', '49e17379-383f-2528-9871-4e63d198e188', '1a17ba6a-5f66-706f-faa0-920e45e35781', '0M3UF7KK2094GV6YC594L7ZJ3B434DE', '1994-12-04 23:29:50', '1970-05-10 23:28:22'),
('1b7afceb-66eb-4e6d-8e0b-d111d7560dd1', '446a1d5f-7493-73ca-f5d8-f66e8baab1ae', '19660272-4801-1f74-92c9-5ad971b19dd2', '5I6S9E6B4ENN1KFB', '1991-11-17 19:03:11', '1974-06-10 16:16:32'),
('1c1fcd85-59ec-7f23-924a-775f5b0c255b', '27683b01-6f8f-7bd7-d8c3-9fde8866bc46', '1fc8f75c-3cf8-4a1b-e555-145d604bbe67', NULL, NULL, '1992-10-29 17:59:23'),
('1cc9577e-32fe-55db-944a-775f5b0c255b', '6e43a968-4066-6c7b-7f26-d0b1ec00486f', '1a17ba6a-5f66-706f-faa0-920e45e35781', 'D055BP5R26O63OE133XT1PLQD', '1970-01-01 00:00:10', '1970-01-01 00:00:05'),
('1ce44394-2f81-5943-7aff-f8ad76748b41', '3f866cf6-3b4f-2077-f4d8-f66e8baab1ae', '2e9a2028-2e4e-5991-a538-6209cd524a10', '2539O9OF6OX7UCRU0V', '1971-11-04 15:32:08', '2004-03-13 20:41:31'),
('1d761207-4485-528e-806a-e0860b0602ba', '4b005b29-44e0-1e01-ef0e-1e906dfe5560', '6d583218-2369-1a65-99c9-5ad971b19dd2', '22F2Y0204PP199B8NQ9P28FYL9FGK1', '2011-02-13 23:03:30', '2009-10-06 12:53:13'),
('20aa4bfe-1bf4-6715-0da6-59a0c0702c31', '40125161-2eb4-1358-6acb-9a771b60f9dd', '277df9d1-5e6c-7385-ec55-145d604bbe67', 'DVUY89G324O7HZ8Q02Y6LE5Q49V3M4N26ZUTAB0EX52N4Q2DNNQXT3J022BN7W7E8XT4KXHC0516FI36669KIS1Q6NW0E5DUW8H122U77L082ODIOP0S5GWRDDPTP', '2017-01-18 16:18:12', '1970-01-01 00:10:07'),
('25efbe65-696b-226c-cd8f-e9717deaa492', '57866244-2be0-2b45-0c24-752070424bc8', '467e976e-37d5-5aa2-aa38-6209cd524a10', 'JBUX', '1970-01-01 00:01:22', NULL),
('270ebc7c-34b9-7493-b444-6bc098520b79', '7708e626-6335-4193-cd03-bda575a10914', '3fe32a2b-64fa-7221-a338-6209cd524a10', '19V2K914IQ1JQ5J', '1986-01-11 03:34:41', '1980-12-28 12:49:11'),
('274ef38d-6952-6e33-ce8f-e9717deaa492', '34adcd4b-547b-7009-69cb-9a771b60f9dd', '20b0e740-7ecb-76a6-56a2-e62e635ba141', 'PM', '2000-11-27 08:04:53', '1970-01-01 00:00:19'),
('2a2317ec-7be5-49d8-f25a-dbeedbd89217', '623ceff1-30e1-3564-cb03-bda575a10914', '7a752325-295d-7229-e755-145d604bbe67', 'ZC6BM8BS9A5BJ6723Y1Z2KYJ928304D4LHT2LN3920LRZGKS26EDHTC2M84', '2015-02-04 03:33:50', '2019-12-18 17:39:47'),
('2cc67e6d-5a05-423e-7dff-f8ad76748b41', '55465ebf-1f68-38ec-e34e-3b575a39a32d', '7d5623a9-4e40-7ba2-8ec9-5ad971b19dd2', 'DY3Y64X4IKOU3M848NI9LW81S9I5W3N3U25I77AMP0X86M88Z0HF2SGML62KF75TG6569Z2181NTG2A13P1RZUF5I8K4T036ZI2N2U2788D9N', '2008-08-22 14:02:38', '1975-08-04 03:26:00'),
('2cfa16ff-1641-46e2-b344-6bc098520b79', '18986ec9-7751-7ece-f30e-1e906dfe5560', '354982da-33ec-36d6-a438-6209cd524a10', 'H8584RZ16S7CN47Z9HYEZ', '2015-11-19 19:14:23', '1970-01-01 00:06:24'),
('2ee7af5c-4a84-745d-f15a-dbeedbd89217', '55465ebf-1f68-38ec-e34e-3b575a39a32d', '4a8249cc-5018-3a6f-e855-145d604bbe67', '2', '2014-12-17 01:00:18', NULL),
('3061c62e-7ef4-7db1-8c0b-d111d7560dd1', '1947c942-7f63-267d-d6c3-9fde8866bc46', '6d583218-2369-1a65-99c9-5ad971b19dd2', 'RNDDFT2SIBC653P53Q5VJA346K175I16PQSP4JJW7Y7KI64F56', '1983-08-22 20:39:14', '1979-11-17 01:28:37'),
('31df9e9c-56fc-3664-a156-4fc3bbeea6ea', '499e5f33-3847-3f4b-e14e-3b575a39a32d', '7c38efdc-6c19-729f-a814-d98a564937ec', NULL, NULL, '1972-10-02 11:42:27'),
('334d4519-33ef-6c5f-7cff-f8ad76748b41', '5270bc92-13fe-5299-0a24-752070424bc8', '67ba1bc5-38cd-167c-6eed-64e047f33a5b', 'SZ3QHDLW2POD', '1982-03-03 13:07:23', '1970-01-01 00:15:51'),
('380cb357-23ad-459d-0ba6-59a0c0702c31', '5913643d-3ef1-6fde-e44e-3b575a39a32d', '62e87ae1-4739-4e39-90c9-5ad971b19dd2', '1BA0YFM0EV8WRRH3NTF0MOP9OX08793F8HN0724993891350LPK7Y7WUPWVVXV3GR6Y6B6X3U6H9OO48GN4PZBKWT60R683ND1LX904YNDIOEX8A92H97S35DU2E372493Y2A213W9E1X', '1970-01-01 00:10:28', '1985-01-21 22:53:15'),
('3b12f323-3359-1787-0ca6-59a0c0702c31', '5154fc55-5c84-6e9b-dac3-9fde8866bc46', '67ba1bc5-38cd-167c-6eed-64e047f33a5b', '4Z9XODX0AQBK27568Y82ENSNK00SPF7Q96G9', '2014-06-04 07:17:26', '2014-07-19 07:43:42'),
('3f7bb059-6c87-1b53-7f6a-e0860b0602ba', '4b005b29-44e0-1e01-ef0e-1e906dfe5560', '354982da-33ec-36d6-a438-6209cd524a10', '2G5I0TXWP7KBF9C6ZDJ5U1E8W6A1SXH512J9I6X', '1973-07-01 19:21:51', '1970-01-01 00:00:18'),
('3f84bcae-3049-58d5-a256-4fc3bbeea6ea', '34adcd4b-547b-7009-69cb-9a771b60f9dd', '640a6072-4f38-7d6a-fca5-843a5c88fcbd', '6M2351N67J5FB1H4HQ', '2000-12-12 09:45:27', '1987-10-15 19:35:00'),
('4419e3b6-6dcb-722d-ef5a-dbeedbd89217', '68783df9-76d2-1b64-8026-d0b1ec00486f', '57dcd8f5-27bd-3d40-a038-6209cd524a10', 'R6H0R29O', '1974-08-30 09:46:32', '1970-01-01 00:07:38'),
('44b28091-5231-5329-cb8f-e9717deaa492', '6d2a9757-48d7-3d49-c903-bda575a10914', '23cfd3bb-54a8-5128-faa5-843a5c88fcbd', '63E58', '1970-01-01 00:00:05', '2000-08-28 19:09:17'),
('45706b02-17ac-116f-681f-62d5266e68a0', '499e5f33-3847-3f4b-e14e-3b575a39a32d', '20b0e740-7ecb-76a6-56a2-e62e635ba141', 'UH7QO0PKB3D039IJ15X1F279GRCFE91JPXNQ92EF37A01M936E51H631VYN94JGB', '2003-03-02 01:17:03', '1992-01-22 07:52:55'),
('4ca73c94-291d-73c7-954a-775f5b0c255b', '5154fc55-5c84-6e9b-dac3-9fde8866bc46', '518c0540-77aa-62a1-6fed-64e047f33a5b', '8VVB9J5P6V0D8CG90CQHDF38YJUR9785Y2OI710Y3AHCV4UMGLHYKWTB56FBEU981TE9', '1997-11-09 00:12:40', '1970-01-01 00:00:09'),
('4e86ee0c-533e-1855-671f-62d5266e68a0', '27683b01-6f8f-7bd7-d8c3-9fde8866bc46', '178f3bb1-18d2-4d19-ae14-d98a564937ec', 'G63P7D7HJMG021U1O6LZP2U507UUPN913P160L3Y27G9RN2F4F12N8J6DM91P7505U9HA8LUEO50PC3CU092EDRM', '1970-01-01 00:09:26', '1994-02-10 10:15:48'),
('4f128bf7-7cde-51c3-f35a-dbeedbd89217', '5913643d-3ef1-6fde-e44e-3b575a39a32d', '70412956-71fa-6173-55a2-e62e635ba141', '4AND5109G3314O44LELIPL30L1ELHVCDG5EFK09QPN6055FLE2048Z2U08QX3623357DITNR6D', '1970-01-01 01:48:41', '1970-01-01 00:01:33'),
('5388d57b-2c9e-6c0a-b644-6bc098520b79', '30c7316c-4da7-48d5-0d24-752070424bc8', '7a752325-295d-7229-e755-145d604bbe67', '5159646WXYSBN966V1UM', '1970-01-01 00:08:18', '1995-04-23 02:24:59'),
('54087c86-5a3b-77f9-a456-4fc3bbeea6ea', '5154fc55-5c84-6e9b-dac3-9fde8866bc46', '11c154b6-1d93-29fc-ad14-d98a564937ec', NULL, NULL, '1997-01-12 19:24:18'),
('56d97e17-4a62-3c01-b544-6bc098520b79', '5270bc92-13fe-5299-0a24-752070424bc8', '208d2f17-418c-58a3-e455-145d604bbe67', 'X140MM8BM3TWF3M99146N142Y846U564B1Q', '2000-04-29 06:26:26', '1984-07-30 11:46:10'),
('595a1661-7620-1982-0aa6-59a0c0702c31', '684104f0-23fa-66da-e54e-3b575a39a32d', '1fc8f75c-3cf8-4a1b-e555-145d604bbe67', '3ZYSXK77A2FD23DRZ6QA36797168C49Q542S', '2013-04-12 13:58:59', '1976-01-12 17:22:07'),
('676c50b7-4130-6122-b044-6bc098520b79', '49e17379-383f-2528-9871-4e63d198e188', '67ba1bc5-38cd-167c-6eed-64e047f33a5b', 'XQ8TW2O2AXPB630A8186', '1991-07-01 10:47:03', NULL),
('6ce5ae5b-7dc2-7eaf-f05a-dbeedbd89217', '5d1cdd1c-469d-1afb-f10e-1e906dfe5560', '7a752325-295d-7229-e755-145d604bbe67', 'P159X58H39', '1970-01-01 00:00:24', '1970-01-01 00:09:46'),
('6e0e23cc-5dbb-6fe0-8b0b-d111d7560dd1', '27b4c160-498c-475b-ca03-bda575a10914', '328daf7f-4b4e-67f8-df5a-068977f062a4', 'RKW62JPW', '2006-10-11 03:34:07', NULL),
('6e12e208-3a95-539a-f45a-dbeedbd89217', '55e2e3af-7db1-7659-0b24-752070424bc8', '202afa9a-722a-605b-f8a5-843a5c88fcbd', '107BH80X9ZL083WJW4', '1970-01-01 00:12:49', '1970-01-01 00:01:07'),
('6fd9cee5-30b5-5670-79ff-f8ad76748b41', '4aa22612-7544-45a6-7e16-192900f892f7', '2e9a2028-2e4e-5991-a538-6209cd524a10', 'GD5MALZ3H1943652D516QOH', '1986-01-14 23:01:52', '1970-01-01 01:51:14'),
('70701af8-7bc4-5d50-07a6-59a0c0702c31', '684104f0-23fa-66da-e54e-3b575a39a32d', '4fa78063-24ea-3bd6-e955-145d604bbe67', '97CYMZ3RZY', '2010-10-22 10:56:30', '1996-10-11 01:02:22'),
('73e731d0-5a66-755a-691f-62d5266e68a0', '78184d59-4085-4c3f-f6d8-f66e8baab1ae', '11c154b6-1d93-29fc-ad14-d98a564937ec', 'WD', '1982-06-12 16:37:51', '1990-02-10 14:18:41'),
('7536aa8e-77f4-2e74-cc8f-e9717deaa492', '37d7b6c9-21c3-44fd-f20e-1e906dfe5560', '622e3ed9-7e14-30ab-a738-6209cd524a10', 'K0Z9P', '2019-01-10 19:55:55', '2019-04-02 10:29:31'),
('7a4d803b-199b-2a42-964a-775f5b0c255b', '41af59e7-1566-694e-f2d8-f66e8baab1ae', '1d93ca31-7392-7074-fba5-843a5c88fcbd', NULL, NULL, '1992-01-14 02:13:11'),
('7b2cc0a1-7058-6971-ca8f-e9717deaa492', '6e43a968-4066-6c7b-7f26-d0b1ec00486f', '24419498-1306-4f56-fea0-920e45e35781', 'DQNBB3S2I6G6S613O37O69HQ70', '1983-07-05 07:54:25', '2003-11-26 15:31:08'),
('7c185eef-7078-4c53-816a-e0860b0602ba', '499e5f33-3847-3f4b-e14e-3b575a39a32d', '511593cd-3e30-6c98-ba83-e0bab1eae329', '94Z8JW1K8', '2021-03-05 18:41:52', '2005-11-10 00:01:39'),
('7e895323-4cec-68de-b244-6bc098520b79', '62149bf3-52fd-761f-7e26-d0b1ec00486f', '3fc12b2e-3de6-2e31-b983-e0bab1eae329', '06D328F09Q66Q4CHVA2U4CVL1', '1996-09-29 13:54:52', NULL),
('7f5a4dac-6d24-2306-09a6-59a0c0702c31', '408582ca-5daa-660a-7f16-192900f892f7', '3b55d9e5-4276-5c7a-a514-d98a564937ec', NULL, NULL, '1970-01-01 00:00:09');

-- 
-- Dumping data for table detailmoduleclass
--
INSERT INTO detailmoduleclass VALUES
('112f44cf-4800-2ee8-7f5b-5b97e23db0bb', '5d8cf4be-1db0-46b1-90fd-ed7281085324', '176d0804-36e1-789c-98c9-5ad971b19dd2', 0, 8, 1, '1984-10-27 22:23:41', '1980-07-29 18:00:03'),
('118f1de1-1ce0-652d-c6fe-7f9a08424f7b', '5c0e3c2f-1314-1895-1874-af6b0c9d8171', '354982da-33ec-36d6-a438-6209cd524a10', 9, 6, 9, '2011-02-19 22:41:34', '1970-01-01 01:37:15'),
('15874594-2513-27dc-3562-3ffc96c7e300', '585202a6-6e03-5fc1-45d4-35a726f0ef4c', '14d8cba0-3a31-274b-03a1-920e45e35781', 2, 9, 1, '1996-01-17 10:32:06', '1970-01-01 00:00:05'),
('15e44603-1997-1312-35fe-59285cca9f53', '78ec1618-3b10-13bc-1974-af6b0c9d8171', '5f3abf87-70cc-254f-e55a-068977f062a4', 6, 0, 10, '1970-01-01 00:16:33', '1988-09-08 16:03:10'),
('1683e09d-7b61-426d-4fad-bdad7b5f7d1a', '42155f79-63a5-3b1e-e39f-8dd6f6d7e4f8', '208d2f17-418c-58a3-e455-145d604bbe67', NULL, NULL, NULL, NULL, NULL),
('16bb069f-67fe-5bc7-815b-5b97e23db0bb', '584abf90-75ed-54c8-2dbf-2d1df1341b8b', '5b1c2904-7db6-4fba-e355-145d604bbe67', 3, 4, 10, '1970-01-01 00:01:40', '1970-01-01 00:00:11'),
('19c827d0-5650-30bd-eac0-f32a102323e6', '26280dfa-2c0f-3f26-78b2-6fc19c70b90a', '2148d52a-7ee7-4e94-58a2-e62e635ba141', 0, 8, NULL, '1970-01-01 00:13:13', '1995-03-02 13:06:30'),
('1f706cea-58a5-4ace-efc0-f32a102323e6', '5c0e3c2f-1314-1895-1874-af6b0c9d8171', '57dcd8f5-27bd-3d40-a038-6209cd524a10', NULL, NULL, 6, NULL, NULL),
('2090dc02-2f47-30dc-010c-72dcf4babcff', '3350b6f2-6c4e-65c3-1574-af6b0c9d8171', '45889062-4917-1cfb-f9a5-843a5c88fcbd', 5, 7, 4, '1970-01-01 00:00:08', '1970-01-01 00:05:48'),
('224fc5d2-714a-601d-edc0-f32a102323e6', '5c0e3c2f-1314-1895-1874-af6b0c9d8171', '74e97ad1-523f-7269-a714-d98a564937ec', 2, 2, 10, '2015-10-15 01:49:53', '1982-11-10 10:56:18'),
('280ee33d-11cf-7121-4ead-bdad7b5f7d1a', '732652cf-2f61-15d9-2c89-b7f541585633', '2a32739b-4bf7-7687-9ac9-5ad971b19dd2', 0, 7, 10, '1993-04-26 23:20:07', '1981-11-24 19:44:02'),
('297df6bd-76b4-28b9-1fb3-db767732063a', '732652cf-2f61-15d9-2c89-b7f541585633', '208d2f17-418c-58a3-e455-145d604bbe67', 4, 1, 0, '1991-04-28 19:30:59', '1970-01-01 00:01:28'),
('2dc25166-685c-4bc3-dd49-fe4bedd9e894', '585202a6-6e03-5fc1-45d4-35a726f0ef4c', '6d705737-196d-49fe-fca0-920e45e35781', 3, 3, 10, '1992-12-20 15:35:44', '1973-07-24 12:38:42'),
('2e27c476-1dcf-3993-de49-fe4bedd9e894', '73a00f62-412c-14ce-31bf-2d1df1341b8b', '357d9400-7176-3843-e35a-068977f062a4', 6, 7, 6, '1970-01-01 00:00:58', '2004-09-12 02:48:08'),
('2e6e9853-1d4c-4072-6910-dde5fda516a2', '1283753d-5374-5932-8ffd-ed7281085324', '2481ba72-5124-1bf4-aa14-d98a564937ec', 9, 3, NULL, '1970-01-01 00:00:40', '2014-11-23 20:48:06'),
('309bf510-42f8-3738-ff0b-72dcf4babcff', '63e5935e-5bcc-2a98-2ebf-2d1df1341b8b', '6f5f2342-79a7-442f-e75a-068977f062a4', 1, 10, 3, '1974-01-03 00:51:56', '1978-12-20 11:20:06'),
('318855d2-3323-4399-36fe-59285cca9f53', '78cdd455-661c-1415-77b2-6fc19c70b90a', '4568909e-1ae1-15c1-00a1-920e45e35781', 8, 2, 1, '1979-12-15 10:53:10', '1997-08-09 19:06:11'),
('33a81eda-5ab3-12fa-805b-5b97e23db0bb', '584abf90-75ed-54c8-2dbf-2d1df1341b8b', '7d5623a9-4e40-7ba2-8ec9-5ad971b19dd2', 3, 3, NULL, '1970-01-01 02:23:33', '1980-01-29 06:01:05'),
('34c378fc-7884-3838-c8fe-7f9a08424f7b', '7d22876a-7262-128c-43d4-35a726f0ef4c', '18479bcb-6114-3678-a638-6209cd524a10', 9, 3, 3, '1970-01-01 00:06:37', '1970-01-01 00:10:48'),
('358ac342-2644-437f-37fe-59285cca9f53', '52d28f11-7311-4d89-2b89-b7f541585633', '7bc13f1c-3285-6ffa-ffa0-920e45e35781', 8, 7, NULL, '1970-01-01 00:01:21', '1977-11-01 08:42:29'),
('36cb9961-5501-1ddb-030c-72dcf4babcff', '3d1077c3-4217-1128-345a-5dc145ca32c0', '4a8249cc-5018-3a6f-e855-145d604bbe67', 7, 7, 7, '2003-10-12 21:31:18', '1970-01-01 00:01:12'),
('38589430-7e99-4212-c7fe-7f9a08424f7b', '585202a6-6e03-5fc1-45d4-35a726f0ef4c', '6742609a-58bf-77bd-91c9-5ad971b19dd2', 5, 1, 0, '1996-05-11 07:06:12', '2000-07-18 09:42:49'),
('3af97028-144d-3632-fe0b-72dcf4babcff', '27ce8f87-70fb-4abf-2d89-b7f541585633', '1a17ba6a-5f66-706f-faa0-920e45e35781', 1, 5, 10, '2003-04-20 17:27:49', '2005-02-20 08:23:42'),
('3b880afd-77ba-69c9-6510-dde5fda516a2', '68a7deef-78e5-3a2a-355a-5dc145ca32c0', '6d583218-2369-1a65-99c9-5ad971b19dd2', 1, 3, 9, '1985-06-26 13:40:57', '1987-05-08 08:01:43'),
('3cac9e93-6ba9-5ebf-1cb3-db767732063a', '3350b6f2-6c4e-65c3-1574-af6b0c9d8171', '4e8cb785-79bd-5f04-94c9-5ad971b19dd2', 10, 9, 0, '1975-04-03 20:34:39', '1980-07-13 04:53:22'),
('414ed551-3821-5bf9-000c-72dcf4babcff', '1283753d-5374-5932-8ffd-ed7281085324', '178f3bb1-18d2-4d19-ae14-d98a564937ec', 0, 3, 5, '2016-03-14 15:22:21', '1991-02-02 06:01:25'),
('438f4bc8-43a0-3f54-e9c0-f32a102323e6', '4679edcd-3f0a-6386-8dfd-ed7281085324', '178f3bb1-18d2-4d19-ae14-d98a564937ec', 6, 4, 3, '1998-04-12 03:49:26', '1987-06-17 03:19:26'),
('43f5f8ae-4be1-6999-e049-fe4bedd9e894', '584abf90-75ed-54c8-2dbf-2d1df1341b8b', '4568909e-1ae1-15c1-00a1-920e45e35781', 0, 4, 2, '1971-03-27 11:04:16', '1999-10-08 03:12:34'),
('456472c5-1dea-46c7-ecc0-f32a102323e6', '4d1a3246-4106-3961-47d4-35a726f0ef4c', '2c33b468-52ec-79fd-eb55-145d604bbe67', 10, NULL, 6, '2010-09-05 01:47:50', NULL),
('456a2b61-66b9-7bd0-1eb3-db767732063a', '29b9e885-31c8-49e5-1474-af6b0c9d8171', '6742609a-58bf-77bd-91c9-5ad971b19dd2', 7, 7, 4, '2004-06-04 19:18:39', '1996-03-15 22:35:57'),
('49043fd4-1c33-787d-e149-fe4bedd9e894', '1cfff8e1-7172-53cd-cd54-0f2512404bdf', '1abcdf0a-294f-6936-70ed-64e047f33a5b', 8, 5, 10, '1979-04-18 08:54:32', '1972-05-06 14:46:11'),
('4f610a3d-21c1-4b2b-c4fe-7f9a08424f7b', '6146aa2c-1352-7c93-e19f-8dd6f6d7e4f8', '357d9400-7176-3843-e35a-068977f062a4', 5, 4, 8, '1970-01-01 00:00:04', '2019-07-30 10:11:37'),
('4f98f660-3ec5-3d95-ebc0-f32a102323e6', '78ec1618-3b10-13bc-1974-af6b0c9d8171', '328daf7f-4b4e-67f8-df5a-068977f062a4', 6, 5, 4, '1971-08-21 12:53:51', '1970-01-01 00:00:04'),
('4fe5ee09-2c89-580a-dc49-fe4bedd9e894', '35c94ecf-31c9-4c2b-2cbf-2d1df1341b8b', '2df43e0f-49b4-6bef-02a1-920e45e35781', 3, 6, 4, '1970-12-09 02:50:12', '1991-01-31 01:50:15'),
('50bc39ab-4fc6-2533-1db3-db767732063a', '596a784a-1280-53ab-df9f-8dd6f6d7e4f8', '4568909e-1ae1-15c1-00a1-920e45e35781', 5, 10, 6, '1970-01-01 00:00:01', '1996-08-26 21:10:07'),
('52fc3a07-2372-59a0-eec0-f32a102323e6', '7ff6d971-2e0e-4fa3-1a0f-df0f613299a6', '277df9d1-5e6c-7385-ec55-145d604bbe67', 5, 4, 6, '1970-01-01 00:00:10', '1983-01-09 23:02:46'),
('541c96a6-4e24-27fe-6610-dde5fda516a2', '29b9e885-31c8-49e5-1474-af6b0c9d8171', '4fc8f3c5-5db9-5666-04a1-920e45e35781', 0, 5, 2, '1990-03-04 20:49:56', '2021-05-20 01:25:02'),
('593b1687-2168-1248-825b-5b97e23db0bb', '7a69ae9c-561e-58c1-30bf-2d1df1341b8b', '6f6a13be-25e0-379e-bc83-e0bab1eae329', 3, 4, 4, '2009-05-23 10:27:16', '1970-01-01 00:24:42'),
('593e4522-6250-578f-c9fe-7f9a08424f7b', '6077820c-62de-41d4-44d4-35a726f0ef4c', '62e87ae1-4739-4e39-90c9-5ad971b19dd2', NULL, NULL, 0, NULL, NULL),
('5af1f347-6ae6-15e3-040c-72dcf4babcff', '1283753d-5374-5932-8ffd-ed7281085324', '609e9317-2aa3-5db6-a614-d98a564937ec', 8, 0, 0, '1995-10-18 11:45:24', '1970-01-01 00:00:26'),
('5eb78adb-60fd-65e0-c5fe-7f9a08424f7b', '364a12ae-640c-153b-1674-af6b0c9d8171', '35674039-396c-2d6d-6ced-64e047f33a5b', 1, 1, 8, '1970-01-01 00:09:49', '1985-10-21 22:50:03'),
('604cff79-495d-779b-6810-dde5fda516a2', '1ae68a9e-6247-74d0-1b0f-df0f613299a6', '39506999-2a2b-3fd2-01a6-843a5c88fcbd', 7, 0, 5, '1970-01-01 02:07:36', '1993-07-27 00:32:30'),
('61e3cc06-6237-222a-7e5b-5b97e23db0bb', '596a784a-1280-53ab-df9f-8dd6f6d7e4f8', '3fc12b2e-3de6-2e31-b983-e0bab1eae329', 9, 2, 1, '1970-01-01 01:40:13', '1970-01-01 00:00:03'),
('712b2b28-7bf7-5852-4dad-bdad7b5f7d1a', '78cdd455-661c-1415-77b2-6fc19c70b90a', '4e8cb785-79bd-5f04-94c9-5ad971b19dd2', 1, 7, 6, '1979-11-30 00:06:31', '2006-08-10 00:42:14'),
('73b4303a-1d86-4f9c-6710-dde5fda516a2', '29b9e885-31c8-49e5-1474-af6b0c9d8171', '20b0e740-7ecb-76a6-56a2-e62e635ba141', 10, 4, 2, '1986-03-25 14:44:24', '1983-11-14 14:07:22'),
('7461553a-1f2b-56a6-e8c0-f32a102323e6', '732652cf-2f61-15d9-2c89-b7f541585633', '11c154b6-1d93-29fc-ad14-d98a564937ec', 1, 2, 7, '1970-01-01 00:00:02', '2008-11-27 12:25:14'),
('772ebe29-5de4-27dd-020c-72dcf4babcff', '29b9e885-31c8-49e5-1474-af6b0c9d8171', '2c33b468-52ec-79fd-eb55-145d604bbe67', 5, 5, 4, '2021-08-17 14:45:45', '2008-02-12 02:28:25'),
('791677d3-77fe-14fe-34fe-59285cca9f53', '585202a6-6e03-5fc1-45d4-35a726f0ef4c', '61ed308a-600d-24dc-e65a-068977f062a4', NULL, 9, 3, NULL, '2009-03-29 21:26:57'),
('79294463-52de-35c3-3662-3ffc96c7e300', '7d22876a-7262-128c-43d4-35a726f0ef4c', '61ed308a-600d-24dc-e65a-068977f062a4', NULL, 1, 0, NULL, '1994-03-01 15:24:48'),
('7ff9041f-3bbc-63a0-df49-fe4bedd9e894', '78cdd455-661c-1415-77b2-6fc19c70b90a', '7a752325-295d-7229-e755-145d604bbe67', 0, NULL, 1, '2011-03-04 20:08:30', NULL);

-- 
-- Dumping data for table attendance
--
INSERT INTO attendance VALUES
('11452b0c-768e-5ff7-0d63-eeb1d8ed8cef', '455b0c88-5e2b-4af8-53a2-e62e635ba141', '2018-08-25 11:31:59', '2014-09-07 17:21:36', 'Quo et consectetur. Omnis dolorem delectus quo corporis suscipit officiis; incidunt saepe vel nostrum ex et sed.', '1990-02-25', '1998-08-08', '7b6ec0e1-5ceb-215b-8557-288fb12aa91d', 0, '16560e4a-7d2b-7510-22fa-3a13575a692a', '6e43a968-4066-6c7b-7f26-d0b1ec00486f'),
('1152da18-24d8-65b6-0380-e8e2a817c80e', '1685c7b1-5633-1a18-ab14-d98a564937ec', '2018-01-01 02:45:15', '2000-10-19 21:00:57', NULL, NULL, NULL, '1e1de8cc-2654-6c82-56bc-31d980fd0cf2', 0, '4673385d-4a73-1a94-9af6-c5161989a451', '73007af7-29e5-4b65-f00e-1e906dfe5560'),
('11f7089b-33e6-371a-f817-7000f455f3d5', '354982da-33ec-36d6-a438-6209cd524a10', '2020-12-01 21:33:15', '2018-01-18 00:43:40', 'Quod et non ab debitis quos totam.', '1994-07-08', '1991-03-20', '484aa47c-6e9b-6614-55bc-31d980fd0cf2', 1, '1de270c2-21d9-6bac-06af-bc6172c2cf10', '5b92e0b2-5f67-7a21-ee0e-1e906dfe5560'),
('142cb08f-7c31-21fa-8e90-67245e8b283e', '1685c7b1-5633-1a18-ab14-d98a564937ec', '2018-01-01 00:07:13', '1970-01-01 00:00:04', 'Praesentium excepturi architecto ipsum possimus. Dolore molestiae omnis nihil. Aliquid perspiciatis qui. Ea sed nam; accusantium ipsam ut. Soluta.', '1971-03-09', '1970-01-04', '7b6ec0e1-5ceb-215b-8557-288fb12aa91d', 0, '577ccc41-6a96-524d-3341-b2aafff3dd82', '62149bf3-52fd-761f-7e26-d0b1ec00486f'),
('14c0ce35-1687-459c-1acb-66948daf6128', '35674039-396c-2d6d-6ced-64e047f33a5b', '2018-02-05 10:09:30', '1970-01-01 00:16:31', 'Iure sit excepturi fugit omnis natus adipisci. Natus consequatur minima eos ea necessitatibus sapiente.', '1970-04-08', '1988-06-21', '40f03bea-4909-7259-cd21-899d690d4046', 0, '5fdd1b7d-558c-223b-686f-7389f2b617cd', '57cb4550-6c6b-413c-d5c3-9fde8866bc46'),
('17120d02-6ab5-3e43-18cb-66948daf6128', '357d9400-7176-3843-e35a-068977f062a4', '2019-05-31 13:41:19', '1997-04-02 11:30:42', 'Neque amet ut. Natus quis ratione. Itaque tempore ut. Enim impedit magnam. Quo consectetur temporibus! Excepturi debitis perspiciatis. Quis et expedita!', '2019-09-03', '2007-02-17', '594135ce-4663-34d7-6a0c-aaddcc920f04', 0, '253bdb4a-3ce3-3cd3-85fd-5df4fd824cb1', '7708e626-6335-4193-cd03-bda575a10914'),
('1ded3dd7-32db-5bc9-9190-67245e8b283e', '208d2f17-418c-58a3-e455-145d604bbe67', '2018-01-01 00:01:23', '1970-01-01 00:57:34', 'Quaerat doloremque sunt quo optio perspiciatis omnis. Qui alias ut consectetur reprehenderit rerum est!', '2010-03-30', '2001-12-08', '651740f1-557b-75cc-690c-aaddcc920f04', 0, '2094ddfb-4ba5-4990-07af-bc6172c2cf10', '73007af7-29e5-4b65-f00e-1e906dfe5560'),
('1f22399e-14b4-5c2b-8132-6a1673ffca7c', '1fc8f75c-3cf8-4a1b-e555-145d604bbe67', '2021-10-22 08:31:12', '1970-01-01 00:00:04', 'Odit hic sit. Rem dolor recusandae possimus dolorum eveniet officiis. Quisquam molestiae a quia consectetur. Culpa autem deserunt odit ut.', '1981-12-17', '2013-02-15', '7a521a35-443e-7a56-d021-899d690d4046', 0, '527ba4f8-7308-3b9e-84fd-5df4fd824cb1', '65c90dff-3180-5f83-c803-bda575a10914'),
('1f74cd3f-6de4-5324-0180-e8e2a817c80e', '3fe32a2b-64fa-7221-a338-6209cd524a10', '2019-11-28 22:53:39', '1995-03-22 01:42:05', 'Corrupti aliquam ut enim blanditiis et officia.', '1970-01-05', '1979-04-23', '2fe83cf5-3889-3345-b8c6-efcda611ce70', 0, '43fcabf5-19b3-578f-1cf6-33f91a5c4469', '57866244-2be0-2b45-0c24-752070424bc8'),
('1f8d7e46-1d1e-335f-79dd-867949feb8b5', '7bc13f1c-3285-6ffa-ffa0-920e45e35781', '2021-10-01 19:00:03', '2010-02-14 03:33:41', 'Quia et soluta. Quis error ullam! Neque possimus voluptatem. Dolor enim omnis. Repellat aperiam quis; eligendi et laudantium; explicabo laborum aliquid.', '1982-07-27', '1971-10-29', '33d07a86-17b6-62eb-b7c6-efcda611ce70', 1, '1651152a-3050-64cf-1df6-33f91a5c4469', '55e2e3af-7db1-7659-0b24-752070424bc8'),
('205a3e0a-13fe-3557-8232-6a1673ffca7c', '1685c7b1-5633-1a18-ab14-d98a564937ec', '2019-07-27 23:43:38', '1970-01-01 00:00:38', NULL, NULL, '1987-01-20', '6c0c7f20-30e8-6965-8457-288fb12aa91d', 1, '231038f6-3d22-2cf9-1bf6-33f91a5c4469', '159bcc53-758d-4626-d9c3-9fde8866bc46'),
('24629593-3d34-32fd-997d-e8c757976496', '57f6af92-7a83-1ba4-e45a-068977f062a4', '2018-01-01 00:01:38', '1974-11-20 12:39:47', 'Voluptatem sit quod. Dolore et rerum! Aut sunt totam; assumenda nesciunt natus. Excepturi sit praesentium! Earum quia inventore; ipsa ullam sed. Sit!', '1970-03-29', '2001-09-28', '7a089f27-727a-703c-8757-288fb12aa91d', 1, '3ab47389-604a-5e31-3241-b2aafff3dd82', '5154fc55-5c84-6e9b-dac3-9fde8866bc46'),
('247986de-4165-651a-9490-67245e8b283e', '640a6072-4f38-7d6a-fca5-843a5c88fcbd', '2020-11-25 18:18:12', '1981-12-24 00:41:41', 'Modi aut harum sint quia sint est.', '2014-12-09', '1985-08-10', '5b7d9a55-64da-696a-b6c6-efcda611ce70', 1, '354eb03e-53cc-1a96-696f-7389f2b617cd', '5154fc55-5c84-6e9b-dac3-9fde8866bc46'),
('284ccb05-337b-7e6f-9090-67245e8b283e', '62e87ae1-4739-4e39-90c9-5ad971b19dd2', '2018-01-01 00:15:42', '2009-12-12 19:09:36', 'In sed consequatur soluta sit voluptates ut. Hic error officiis. Tenetur culpa quidem numquam; sunt voluptatem optio accusantium? Asperiores magnam culpa.', '1981-08-21', '1970-01-25', '576e2207-5363-252a-6f0c-aaddcc920f04', 0, '1651152a-3050-64cf-1df6-33f91a5c4469', '6aa2c193-6ac7-7bbe-cc03-bda575a10914'),
('2b850d3d-6722-3f01-1bcb-66948daf6128', '2df43e0f-49b4-6bef-02a1-920e45e35781', '2020-02-21 20:56:10', '2019-07-27 11:13:30', 'Et quis aut. Ea neque repellat? Temporibus et quaerat. Sit facilis blanditiis! Perferendis quisquam saepe. Fuga animi voluptatem; unde ut quidem. Quam facere!', '1979-09-14', '1970-01-13', '651740f1-557b-75cc-690c-aaddcc920f04', 1, '4a659997-6b2b-22bc-83ab-476534f10a38', '446a1d5f-7493-73ca-f5d8-f66e8baab1ae'),
('2bbbd485-6df2-536a-7e32-6a1673ffca7c', '2a32739b-4bf7-7687-9ac9-5ad971b19dd2', '2021-01-16 06:43:18', '1989-12-09 06:32:14', 'Aut et aut. Animi delectus tenetur! Cum omnis consequatur? Explicabo ut et! Facilis aliquam aspernatur. Qui labore facilis. Ad nesciunt pariatur! Nisi.', '1970-03-05', '1989-08-07', '33d07a86-17b6-62eb-b7c6-efcda611ce70', 0, '6e8abf33-27e5-25ce-1af6-33f91a5c4469', '408582ca-5daa-660a-7f16-192900f892f7'),
('2bf413d3-7a2c-217a-78dd-867949feb8b5', '14d8cba0-3a31-274b-03a1-920e45e35781', '2019-03-06 06:32:06', '2004-05-04 09:43:01', 'Exercitationem aliquam incidunt. Quod quidem rem; quae voluptatem incidunt. Inventore et architecto. Eum dolorem necessitatibus! Necessitatibus qui molestias.', '1972-04-05', '1991-05-12', '4ba6fc11-54f6-55a0-57bc-31d980fd0cf2', 0, '51a06650-1b0b-7ceb-7aba-f13ad74eb1e6', '38ce3110-3af5-62f0-d7c3-9fde8866bc46'),
('2dcedb9c-6c32-7d27-977d-e8c757976496', '365515e2-1ea2-572e-ffa5-843a5c88fcbd', '2021-11-04 01:42:35', '1970-01-01 00:00:25', 'Sit sed exercitationem. Sit quia doloremque. Perspiciatis est rerum! Neque fugit tempora? Sed repellat sit. Minima voluptas expedita. Ut beatae id. Quam!', '1980-10-12', '1983-05-07', '65f845dc-203d-72b9-8857-288fb12aa91d', 0, '47384887-76ca-1303-21fa-3a13575a692a', '2a438a5c-7ac6-41bd-66cb-9a771b60f9dd'),
('2de001fe-529b-33ad-0280-e8e2a817c80e', '67ba1bc5-38cd-167c-6eed-64e047f33a5b', '2020-02-08 11:13:27', '1970-01-01 00:10:02', 'Alias molestiae omnis natus. Tenetur consequatur iusto natus. Autem molestiae architecto aut consequatur. Qui quis odio qui dolorum voluptatem.', '2020-01-20', '2009-09-23', '2f1d5a67-158c-1993-4271-b3279c6573d8', 0, '1289dfbc-6f72-491d-7fba-f13ad74eb1e6', '1947c942-7f63-267d-d6c3-9fde8866bc46'),
('2fb0b105-7808-503a-76dd-867949feb8b5', '7bc13f1c-3285-6ffa-ffa0-920e45e35781', '2021-08-10 04:00:42', '1998-05-28 11:58:37', NULL, NULL, '2004-03-26', '651740f1-557b-75cc-690c-aaddcc920f04', 0, '354eb03e-53cc-1a96-696f-7389f2b617cd', '67ef3e92-4807-3a27-68cb-9a771b60f9dd'),
('30c8ee28-58a3-22f2-5e92-08c864661f9c', '13421b78-3145-4f67-bd83-e0bab1eae329', '2018-12-16 21:26:42', '2000-03-18 04:49:46', NULL, NULL, '1970-01-04', '484aa47c-6e9b-6614-55bc-31d980fd0cf2', 1, '7dd07f61-79aa-65b9-99f6-c5161989a451', '1aa4e297-5c74-76c5-67cb-9a771b60f9dd'),
('34cde64f-62e4-186c-77dd-867949feb8b5', '2a32739b-4bf7-7687-9ac9-5ad971b19dd2', '2018-01-01 01:00:18', '2003-11-06 04:25:14', 'Ullam praesentium consequuntur. Mollitia nisi debitis alias! Eligendi iusto eius atque ut? Possimus quasi praesentium rerum qui nobis illum.', '1978-06-13', '1972-09-17', '57b007ed-2ede-2cad-680c-aaddcc920f04', 0, '38a926be-331d-2a02-82ab-476534f10a38', '446a1d5f-7493-73ca-f5d8-f66e8baab1ae'),
('3599ef50-13ed-5404-0e63-eeb1d8ed8cef', '5b1c2904-7db6-4fba-e355-145d604bbe67', '2018-01-01 00:01:28', '1983-06-12 10:19:59', 'Natus et quas. Modi accusamus unde. Nesciunt eaque in! Nesciunt dicta ipsa. Facilis amet enim! Sunt ut sed. Molestiae dolores consequatur! Aut quia rem.', '2009-10-01', '1986-03-12', '33d07a86-17b6-62eb-b7c6-efcda611ce70', 1, '177fb324-4faf-60b4-19f6-33f91a5c4469', '6e43a968-4066-6c7b-7f26-d0b1ec00486f'),
('3f66f2d6-688b-4161-5f92-08c864661f9c', '176d0804-36e1-789c-98c9-5ad971b19dd2', '2018-01-23 16:01:21', '1994-02-26 09:45:36', 'Ea veritatis et vero amet qui nemo.', '1980-09-08', '1982-05-08', '2f1d5a67-158c-1993-4271-b3279c6573d8', 0, '7f95fa10-6133-5ac6-9cf6-c5161989a451', '5b92e0b2-5f67-7a21-ee0e-1e906dfe5560'),
('404fe340-1fd3-414b-aadb-e5d54223c257', '5a8402ff-3d29-399c-e255-145d604bbe67', '2019-01-12 16:41:36', '1970-01-01 02:09:09', 'Omnis numquam aut voluptatem dolor minima non. Quia vitae sed! Ut inventore et. Doloremque illo molestiae. Dolorum ut commodi. Et ut minima.', '1970-03-24', '1979-06-16', '74267fb0-26fd-6153-6d0c-aaddcc920f04', 0, '253bdb4a-3ce3-3cd3-85fd-5df4fd824cb1', '4d3a7261-67f6-635a-9771-4e63d198e188'),
('4577565a-7e3e-493a-74dd-867949feb8b5', '51f286c6-7278-7514-ea55-145d604bbe67', '2021-08-04 20:47:15', '1999-11-26 06:48:27', 'Et dolorem minus. Quasi non nesciunt! Minus alias suscipit. Laboriosam tenetur consectetur. Quia eaque enim! Minus nam vel. Voluptatum veniam fuga. Ipsum.', '2019-11-15', '1999-05-12', '456d15c3-2390-3839-54bc-31d980fd0cf2', 1, '2094ddfb-4ba5-4990-07af-bc6172c2cf10', '159bcc53-758d-4626-d9c3-9fde8866bc46'),
('469b3ece-744a-45d5-957d-e8c757976496', '5106edd8-627a-3633-a914-d98a564937ec', '2018-11-16 19:32:30', '2000-03-02 00:34:13', 'Quam odit provident dolor. Natus error velit consequatur hic vero ut! Est nemo molestiae adipisci qui quia ipsam.', '2003-09-07', '1979-06-12', '3cc8b7e5-7edd-5f52-3f71-b3279c6573d8', 0, '7dd07f61-79aa-65b9-99f6-c5161989a451', '4e218fcc-2ba5-6c47-7d16-192900f892f7'),
('46f514e3-3598-177c-6192-08c864661f9c', '32f03117-55d0-5b39-ac14-d98a564937ec', '2021-05-08 10:12:36', '1970-01-01 00:05:07', 'Voluptatem fugit tenetur omnis tenetur dolorum rerum; itaque dolor laudantium dolor dolore aut quisquam.', '2019-10-07', NULL, '4ba6fc11-54f6-55a0-57bc-31d980fd0cf2', 0, '128131da-6c14-137a-9df6-c5161989a451', '6aa2c193-6ac7-7bbe-cc03-bda575a10914'),
('4760d71f-6e2f-5b32-19cb-66948daf6128', '3b55d9e5-4276-5c7a-a514-d98a564937ec', '2020-09-28 05:23:16', '1970-01-01 00:10:39', 'Quas nam ut facilis. Omnis dicta aut non ut iste deserunt; et laboriosam corporis unde est voluptatem fugit.', '2017-08-23', '2020-10-23', '5534415e-7a6f-5935-cf21-899d690d4046', 0, '1bb2a619-74a2-7994-80ab-476534f10a38', '3f866cf6-3b4f-2077-f4d8-f66e8baab1ae'),
('47f60f67-6087-2a86-abdb-e5d54223c257', '6d705737-196d-49fe-fca0-920e45e35781', '2020-12-12 11:39:48', '1987-01-17 01:42:51', 'Quasi et quaerat consectetur veniam itaque non; eveniet quae nulla perspiciatis quas nobis iure. Est eveniet voluptatem mollitia! Est alias modi.', '1979-11-27', '1975-07-26', '2f1af7ed-6b8c-7f7e-e56c-074f4ea5d95f', 1, '25b78a62-529c-424b-9bf6-c5161989a451', '5270bc92-13fe-5299-0a24-752070424bc8'),
('4d7b21db-2e02-12b7-a9db-e5d54223c257', '4fa78063-24ea-3bd6-e955-145d604bbe67', '2021-01-24 23:16:09', '2018-11-06 06:46:19', 'Sit doloribus aspernatur consectetur reprehenderit. Ea voluptas enim. Omnis distinctio alias. Ut qui quasi ullam vitae voluptates adipisci.', '1972-07-30', '1994-01-01', '1d5853de-4aae-6b99-eb58-5feba856b5c4', 1, '5fdd1b7d-558c-223b-686f-7389f2b617cd', '5d1cdd1c-469d-1afb-f10e-1e906dfe5560'),
('4e272fc4-7875-78d6-7d32-6a1673ffca7c', '3ac07a2c-5adc-73a3-e15a-068977f062a4', '2021-06-03 06:01:22', '1970-01-01 00:00:08', 'Qui tempora nisi similique laboriosam illum nesciunt. Unde similique omnis voluptatem sit nisi ipsum. Illum accusantium sit quia quidem; in et fuga.', '1999-04-06', '1970-01-08', '2a5fcc22-310c-24fa-d10d-e139c4be1bab', 0, '625581b0-65c3-204b-08af-bc6172c2cf10', '4b005b29-44e0-1e01-ef0e-1e906dfe5560'),
('5608f456-3b97-2e05-5d92-08c864661f9c', '71e78dc3-2bed-3dcd-96c9-5ad971b19dd2', '2018-01-01 00:05:13', '1970-01-01 00:00:10', 'Possimus veritatis aut pariatur sapiente error. Necessitatibus sed ipsa. Sed sint unde! Doloremque omnis saepe. Qui magnam voluptatem? Perferendis quia.', '1986-09-24', '2004-10-17', '4720e2d7-1631-12bf-e76c-074f4ea5d95f', 1, '57678761-6952-2fd0-0aaf-bc6172c2cf10', '27b4c160-498c-475b-ca03-bda575a10914'),
('5660d465-6020-48f3-75dd-867949feb8b5', '35674039-396c-2d6d-6ced-64e047f33a5b', '2021-07-06 06:25:20', '1995-11-01 02:46:44', 'Voluptatibus omnis corrupti ipsam. Fugit corrupti molestiae odit cupiditate vero quo. Fuga et quos voluptatibus natus maxime. Enim quae et!', '1974-07-30', '1971-02-19', '3c5a8191-7a79-6b13-e96c-074f4ea5d95f', 0, '5fdd1b7d-558c-223b-686f-7389f2b617cd', '623ceff1-30e1-3564-cb03-bda575a10914'),
('59d19422-6657-452e-a7db-e5d54223c257', '3fc12b2e-3de6-2e31-b983-e0bab1eae329', '2018-01-01 00:01:04', '1989-09-23 23:35:07', NULL, NULL, '1986-01-11', '53472a3d-4ff2-64f2-cf0d-e139c4be1bab', 0, '3ab47389-604a-5e31-3241-b2aafff3dd82', '623ceff1-30e1-3564-cb03-bda575a10914'),
('5ae2d70b-201d-3e23-7f32-6a1673ffca7c', '2f915d16-6bd1-4ceb-c283-e0bab1eae329', '2020-01-17 11:55:55', '1970-01-01 02:25:46', 'Consectetur accusamus ut omnis ex aliquid rem.', '1979-08-08', '1974-05-02', '5b7d9a55-64da-696a-b6c6-efcda611ce70', 0, '5ba6f651-1493-165e-3541-b2aafff3dd82', '4aa22612-7544-45a6-7e16-192900f892f7'),
('5b2fcdf5-2050-7cb2-8f90-67245e8b283e', '14d8cba0-3a31-274b-03a1-920e45e35781', '2018-01-01 00:00:05', '1970-01-01 00:56:40', 'Sit nihil autem. Ut velit repellat eaque non perspiciatis unde? Eos nostrum amet eum qui ea aut.', '1987-11-26', '1971-10-01', '730067cc-6c82-1f77-52bc-31d980fd0cf2', 0, '2ff29c82-5e18-3d08-98f6-c5161989a451', '62149bf3-52fd-761f-7e26-d0b1ec00486f'),
('61a45b9e-55c1-3dbb-f917-7000f455f3d5', '5b1c2904-7db6-4fba-e355-145d604bbe67', '2018-01-01 00:02:22', '1998-12-13 09:01:14', 'Exercitationem culpa nostrum nesciunt voluptate. Molestiae consectetur eligendi sit ut enim nobis. Hic amet adipisci. Mollitia quia dicta. Et quibusdam sed.', '1972-09-19', NULL, '13b239e2-3f48-7952-6e0c-aaddcc920f04', 1, '527ba4f8-7308-3b9e-84fd-5df4fd824cb1', '46e3cf6c-6cd6-7c12-ed0e-1e906dfe5560'),
('6429b0f4-1391-7f32-9390-67245e8b283e', '45889062-4917-1cfb-f9a5-843a5c88fcbd', '2020-07-22 08:44:44', '1983-08-21 05:21:29', 'Reprehenderit facilis ut iusto sed impedit. Maiores qui quidem! Molestias est officiis; qui eaque praesentium omnis? Aut id ut rerum dolorem enim voluptatem.', '1974-10-13', '1984-03-30', '58c644a0-69d9-1b66-e66c-074f4ea5d95f', 1, '128131da-6c14-137a-9df6-c5161989a451', '68783df9-76d2-1b64-8026-d0b1ec00486f'),
('645f2e5c-7670-66a0-6092-08c864661f9c', '32f03117-55d0-5b39-ac14-d98a564937ec', '2019-08-17 11:21:00', '1970-01-01 00:00:13', 'Obcaecati nihil nam quo optio. Dolorum molestiae ut veritatis. Ut animi non ullam aperiam! Autem officiis quia illo vero officiis odio. Assumenda quisquam.', '1999-03-05', '1970-02-07', '484aa47c-6e9b-6614-55bc-31d980fd0cf2', 1, '7d5f0e64-40c2-3d26-7cba-f13ad74eb1e6', '62149bf3-52fd-761f-7e26-d0b1ec00486f'),
('6764ab86-6fcc-2757-8032-6a1673ffca7c', '39506999-2a2b-3fd2-01a6-843a5c88fcbd', '2021-11-06 06:06:00', '2019-07-23 07:45:48', 'Nesciunt magnam iure error iste perspiciatis ut.', '1970-11-09', '1970-01-10', '456d15c3-2390-3839-54bc-31d980fd0cf2', 0, '47384887-76ca-1303-21fa-3a13575a692a', '6aa2c193-6ac7-7bbe-cc03-bda575a10914'),
('68478414-705a-2626-5c92-08c864661f9c', '2e9a2028-2e4e-5991-a538-6209cd524a10', '2018-01-01 00:00:01', '1970-01-01 00:01:06', 'Nulla quas aut. Consequatur quis quia. Velit enim quidem! Et ab eaque. Voluptates ea sint. Magnam distinctio omnis. Corporis excepturi enim.', '2012-03-31', '1995-11-16', '5b7d9a55-64da-696a-b6c6-efcda611ce70', 0, '231038f6-3d22-2cf9-1bf6-33f91a5c4469', '41af59e7-1566-694e-f2d8-f66e8baab1ae'),
('6916f8cf-1279-16d8-9290-67245e8b283e', '5f3abf87-70cc-254f-e55a-068977f062a4', '2021-08-06 09:59:20', '1983-04-11 07:28:15', 'Distinctio modi in. Vitae neque ut in. Rerum quisquam iusto et! Sunt unde nostrum adipisci voluptatem veritatis perspiciatis. Animi iste expedita. Et eum.', '2020-07-29', '1982-02-18', '6374f2e2-3c51-1584-4171-b3279c6573d8', 0, '177fb324-4faf-60b4-19f6-33f91a5c4469', '6aa2c193-6ac7-7bbe-cc03-bda575a10914'),
('69cdb3c5-55bc-2a7a-9a7d-e8c757976496', '6f5f2342-79a7-442f-e75a-068977f062a4', '2021-10-09 09:17:36', '1995-03-06 16:53:45', 'Blanditiis vel ex ducimus molestias dolorem iste.', '1972-06-27', '1989-09-12', '58c644a0-69d9-1b66-e66c-074f4ea5d95f', 1, '2010c0d0-27a9-34a1-9d48-dca5e21ae6ca', '65c90dff-3180-5f83-c803-bda575a10914'),
('6a4d99cd-242a-6200-7add-867949feb8b5', '45889062-4917-1cfb-f9a5-843a5c88fcbd', '2019-09-08 06:37:09', '1970-01-01 00:07:20', 'Assumenda voluptatibus iste et. Deleniti praesentium velit libero qui in rem. Similique tempora praesentium quas quis corporis rem.', '1970-05-22', NULL, '27d1c722-52fb-2380-d20d-e139c4be1bab', 0, '3ab243c8-71b2-763b-7bba-f13ad74eb1e6', '30c7316c-4da7-48d5-0d24-752070424bc8'),
('7623d42f-35f4-1ce5-987d-e8c757976496', '202afa9a-722a-605b-f8a5-843a5c88fcbd', '2018-07-28 04:18:24', '1993-03-04 22:29:05', 'Sequi nesciunt repellat. Qui voluptas nesciunt? A repudiandae quaerat! Ut fuga laboriosam; optio sit optio; qui et ut. Fuga consequatur ut. Sunt officiis?', '1982-10-12', '1993-12-11', '40f03bea-4909-7259-cd21-899d690d4046', 0, '153b0139-64d0-46b6-86fd-5df4fd824cb1', '6d6fe6f6-47bf-24b3-7c16-192900f892f7'),
('7686595d-16d5-33b3-0080-e8e2a817c80e', '23d7cfdb-684f-1da9-bf83-e0bab1eae329', '2021-04-10 02:33:49', '1993-02-23 13:05:32', 'Unde quia dolorem. Molestias fuga dolor. Laudantium commodi dolor. Qui dicta mollitia. Tempore qui ut. Quia facere nesciunt! Veniam possimus nihil; nihil.', '2018-02-28', '1999-06-22', '6374f2e2-3c51-1584-4171-b3279c6573d8', 0, '25b78a62-529c-424b-9bf6-c5161989a451', '4b005b29-44e0-1e01-ef0e-1e906dfe5560'),
('768f8e64-7d10-20c9-967d-e8c757976496', '23b94989-1898-2fb4-a838-6209cd524a10', '2018-09-06 00:38:07', '2010-12-02 03:45:08', 'Unde ipsa sint fugit. Et tenetur error deserunt aspernatur sit error. Perspiciatis voluptas nobis dolor eos illum dolor!', '1981-05-12', NULL, '2f1d5a67-158c-1993-4271-b3279c6573d8', 1, '28c83ad9-5567-3f95-20fa-3a13575a692a', '78184d59-4085-4c3f-f6d8-f66e8baab1ae'),
('771e3dd1-42bb-2339-acdb-e5d54223c257', '413426e2-54c6-66f1-a414-d98a564937ec', '2021-06-04 10:06:16', '1970-01-01 01:59:55', 'Soluta beatae omnis. Qui nobis dolor. Velit dolorem error! Rerum numquam et. Aliquid reprehenderit odio. Est libero omnis. Autem unde nemo! Voluptas qui et.', '1981-06-04', '1971-08-25', '4720e2d7-1631-12bf-e76c-074f4ea5d95f', 0, '51a06650-1b0b-7ceb-7aba-f13ad74eb1e6', '68783df9-76d2-1b64-8026-d0b1ec00486f'),
('7bec5682-21c4-666f-a8db-e5d54223c257', '48c4e98b-1775-70d8-fea5-843a5c88fcbd', '2020-11-09 16:53:23', '1970-01-01 00:06:55', 'Nesciunt magnam iste. Eos repudiandae delectus! Quia blanditiis molestiae. Modi sunt atque! Quas nulla non. Quia maxime et. Placeat fugiat eligendi? Aliquam.', '1970-01-01', '1970-03-07', '19187893-20c1-68fe-6c0c-aaddcc920f04', 1, '3e6da6c4-15f2-54a6-09af-bc6172c2cf10', '5b92e0b2-5f67-7a21-ee0e-1e906dfe5560');

-- 
-- Restore previous SQL mode
-- 
/*!40101 SET SQL_MODE=@OLD_SQL_MODE */;

-- 
-- Enable foreign keys
-- 
/*!40014 SET FOREIGN_KEY_CHECKS = @OLD_FOREIGN_KEY_CHECKS */;