--
-- Script was generated by Devart dbForge Studio 2019 for MySQL, Version 8.2.23.0
-- Product home page: http://www.devart.com/dbforge/mysql/studio
-- Script date 12/30/2021 2:25:20 PM
-- Server version: 5.5.5-10.4.22-MariaDB
-- Client version: 4.1
--

-- 
-- Disable foreign keys
-- 
/*!40014 SET @OLD_FOREIGN_KEY_CHECKS=@@FOREIGN_KEY_CHECKS, FOREIGN_KEY_CHECKS=0 */;

-- 
-- Set SQL mode
-- 
/*!40101 SET @OLD_SQL_MODE=@@SQL_MODE, SQL_MODE='NO_AUTO_VALUE_ON_ZERO' */;

-- 
-- Set character set the client will use to send SQL statements to the server
--
SET NAMES 'utf8';

--
-- Set default database
--
USE datn;

--
-- Drop procedure `Proc_Deletemodule`
--
DROP PROCEDURE IF EXISTS Proc_Deletemodule;

--
-- Drop procedure `Proc_Deletesubject`
--
DROP PROCEDURE IF EXISTS Proc_Deletesubject;

--
-- Drop procedure `Proc_Deleteuser`
--
DROP PROCEDURE IF EXISTS Proc_Deleteuser;

--
-- Drop procedure `Proc_FindPracticalLaboratory`
--
DROP PROCEDURE IF EXISTS Proc_FindPracticalLaboratory;

--
-- Drop procedure `Proc_GetmoduleById`
--
DROP PROCEDURE IF EXISTS Proc_GetmoduleById;

--
-- Drop procedure `Proc_Getmodules`
--
DROP PROCEDURE IF EXISTS Proc_Getmodules;

--
-- Drop procedure `Proc_GetsubjectById`
--
DROP PROCEDURE IF EXISTS Proc_GetsubjectById;

--
-- Drop procedure `Proc_Getsubjects`
--
DROP PROCEDURE IF EXISTS Proc_Getsubjects;

--
-- Drop procedure `Proc_Insertmodule`
--
DROP PROCEDURE IF EXISTS Proc_Insertmodule;

--
-- Drop procedure `Proc_Insertsubject`
--
DROP PROCEDURE IF EXISTS Proc_Insertsubject;

--
-- Drop procedure `Proc_Insertuser`
--
DROP PROCEDURE IF EXISTS Proc_Insertuser;

--
-- Drop procedure `Proc_Updatemodule`
--
DROP PROCEDURE IF EXISTS Proc_Updatemodule;

--
-- Drop procedure `Proc_Updatesubject`
--
DROP PROCEDURE IF EXISTS Proc_Updatesubject;

--
-- Drop procedure `Proc_Updateuser`
--
DROP PROCEDURE IF EXISTS Proc_Updateuser;

--
-- Drop procedure `Pro_DeleteTechnicalStaff`
--
DROP PROCEDURE IF EXISTS Pro_DeleteTechnicalStaff;

--
-- Drop procedure `Proc_DeleteMaintainance`
--
DROP PROCEDURE IF EXISTS Proc_DeleteMaintainance;

--
-- Drop procedure `Proc_GetMaintainanceById`
--
DROP PROCEDURE IF EXISTS Proc_GetMaintainanceById;

--
-- Drop procedure `Proc_Getmaintainances`
--
DROP PROCEDURE IF EXISTS Proc_Getmaintainances;

--
-- Drop procedure `Proc_Insertmaintainance`
--
DROP PROCEDURE IF EXISTS Proc_Insertmaintainance;

--
-- Drop procedure `Proc_UpdateMaintainance`
--
DROP PROCEDURE IF EXISTS Proc_UpdateMaintainance;

--
-- Drop table `maintainance`
--
DROP TABLE IF EXISTS maintainance;

--
-- Drop procedure `Proc_Deletetechnicalstaff`
--
DROP PROCEDURE IF EXISTS Proc_Deletetechnicalstaff;

--
-- Drop procedure `Proc_GetTechnicalStaffById`
--
DROP PROCEDURE IF EXISTS Proc_GetTechnicalStaffById;

--
-- Drop procedure `Proc_GetTechnicalStaffs`
--
DROP PROCEDURE IF EXISTS Proc_GetTechnicalStaffs;

--
-- Drop procedure `Proc_InsertTechnicalStaff`
--
DROP PROCEDURE IF EXISTS Proc_InsertTechnicalStaff;

--
-- Drop procedure `Proc_UpdateTechnicalStaff`
--
DROP PROCEDURE IF EXISTS Proc_UpdateTechnicalStaff;

--
-- Drop table `technicalstaff`
--
DROP TABLE IF EXISTS technicalstaff;

--
-- Drop procedure `Proc_DeleteAttendance`
--
DROP PROCEDURE IF EXISTS Proc_DeleteAttendance;

--
-- Drop procedure `Proc_GetAttendance`
--
DROP PROCEDURE IF EXISTS Proc_GetAttendance;

--
-- Drop procedure `Proc_GetAttendanceById`
--
DROP PROCEDURE IF EXISTS Proc_GetAttendanceById;

--
-- Drop procedure `Proc_GetAttendances`
--
DROP PROCEDURE IF EXISTS Proc_GetAttendances;

--
-- Drop procedure `Proc_InsertAttendance`
--
DROP PROCEDURE IF EXISTS Proc_InsertAttendance;

--
-- Drop procedure `Proc_UpdateAttendance`
--
DROP PROCEDURE IF EXISTS Proc_UpdateAttendance;

--
-- Drop table `attendance`
--
DROP TABLE IF EXISTS attendance;

--
-- Drop procedure `Proc_DeletePracticeSchedule`
--
DROP PROCEDURE IF EXISTS Proc_DeletePracticeSchedule;

--
-- Drop procedure `Proc_FindPracticeSchedule`
--
DROP PROCEDURE IF EXISTS Proc_FindPracticeSchedule;

--
-- Drop procedure `Proc_GetPracticeSchedule`
--
DROP PROCEDURE IF EXISTS Proc_GetPracticeSchedule;

--
-- Drop procedure `Proc_GetPracticeScheduleById`
--
DROP PROCEDURE IF EXISTS Proc_GetPracticeScheduleById;

--
-- Drop procedure `Proc_GetPracticeSchedules`
--
DROP PROCEDURE IF EXISTS Proc_GetPracticeSchedules;

--
-- Drop procedure `Proc_InsertPracticeSchedule`
--
DROP PROCEDURE IF EXISTS Proc_InsertPracticeSchedule;

--
-- Drop procedure `Proc_UpdatePracticeSchedule`
--
DROP PROCEDURE IF EXISTS Proc_UpdatePracticeSchedule;

--
-- Drop table `practiceschedule`
--
DROP TABLE IF EXISTS practiceschedule;

--
-- Drop procedure `Proc_GetPracticeShifts`
--
DROP PROCEDURE IF EXISTS Proc_GetPracticeShifts;

--
-- Drop table `practiceshift`
--
DROP TABLE IF EXISTS practiceshift;

--
-- Drop table `user`
--
DROP TABLE IF EXISTS user;

--
-- Drop procedure `Proc_Getpermissions`
--
DROP PROCEDURE IF EXISTS Proc_Getpermissions;

--
-- Drop procedure `Proc_GetuserById`
--
DROP PROCEDURE IF EXISTS Proc_GetuserById;

--
-- Drop procedure `Proc_Getusers`
--
DROP PROCEDURE IF EXISTS Proc_Getusers;

--
-- Drop table `permission`
--
DROP TABLE IF EXISTS permission;

--
-- Drop procedure `Proc_DeleteEquipment`
--
DROP PROCEDURE IF EXISTS Proc_DeleteEquipment;

--
-- Drop procedure `Proc_GetequipmentById`
--
DROP PROCEDURE IF EXISTS Proc_GetequipmentById;

--
-- Drop procedure `Proc_Insertequipment`
--
DROP PROCEDURE IF EXISTS Proc_Insertequipment;

--
-- Drop procedure `Proc_UpdateEquipment`
--
DROP PROCEDURE IF EXISTS Proc_UpdateEquipment;

--
-- Drop table `equipment`
--
DROP TABLE IF EXISTS equipment;

--
-- Drop procedure `Proc_Deletepracticallaboratory`
--
DROP PROCEDURE IF EXISTS Proc_Deletepracticallaboratory;

--
-- Drop procedure `Proc_Getequipment`
--
DROP PROCEDURE IF EXISTS Proc_Getequipment;

--
-- Drop procedure `Proc_Getequipments`
--
DROP PROCEDURE IF EXISTS Proc_Getequipments;

--
-- Drop procedure `Proc_GetpracticallaboratoryById`
--
DROP PROCEDURE IF EXISTS Proc_GetpracticallaboratoryById;

--
-- Drop procedure `Proc_Getpracticallaboratorys`
--
DROP PROCEDURE IF EXISTS Proc_Getpracticallaboratorys;

--
-- Drop procedure `Proc_Insertpracticallaboratory`
--
DROP PROCEDURE IF EXISTS Proc_Insertpracticallaboratory;

--
-- Drop procedure `Proc_Updatepracticallaboratory`
--
DROP PROCEDURE IF EXISTS Proc_Updatepracticallaboratory;

--
-- Drop table `practicallaboratory`
--
DROP TABLE IF EXISTS practicallaboratory;

--
-- Drop procedure `Proc_Deletebuilding`
--
DROP PROCEDURE IF EXISTS Proc_Deletebuilding;

--
-- Drop procedure `Proc_GetbuildingById`
--
DROP PROCEDURE IF EXISTS Proc_GetbuildingById;

--
-- Drop procedure `Proc_Getbuildings`
--
DROP PROCEDURE IF EXISTS Proc_Getbuildings;

--
-- Drop procedure `Proc_Insertbuilding`
--
DROP PROCEDURE IF EXISTS Proc_Insertbuilding;

--
-- Drop procedure `Proc_Updatebuilding`
--
DROP PROCEDURE IF EXISTS Proc_Updatebuilding;

--
-- Drop table `building`
--
DROP TABLE IF EXISTS building;

--
-- Drop procedure `Proc_DeleteDetailModuleClass`
--
DROP PROCEDURE IF EXISTS Proc_DeleteDetailModuleClass;

--
-- Drop procedure `Proc_GetDetailModuleClass`
--
DROP PROCEDURE IF EXISTS Proc_GetDetailModuleClass;

--
-- Drop procedure `Proc_GetDetailModuleClassById`
--
DROP PROCEDURE IF EXISTS Proc_GetDetailModuleClassById;

--
-- Drop procedure `Proc_InsertDetailModuleClass`
--
DROP PROCEDURE IF EXISTS Proc_InsertDetailModuleClass;

--
-- Drop procedure `Proc_UpdateDetailModuleClass`
--
DROP PROCEDURE IF EXISTS Proc_UpdateDetailModuleClass;

--
-- Drop table `detailmoduleclass`
--
DROP TABLE IF EXISTS detailmoduleclass;

--
-- Drop procedure `Proc_Deletedetailpracticegroup`
--
DROP PROCEDURE IF EXISTS Proc_Deletedetailpracticegroup;

--
-- Drop procedure `Proc_Getdetailpracticegroup`
--
DROP PROCEDURE IF EXISTS Proc_Getdetailpracticegroup;

--
-- Drop procedure `Proc_GetdetailpracticegroupById`
--
DROP PROCEDURE IF EXISTS Proc_GetdetailpracticegroupById;

--
-- Drop procedure `Proc_Insertdetailpracticegroup`
--
DROP PROCEDURE IF EXISTS Proc_Insertdetailpracticegroup;

--
-- Drop procedure `Proc_Updatedetailpracticegroup`
--
DROP PROCEDURE IF EXISTS Proc_Updatedetailpracticegroup;

--
-- Drop table `detailpracticegroup`
--
DROP TABLE IF EXISTS detailpracticegroup;

--
-- Drop procedure `Proc_Deletestudent`
--
DROP PROCEDURE IF EXISTS Proc_Deletestudent;

--
-- Drop procedure `Proc_GetstudentById`
--
DROP PROCEDURE IF EXISTS Proc_GetstudentById;

--
-- Drop procedure `Proc_Getstudents`
--
DROP PROCEDURE IF EXISTS Proc_Getstudents;

--
-- Drop procedure `Proc_Insertstudent`
--
DROP PROCEDURE IF EXISTS Proc_Insertstudent;

--
-- Drop procedure `Proc_Updatestudent`
--
DROP PROCEDURE IF EXISTS Proc_Updatestudent;

--
-- Drop table `student`
--
DROP TABLE IF EXISTS student;

--
-- Drop procedure `Proc_Deleteclass`
--
DROP PROCEDURE IF EXISTS Proc_Deleteclass;

--
-- Drop procedure `Proc_GetclassById`
--
DROP PROCEDURE IF EXISTS Proc_GetclassById;

--
-- Drop procedure `Proc_Getclasss`
--
DROP PROCEDURE IF EXISTS Proc_Getclasss;

--
-- Drop procedure `Proc_Insertclass`
--
DROP PROCEDURE IF EXISTS Proc_Insertclass;

--
-- Drop procedure `Proc_Updateclass`
--
DROP PROCEDURE IF EXISTS Proc_Updateclass;

--
-- Drop table `class`
--
DROP TABLE IF EXISTS class;

--
-- Drop procedure `Proc_Deletecourse`
--
DROP PROCEDURE IF EXISTS Proc_Deletecourse;

--
-- Drop procedure `Proc_GetcourseById`
--
DROP PROCEDURE IF EXISTS Proc_GetcourseById;

--
-- Drop procedure `Proc_Getcourses`
--
DROP PROCEDURE IF EXISTS Proc_Getcourses;

--
-- Drop procedure `Proc_Insertcourse`
--
DROP PROCEDURE IF EXISTS Proc_Insertcourse;

--
-- Drop procedure `Proc_Updatecourse`
--
DROP PROCEDURE IF EXISTS Proc_Updatecourse;

--
-- Drop table `course`
--
DROP TABLE IF EXISTS course;

--
-- Drop procedure `Proc_Deletepracticegroup`
--
DROP PROCEDURE IF EXISTS Proc_Deletepracticegroup;

--
-- Drop procedure `Proc_FindPracticeGroup`
--
DROP PROCEDURE IF EXISTS Proc_FindPracticeGroup;

--
-- Drop procedure `Proc_Getpracticegroup`
--
DROP PROCEDURE IF EXISTS Proc_Getpracticegroup;

--
-- Drop procedure `Proc_GetpracticegroupById`
--
DROP PROCEDURE IF EXISTS Proc_GetpracticegroupById;

--
-- Drop procedure `Proc_Getpracticegroups`
--
DROP PROCEDURE IF EXISTS Proc_Getpracticegroups;

--
-- Drop procedure `Proc_Insertpracticegroup`
--
DROP PROCEDURE IF EXISTS Proc_Insertpracticegroup;

--
-- Drop procedure `Proc_Updatepracticegroup`
--
DROP PROCEDURE IF EXISTS Proc_Updatepracticegroup;

--
-- Drop table `practicegroup`
--
DROP TABLE IF EXISTS practicegroup;

--
-- Drop procedure `Proc_Deletemoduleclass`
--
DROP PROCEDURE IF EXISTS Proc_Deletemoduleclass;

--
-- Drop procedure `Proc_FindModuleClass`
--
DROP PROCEDURE IF EXISTS Proc_FindModuleClass;

--
-- Drop procedure `Proc_GetmoduleclassById`
--
DROP PROCEDURE IF EXISTS Proc_GetmoduleclassById;

--
-- Drop procedure `Proc_Getmoduleclasss`
--
DROP PROCEDURE IF EXISTS Proc_Getmoduleclasss;

--
-- Drop procedure `Proc_GetTeacher`
--
DROP PROCEDURE IF EXISTS Proc_GetTeacher;

--
-- Drop procedure `Proc_Insertmoduleclass`
--
DROP PROCEDURE IF EXISTS Proc_Insertmoduleclass;

--
-- Drop procedure `Proc_Updatemoduleclass`
--
DROP PROCEDURE IF EXISTS Proc_Updatemoduleclass;

--
-- Drop table `moduleclass`
--
DROP TABLE IF EXISTS moduleclass;

--
-- Drop procedure `Proc_Deleteschoolyear`
--
DROP PROCEDURE IF EXISTS Proc_Deleteschoolyear;

--
-- Drop procedure `Proc_GetschoolyearById`
--
DROP PROCEDURE IF EXISTS Proc_GetschoolyearById;

--
-- Drop procedure `Proc_Getschoolyears`
--
DROP PROCEDURE IF EXISTS Proc_Getschoolyears;

--
-- Drop procedure `Proc_Insertschoolyear`
--
DROP PROCEDURE IF EXISTS Proc_Insertschoolyear;

--
-- Drop procedure `Proc_Updateschoolyear`
--
DROP PROCEDURE IF EXISTS Proc_Updateschoolyear;

--
-- Drop table `schoolyear`
--
DROP TABLE IF EXISTS schoolyear;

--
-- Drop procedure `Proc_GetsemesterById`
--
DROP PROCEDURE IF EXISTS Proc_GetsemesterById;

--
-- Drop procedure `Proc_Getsemesters`
--
DROP PROCEDURE IF EXISTS Proc_Getsemesters;

--
-- Drop table `semester`
--
DROP TABLE IF EXISTS semester;

--
-- Drop table `module`
--
DROP TABLE IF EXISTS module;

--
-- Drop procedure `Proc_Deleteteacher`
--
DROP PROCEDURE IF EXISTS Proc_Deleteteacher;

--
-- Drop procedure `Proc_GetteacherById`
--
DROP PROCEDURE IF EXISTS Proc_GetteacherById;

--
-- Drop procedure `Proc_Getteachers`
--
DROP PROCEDURE IF EXISTS Proc_Getteachers;

--
-- Drop procedure `Proc_Insertteacher`
--
DROP PROCEDURE IF EXISTS Proc_Insertteacher;

--
-- Drop procedure `Proc_Updateteacher`
--
DROP PROCEDURE IF EXISTS Proc_Updateteacher;

--
-- Drop table `teacher`
--
DROP TABLE IF EXISTS teacher;

--
-- Drop table `subject`
--
DROP TABLE IF EXISTS subject;

--
-- Drop procedure `Proc_Deletemajors`
--
DROP PROCEDURE IF EXISTS Proc_Deletemajors;

--
-- Drop procedure `Proc_GetmajorsById`
--
DROP PROCEDURE IF EXISTS Proc_GetmajorsById;

--
-- Drop procedure `Proc_Getmajorss`
--
DROP PROCEDURE IF EXISTS Proc_Getmajorss;

--
-- Drop procedure `Proc_Insertmajors`
--
DROP PROCEDURE IF EXISTS Proc_Insertmajors;

--
-- Drop procedure `Proc_Updatemajors`
--
DROP PROCEDURE IF EXISTS Proc_Updatemajors;

--
-- Drop table `majors`
--
DROP TABLE IF EXISTS majors;

--
-- Drop procedure `Proc_Deleteology`
--
DROP PROCEDURE IF EXISTS Proc_Deleteology;

--
-- Drop procedure `Proc_GetologyById`
--
DROP PROCEDURE IF EXISTS Proc_GetologyById;

--
-- Drop procedure `Proc_Getologys`
--
DROP PROCEDURE IF EXISTS Proc_Getologys;

--
-- Drop procedure `Proc_Insertology`
--
DROP PROCEDURE IF EXISTS Proc_Insertology;

--
-- Drop procedure `Proc_Updateology`
--
DROP PROCEDURE IF EXISTS Proc_Updateology;

--
-- Drop table `ology`
--
DROP TABLE IF EXISTS ology;

--
-- Set default database
--
USE datn;

--
-- Create table `ology`
--
CREATE TABLE ology (
  OlogyID char(36) NOT NULL COMMENT 'Khóa chính',
  OlogyName varchar(255) NOT NULL DEFAULT '' COMMENT 'Tên khoa',
  CreatedDate datetime DEFAULT NULL,
  ModifiedDate datetime DEFAULT NULL,
  PRIMARY KEY (OlogyID)
)
ENGINE = INNODB,
AVG_ROW_LENGTH = 3276,
CHARACTER SET utf8,
COLLATE utf8_general_ci,
COMMENT = 'Bảng khoa quản lý';

DELIMITER $$

--
-- Create procedure `Proc_Updateology`
--
CREATE PROCEDURE Proc_Updateology (IN OlogyID char(36), IN OlogyName varchar(255))
SQL SECURITY INVOKER
BEGIN
  UPDATE ology o
  SET o.OlogyName = OlogyName,
      o.CreatedDate = NOW(),
      o.ModifiedDate = NOW()
  WHERE o.OlogyID = OlogyID;
END
$$

--
-- Create procedure `Proc_Insertology`
--
CREATE PROCEDURE Proc_Insertology (IN OlogyName varchar(255))
SQL SECURITY INVOKER
BEGIN
  INSERT INTO ology (OlogyID, OlogyName, CreatedDate, ModifiedDate)
    VALUES (UUID(), OlogyName, NOW(), NOW());

END
$$

--
-- Create procedure `Proc_Getologys`
--
CREATE PROCEDURE Proc_Getologys ()
SQL SECURITY INVOKER
BEGIN
  SELECT
    o.OlogyID,
    o.OlogyName
  FROM ology o
  ORDER BY o.OlogyName;
END
$$

--
-- Create procedure `Proc_GetologyById`
--
CREATE PROCEDURE Proc_GetologyById (IN ologyId varchar(255))
SQL SECURITY INVOKER
BEGIN
  SELECT
    *
  FROM ology o
  WHERE o.OlogyID = ologyId;
END
$$

--
-- Create procedure `Proc_Deleteology`
--
CREATE PROCEDURE Proc_Deleteology (IN ologyId char(36))
SQL SECURITY INVOKER
BEGIN
  DELETE
    FROM ology
  WHERE ology.OlogyID = ologyId;
END
$$

DELIMITER ;

--
-- Create table `majors`
--
CREATE TABLE majors (
  MajorsID char(36) NOT NULL COMMENT 'Khóa chính',
  MajorsCode varchar(20) NOT NULL DEFAULT '' COMMENT 'Mã ngành',
  MajorsName varchar(255) NOT NULL DEFAULT '' COMMENT 'Tên ngành',
  OlogyID char(36) NOT NULL COMMENT 'Khóa chính khoa',
  CreatedDate datetime DEFAULT NULL,
  ModifiedDate datetime DEFAULT NULL,
  PRIMARY KEY (MajorsID)
)
ENGINE = INNODB,
AVG_ROW_LENGTH = 4096,
CHARACTER SET utf8,
COLLATE utf8_general_ci,
COMMENT = 'Bảng chuyên ngành';

--
-- Create index `UK_majors_MajorsCode` on table `majors`
--
ALTER TABLE majors
ADD UNIQUE INDEX UK_majors_MajorsCode (MajorsCode);

--
-- Create foreign key
--
ALTER TABLE majors
ADD CONSTRAINT FK_majors_OlogyID FOREIGN KEY (OlogyID)
REFERENCES ology (OlogyID) ON DELETE CASCADE ON UPDATE CASCADE;

DELIMITER $$

--
-- Create procedure `Proc_Updatemajors`
--
CREATE PROCEDURE Proc_Updatemajors (IN MajorsID varchar(255), IN MajorsCode varchar(20), IN MajorsName varchar(255), IN OlogyID char(36))
SQL SECURITY INVOKER
BEGIN
  UPDATE majors m
  SET m.MajorsCode = MajorsCode,
      m.MajorsName = MajorsName,
      m.OlogyID = OlogyID,
      m.CreatedDate = NOW(),
      m.ModifiedDate = NOW()
  WHERE m.MajorsID = MajorsID;
END
$$

--
-- Create procedure `Proc_Insertmajors`
--
CREATE PROCEDURE Proc_Insertmajors (IN MajorsCode varchar(20), IN MajorsName varchar(255), IN OlogyID char(36))
SQL SECURITY INVOKER
BEGIN
  INSERT INTO majors (MajorsID, MajorsCode, MajorsName, OlogyID, CreatedDate, ModifiedDate)
    VALUES (UUID(), MajorsCode, MajorsName, OlogyID, NOW(), NOW());

END
$$

--
-- Create procedure `Proc_Getmajorss`
--
CREATE PROCEDURE Proc_Getmajorss ()
SQL SECURITY INVOKER
BEGIN
  SELECT
    m.MajorsID,
    m.MajorsCode,
    m.MajorsName,
    m.OlogyID,
    o.OlogyName
  FROM majors m
    LEFT JOIN ology o
      ON m.OlogyID = o.OlogyID
  ORDER BY o.OlogyName;
END
$$

--
-- Create procedure `Proc_GetmajorsById`
--
CREATE PROCEDURE Proc_GetmajorsById (IN majorsId char(36))
SQL SECURITY INVOKER
BEGIN
  SELECT
    m.MajorsID,
    m.MajorsCode,
    m.MajorsName,
    m.OlogyID,
    o.OlogyName
  FROM majors m
    LEFT JOIN ology o
      ON m.OlogyID = o.OlogyID
  WHERE m.MajorsID = majorsId;
END
$$

--
-- Create procedure `Proc_Deletemajors`
--
CREATE PROCEDURE Proc_Deletemajors (IN majorsId char(36))
SQL SECURITY INVOKER
NO SQL
BEGIN
  DELETE
    FROM majors
  WHERE majors.MajorsID = majorsId;

END
$$

DELIMITER ;

--
-- Create table `subject`
--
CREATE TABLE subject (
  SubjectID char(36) NOT NULL COMMENT 'Khóa chính',
  SubjectName varchar(255) NOT NULL DEFAULT '' COMMENT 'Tên bộ môn',
  CreatedDate datetime DEFAULT NULL,
  ModifiedDate datetime DEFAULT NULL,
  PRIMARY KEY (SubjectID)
)
ENGINE = INNODB,
AVG_ROW_LENGTH = 3276,
CHARACTER SET utf8,
COLLATE utf8_general_ci,
COMMENT = 'Bảng bộ môn';

--
-- Create table `teacher`
--
CREATE TABLE teacher (
  TeacherID char(36) NOT NULL COMMENT 'Khóa chính',
  TeacherCode varchar(20) DEFAULT NULL,
  FullName varchar(255) NOT NULL DEFAULT '' COMMENT 'Tên giáo viên',
  PhoneNumber varchar(255) NOT NULL COMMENT 'Số điện thoại',
  Email varchar(255) NOT NULL COMMENT 'Email',
  SubjectID char(36) NOT NULL COMMENT 'Khóa chính bộ môn',
  CreatedDate datetime DEFAULT NULL,
  ModifiedDate datetime DEFAULT NULL,
  PRIMARY KEY (TeacherID)
)
ENGINE = INNODB,
AVG_ROW_LENGTH = 165,
CHARACTER SET utf8,
COLLATE utf8_general_ci,
COMMENT = 'Bảng giảng viên';

--
-- Create foreign key
--
ALTER TABLE teacher
ADD CONSTRAINT FK_Teacher_SubjectID FOREIGN KEY (SubjectID)
REFERENCES subject (SubjectID) ON DELETE CASCADE ON UPDATE CASCADE;

DELIMITER $$

--
-- Create procedure `Proc_Updateteacher`
--
CREATE PROCEDURE Proc_Updateteacher (IN TeacherId char(36), IN TeacherCode varchar(20), IN FullName char(36), IN PhoneNumber varchar(255), IN Email varchar(255), IN SubjectID char(36))
SQL SECURITY INVOKER
BEGIN
  UPDATE teacher t
  SET t.TeacherCode = TeacherCode,
      t.FullName = FullName,
      t.PhoneNumber = PhoneNumber,
      t.Email = Email,
      t.SubjectID = SubjectID,
      t.CreatedDate = NOW(),
      t.ModifiedDate = NOW()
  WHERE t.TeacherID = TeacherId;
END
$$

--
-- Create procedure `Proc_Insertteacher`
--
CREATE PROCEDURE Proc_Insertteacher (IN TeacherCode varchar(20), IN FullName char(36), IN PhoneNumber varchar(255), IN Email varchar(255), IN SubjectID char(36))
SQL SECURITY INVOKER
BEGIN
  INSERT INTO teacher (TeacherID, TeacherCode, FullName, PhoneNumber, Email, SubjectID, CreatedDate, ModifiedDate)
    VALUES (UUID(), TeacherCode, FullName, PhoneNumber, Email, SubjectID, NOW(), NOW());

END
$$

--
-- Create procedure `Proc_Getteachers`
--
CREATE PROCEDURE Proc_Getteachers ()
SQL SECURITY INVOKER
BEGIN
  SELECT
    t.TeacherID,
    t.TeacherCode,
    t.FullName,
    t.PhoneNumber,
    t.Email,
    t.SubjectID,
    t.CreatedDate,
    t.ModifiedDate,
    s.SubjectName
  FROM teacher t
    LEFT JOIN subject s
      ON t.SubjectID = s.SubjectID
  ORDER BY t.FullName;
END
$$

--
-- Create procedure `Proc_GetteacherById`
--
CREATE PROCEDURE Proc_GetteacherById (IN teacherId char(36))
SQL SECURITY INVOKER
BEGIN
  SELECT
    t.TeacherID,
    t.TeacherCode,
    t.FullName,
    t.PhoneNumber,
    t.Email,
    t.SubjectID,
    t.CreatedDate,
    t.ModifiedDate,
    s.SubjectName
  FROM teacher t
    LEFT JOIN subject s
      ON t.SubjectID = s.SubjectID
  WHERE t.TeacherID = teacherId
  ORDER BY t.CreatedDate DESC;
END
$$

--
-- Create procedure `Proc_Deleteteacher`
--
CREATE PROCEDURE Proc_Deleteteacher (IN teacherId char(36))
SQL SECURITY INVOKER
BEGIN
  DELETE
    FROM teacher
  WHERE teacher.TeacherID = teacherId;

END
$$

DELIMITER ;

--
-- Create table `module`
--
CREATE TABLE module (
  ModuleID char(36) NOT NULL COMMENT 'Khóa chính',
  ModuleCode varchar(20) NOT NULL DEFAULT '' COMMENT 'Mã học phần',
  ModuleName varchar(255) NOT NULL DEFAULT '' COMMENT 'Tên học phần',
  NumberOfModule float NOT NULL DEFAULT 0 COMMENT 'Số tín chỉ',
  Theory float NOT NULL DEFAULT 0 COMMENT 'Số tín chỉ LT',
  Practice float NOT NULL DEFAULT 0 COMMENT 'Số tín chỉ TH',
  BigExercise float NOT NULL DEFAULT 0 COMMENT 'Số tín chỉ TL-BTL-DA',
  SubjectID char(36) NOT NULL COMMENT 'Khóa chính bộ môn',
  CreatedDate datetime DEFAULT NULL,
  ModifiedDate datetime DEFAULT NULL,
  PRIMARY KEY (ModuleID)
)
ENGINE = INNODB,
AVG_ROW_LENGTH = 287,
CHARACTER SET utf8,
COLLATE utf8_general_ci,
COMMENT = 'Bảng học phần';

--
-- Create index `UK_module_ModuleCode` on table `module`
--
ALTER TABLE module
ADD UNIQUE INDEX UK_module_ModuleCode (ModuleCode);

--
-- Create foreign key
--
ALTER TABLE module
ADD CONSTRAINT FK_Module_SubjectID FOREIGN KEY (SubjectID)
REFERENCES subject (SubjectID) ON DELETE CASCADE ON UPDATE CASCADE;

--
-- Create table `semester`
--
CREATE TABLE semester (
  SemesterID char(36) NOT NULL COMMENT 'Khóa chính học kỳ',
  SemesterName varchar(255) NOT NULL COMMENT 'Tên học kỳ',
  CreatedDate datetime DEFAULT NULL,
  ModifiedDate datetime DEFAULT NULL,
  PRIMARY KEY (SemesterID)
)
ENGINE = INNODB,
AVG_ROW_LENGTH = 8192,
CHARACTER SET utf8,
COLLATE utf8_general_ci,
COMMENT = 'Bảng Học Kỳ';

DELIMITER $$

--
-- Create procedure `Proc_Getsemesters`
--
CREATE PROCEDURE Proc_Getsemesters ()
SQL SECURITY INVOKER
BEGIN
  SELECT
    s.SemesterID,
    s.SemesterName
  FROM semester s
  ORDER BY s.SemesterName;
END
$$

--
-- Create procedure `Proc_GetsemesterById`
--
CREATE DEFINER = 'root'@'localhost'
PROCEDURE Proc_GetsemesterById (IN SemesterID char(36))
BEGIN
  SELECT
    *
  FROM semester s
  WHERE s.SemesterID = SemesterID;
END
$$

DELIMITER ;

--
-- Create table `schoolyear`
--
CREATE TABLE schoolyear (
  SchoolYearID char(36) NOT NULL COMMENT 'Khóa chính năm học',
  SchoolYearName varchar(255) NOT NULL COMMENT 'Tên năm học',
  CreatedDate datetime DEFAULT NULL,
  ModifiedDate datetime DEFAULT NULL,
  PRIMARY KEY (SchoolYearID)
)
ENGINE = INNODB,
AVG_ROW_LENGTH = 3276,
CHARACTER SET utf8,
COLLATE utf8_general_ci,
COMMENT = 'Bảng năm học ';

DELIMITER $$

--
-- Create procedure `Proc_Updateschoolyear`
--
CREATE PROCEDURE Proc_Updateschoolyear (IN SchoolYearID char(36), IN SchoolYearName varchar(255))
SQL SECURITY INVOKER
BEGIN
  UPDATE schoolyear s
  SET s.SchoolYearName = SchoolYearName,
      s.CreatedDate = NOW(),
      s.ModifiedDate = NOW()
  WHERE s.SchoolYearID = SchoolYearID;
END
$$

--
-- Create procedure `Proc_Insertschoolyear`
--
CREATE PROCEDURE Proc_Insertschoolyear (IN SchoolYearName varchar(255))
SQL SECURITY INVOKER
BEGIN
  INSERT INTO schoolyear (SchoolYearID, SchoolYearName, CreatedDate, ModifiedDate)
    VALUES (UUID(), SchoolYearName, NOW(), NOW());

END
$$

--
-- Create procedure `Proc_Getschoolyears`
--
CREATE PROCEDURE Proc_Getschoolyears ()
SQL SECURITY INVOKER
COMMENT 'Bảng năm học'
BEGIN
  SELECT
    *
  FROM schoolyear s
  ORDER BY s.SchoolYearName;
END
$$

--
-- Create procedure `Proc_GetschoolyearById`
--
CREATE PROCEDURE Proc_GetschoolyearById (IN SchoolYearID char(36))
SQL SECURITY INVOKER
BEGIN
  SELECT
    *
  FROM schoolyear s
  WHERE s.SchoolYearID = SchoolYearID;
END
$$

--
-- Create procedure `Proc_Deleteschoolyear`
--
CREATE PROCEDURE Proc_Deleteschoolyear (IN SchoolYearID char(36))
SQL SECURITY INVOKER
BEGIN
  DELETE
    FROM schoolyear
  WHERE schoolyear.SchoolYearID = SchoolYearID;

END
$$

DELIMITER ;

--
-- Create table `moduleclass`
--
CREATE TABLE moduleclass (
  ModuleClassID char(36) NOT NULL COMMENT 'Khóa chính',
  ModuleClassCode varchar(20) NOT NULL DEFAULT '' COMMENT 'Mã lớp học phần',
  TeacherID char(36) NOT NULL COMMENT 'Khóa chính lớp học phần',
  ModuleID char(36) NOT NULL,
  Status tinyint(4) NOT NULL DEFAULT 0 COMMENT '0 là chưa học - 1 là đang học - 2 là đã kết thúc',
  StartTime date NOT NULL COMMENT 'Bắt đầu',
  EndTime date NOT NULL COMMENT 'Kết thúc',
  CreatedDate datetime DEFAULT NULL,
  ModifiedDate datetime DEFAULT NULL,
  SemesterID char(36) NOT NULL COMMENT 'Khóa chính học kỳ',
  SchoolYearID char(36) NOT NULL COMMENT 'Khóa chính năm học',
  PRIMARY KEY (ModuleClassID)
)
ENGINE = INNODB,
AVG_ROW_LENGTH = 315,
CHARACTER SET utf8,
COLLATE utf8_general_ci,
COMMENT = 'Bảng lớp học phần';

--
-- Create index `FK_moduleclass_SchoolYearID2` on table `moduleclass`
--
ALTER TABLE moduleclass
ADD INDEX FK_moduleclass_SchoolYearID2 (SchoolYearID);

--
-- Create index `FK_moduleclass_TeacherID2` on table `moduleclass`
--
ALTER TABLE moduleclass
ADD INDEX FK_moduleclass_TeacherID2 (TeacherID);

--
-- Create index `ModuleClassCode` on table `moduleclass`
--
ALTER TABLE moduleclass
ADD UNIQUE INDEX ModuleClassCode (ModuleClassCode);

--
-- Create foreign key
--
ALTER TABLE moduleclass
ADD CONSTRAINT FK_moduleclass_ModuleID FOREIGN KEY (ModuleID)
REFERENCES module (ModuleID) ON DELETE CASCADE ON UPDATE CASCADE;

--
-- Create foreign key
--
ALTER TABLE moduleclass
ADD CONSTRAINT FK_moduleclass_SchoolYearID FOREIGN KEY (SchoolYearID)
REFERENCES schoolyear (SchoolYearID) ON DELETE CASCADE ON UPDATE CASCADE;

--
-- Create foreign key
--
ALTER TABLE moduleclass
ADD CONSTRAINT FK_moduleclass_SemesterID FOREIGN KEY (SemesterID)
REFERENCES semester (SemesterID) ON DELETE CASCADE ON UPDATE CASCADE;

--
-- Create foreign key
--
ALTER TABLE moduleclass
ADD CONSTRAINT FK_moduleclass_TeacherID FOREIGN KEY (TeacherID)
REFERENCES teacher (TeacherID) ON DELETE CASCADE ON UPDATE CASCADE;

DELIMITER $$

--
-- Create procedure `Proc_Updatemoduleclass`
--
CREATE PROCEDURE Proc_Updatemoduleclass (IN ModuleClassCode varchar(20), IN ModuleID char(36), IN SemesterID char(36), IN Status int, IN StartTime date, IN EndTime date, IN ModuleClassID char(36), IN SchoolYearID char(36), IN TeacherID char(36))
SQL SECURITY INVOKER
BEGIN
  UPDATE moduleclass m
  SET m.ModuleClassCode = ModuleClassCode,
      m.ModuleID = ModuleID,
      m.SemesterID = SemesterID,
      m.Status = Status,
      m.StartTime = StartTime,
      m.EndTime = EndTime,
      m.TeacherID = TeacherID,
      m.SchoolYearID = SchoolYearID,
      m.CreatedDate = NOW(),
      m.ModifiedDate = NOW()
  WHERE m.ModuleClassID = ModuleClassID;
END
$$

--
-- Create procedure `Proc_Insertmoduleclass`
--
CREATE PROCEDURE Proc_Insertmoduleclass (IN ModuleClassCode varchar(20), IN ModuleID char(36), IN SemesterID char(36), IN Status int, IN StartTime date, IN EndTime date, IN SchoolYearID char(36), IN TeacherID char(36), IN ModuleCode varchar(20))
SQL SECURITY INVOKER
BEGIN
  DECLARE ID char(36);
  IF ModuleCode IS NOT NULL THEN
    SET ID = (SELECT
        m.ModuleID
      FROM module m
      WHERE m.ModuleCode = ModuleCode);
    INSERT INTO moduleclass (ModuleClassID, ModuleClassCode, ModuleID, TeacherID, SemesterID, SchoolYearID, Status, StartTime, EndTime, CreatedDate, ModifiedDate)
      VALUES (UUID(), ModuleClassCode, ID, TeacherID, SemesterID, SchoolYearID, Status, StartTime, EndTime, NOW(), NOW());
  ELSEIF ModuleCode IS NULL THEN
    INSERT INTO moduleclass (ModuleClassID, ModuleClassCode, ModuleID, TeacherID, SemesterID, SchoolYearID, Status, StartTime, EndTime, CreatedDate, ModifiedDate)
      VALUES (UUID(), ModuleClassCode, ModuleID, TeacherID, SemesterID, SchoolYearID, Status, StartTime, EndTime, NOW(), NOW());
  END IF;
END
$$

--
-- Create procedure `Proc_GetTeacher`
--
CREATE PROCEDURE Proc_GetTeacher (IN ID char(36))
SQL SECURITY INVOKER
BEGIN
  SELECT
    t.TeacherID,
    t.FullName
  FROM teacher t
    LEFT JOIN subject s
      ON t.SubjectID = s.SubjectID
    LEFT JOIN module m
      ON s.SubjectID = m.SubjectID
    LEFT JOIN moduleclass m1
      ON m.ModuleID = m1.ModuleID
  WHERE m1.ModuleClassID = ID;
END
$$

--
-- Create procedure `Proc_Getmoduleclasss`
--
CREATE PROCEDURE Proc_Getmoduleclasss ()
SQL SECURITY INVOKER
BEGIN
  SELECT
    m.ModuleClassID,
    m.ModuleClassCode,
    m.ModuleID,
    m.Status,
    m.StartTime,
    m.EndTime,
    m1.ModuleName,
    s.SemesterName,
    s1.SchoolYearName,
    t.FullName,
    m.TeacherID,
    m.SchoolYearID,
    m.SemesterID,
    m.CreatedDate,
    m.ModifiedDate
  FROM moduleclass m
    LEFT JOIN module m1
      ON m.ModuleID = m1.ModuleID
    LEFT JOIN teacher t
      ON m.TeacherID = t.TeacherID
    LEFT JOIN semester s
      ON m.SemesterID = s.SemesterID
    LEFT JOIN schoolyear s1
      ON m.SchoolYearID = s1.SchoolYearID
  ORDER BY m.ModuleClassCode;
END
$$

--
-- Create procedure `Proc_GetmoduleclassById`
--
CREATE PROCEDURE Proc_GetmoduleclassById (IN moduleclassId char(36))
SQL SECURITY INVOKER
BEGIN
  SELECT
    m.ModuleClassID,
    m.ModuleClassCode,
    m.ModuleID,
    m.Status,
    m.StartTime,
    m.EndTime,
    m.TeacherID,
    m.SchoolYearID,
    m.SemesterID,
    m1.ModuleName,
    t.FullName,
    s.SemesterName,
    s1.SchoolYearName,
    m.CreatedDate,
    m.ModifiedDate
  FROM moduleclass m
    LEFT JOIN module m1
      ON m.ModuleID = m1.ModuleID
    LEFT JOIN teacher t
      ON m.TeacherID = t.TeacherID
    LEFT JOIN semester s
      ON m.SemesterID = s.SemesterID
    LEFT JOIN schoolyear s1
      ON m.SchoolYearID = s1.SchoolYearID
  WHERE m.ModuleClassID = moduleclassId;
END
$$

--
-- Create procedure `Proc_FindModuleClass`
--
CREATE PROCEDURE Proc_FindModuleClass (IN ID char(36))
SQL SECURITY INVOKER
BEGIN
  SELECT
    m1.ModuleClassID,
    m.ModuleName,
    m.NumberOfModule,
    m.ModuleCode,
    m1.ModuleClassCode,
    m1.TeacherID,
    s.SubjectName,
    t.FullName
  FROM module m
    LEFT JOIN moduleclass m1
      ON m.ModuleID = m1.ModuleID
    LEFT JOIN subject s
      ON m.SubjectID = s.SubjectID
    LEFT JOIN teacher t
      ON m1.TeacherID = t.TeacherID

  WHERE m1.ModuleClassID = ID;
END
$$

--
-- Create procedure `Proc_Deletemoduleclass`
--
CREATE PROCEDURE Proc_Deletemoduleclass (IN moduleclassId char(36))
SQL SECURITY INVOKER
BEGIN
  DELETE
    FROM moduleclass
  WHERE moduleclass.ModuleClassID = moduleclassId;

END
$$

DELIMITER ;

--
-- Create table `practicegroup`
--
CREATE TABLE practicegroup (
  PracticeGroupID char(36) NOT NULL COMMENT 'Khóa chính',
  PracticeGroupCode varchar(20) NOT NULL DEFAULT '' COMMENT 'Mã nhóm',
  ModuleClassID char(36) NOT NULL COMMENT 'Khóa chính lớp học phần',
  PracticeGroupName varchar(255) NOT NULL COMMENT 'Tên nhóm',
  TeacherID char(36) NOT NULL COMMENT 'Giảng viên',
  Note varchar(255) DEFAULT NULL COMMENT 'Ghi chú',
  CreatedDate datetime DEFAULT NULL,
  ModifiedDate datetime DEFAULT NULL,
  PRIMARY KEY (PracticeGroupID)
)
ENGINE = INNODB,
AVG_ROW_LENGTH = 297,
CHARACTER SET utf8,
COLLATE utf8_general_ci,
COMMENT = 'Bảng nhóm thực hành';

--
-- Create index `UK_practicegroup_PracticeGroupCode` on table `practicegroup`
--
ALTER TABLE practicegroup
ADD UNIQUE INDEX UK_practicegroup_PracticeGroupCode (PracticeGroupCode);

--
-- Create foreign key
--
ALTER TABLE practicegroup
ADD CONSTRAINT FK_practicegroup_ModuleClassID FOREIGN KEY (ModuleClassID)
REFERENCES moduleclass (ModuleClassID) ON DELETE CASCADE ON UPDATE CASCADE;

--
-- Create foreign key
--
ALTER TABLE practicegroup
ADD CONSTRAINT FK_practicegroup_TeacherID FOREIGN KEY (TeacherID)
REFERENCES teacher (TeacherID) ON DELETE CASCADE ON UPDATE CASCADE;

DELIMITER $$

--
-- Create procedure `Proc_Updatepracticegroup`
--
CREATE PROCEDURE Proc_Updatepracticegroup (IN PracticeGroupCode varchar(20), IN ModuleClassID char(36), IN PracticeGroupName varchar(255), IN TeacherID char(36), IN Note varchar(255), IN PracticeGroupID char(36))
SQL SECURITY INVOKER
BEGIN
  UPDATE practicegroup p
  SET p.PracticeGroupCode = PracticeGroupCode,
      p.PracticeGroupName = PracticeGroupName,
      p.ModuleClassID = ModuleClassID,
      p.TeacherID = TeacherID,
      p.Note = Note,
      p.CreatedDate = NOW(),
      p.ModifiedDate = NOW()
  WHERE p.PracticeGroupID = PracticeGroupID;
END
$$

--
-- Create procedure `Proc_Insertpracticegroup`
--
CREATE PROCEDURE Proc_Insertpracticegroup (IN PracticeGroupCode varchar(20), IN ModuleClassID char(36), IN PracticeGroupName varchar(255), IN TeacherID char(36), IN Note varchar(255))
SQL SECURITY INVOKER
BEGIN
  INSERT HIGH_PRIORITY INTO practicegroup (PracticeGroupID, PracticeGroupCode, PracticeGroupName, ModuleClassID, TeacherID, Note, CreatedDate, ModifiedDate)
    VALUES (UUID(), PracticeGroupCode, PracticeGroupName, ModuleClassID, TeacherID, Note, NOW(), NOW());

END
$$

--
-- Create procedure `Proc_Getpracticegroups`
--
CREATE PROCEDURE Proc_Getpracticegroups ()
SQL SECURITY INVOKER
BEGIN
  SELECT
    p.PracticeGroupID,
    p.PracticeGroupCode,
    p.ModuleClassID,
    p.PracticeGroupName,
    t.FullName,
    p.Note,
    p.CreatedDate,
    p.ModifiedDate,
    m.ModuleClassCode
  FROM practicegroup p
    LEFT JOIN moduleclass m
      ON p.ModuleClassID = m.ModuleClassID
    LEFT JOIN teacher t
      ON p.TeacherID = t.TeacherID
  ORDER BY p.CreatedDate DESC;
END
$$

--
-- Create procedure `Proc_GetpracticegroupById`
--
CREATE PROCEDURE Proc_GetpracticegroupById (IN practicegroupID char(36))
SQL SECURITY INVOKER
BEGIN
  SELECT
    p.PracticeGroupID,
    p.PracticeGroupCode,
    p.ModuleClassID,
    p.PracticeGroupName,
    p.TeacherID,
    t.FullName,
    p.Note,
    p.CreatedDate,
    p.ModifiedDate,

    m.ModuleClassCode
  FROM practicegroup p
    LEFT JOIN moduleclass m
      ON p.ModuleClassID = m.ModuleClassID
    LEFT JOIN teacher t
      ON p.TeacherID = t.TeacherID
  WHERE p.PracticeGroupID = practicegroupID
  ORDER BY p.CreatedDate OR p.ModifiedDate DESC;
END
$$

--
-- Create procedure `Proc_Getpracticegroup`
--
CREATE PROCEDURE Proc_Getpracticegroup (IN ID char(36))
SQL SECURITY INVOKER
BEGIN
  SELECT
    p.PracticeGroupID,
    p.PracticeGroupCode,
    p.ModuleClassID,
    p.PracticeGroupName,
    p.Note,
    t.FullName,
    p.CreatedDate,
    p.ModifiedDate,
    m.ModuleClassCode,
    t.FullName
  FROM practicegroup p
    LEFT JOIN moduleclass m
      ON p.ModuleClassID = m.ModuleClassID
    LEFT JOIN teacher t
      ON p.TeacherID = t.TeacherID
  WHERE p.ModuleClassID = ID
  ORDER BY p.PracticeGroupName;
END
$$

--
-- Create procedure `Proc_FindPracticeGroup`
--
CREATE PROCEDURE Proc_FindPracticeGroup (IN ID char(36))
SQL SECURITY INVOKER
BEGIN
  SELECT
    p.PracticeGroupID,
    p.PracticeGroupCode,
    p.ModuleClassID,
    p.PracticeGroupName,
    p.Note,
    p.CreatedDate,
    p.ModifiedDate,
    m.ModuleClassCode,
    m1.ModuleName,
    s.SubjectName,
    t.FullName,
    p.TeacherID
  FROM practicegroup p
    LEFT JOIN moduleclass m
      ON p.ModuleClassID = m.ModuleClassID
    LEFT JOIN module m1
      ON m.ModuleID = m1.ModuleID
    LEFT JOIN subject s
      ON m1.SubjectID = s.SubjectID
    LEFT JOIN teacher t
      ON p.TeacherID = t.TeacherID
  WHERE p.PracticeGroupID = ID;
END
$$

--
-- Create procedure `Proc_Deletepracticegroup`
--
CREATE PROCEDURE Proc_Deletepracticegroup (IN practicegroupID char(36))
SQL SECURITY INVOKER
BEGIN
  DELETE
    FROM practicegroup
  WHERE practicegroup.PracticeGroupID = practicegroupID;

END
$$

DELIMITER ;

--
-- Create table `course`
--
CREATE TABLE course (
  CourseID char(36) NOT NULL COMMENT 'Khóa chính',
  CourseName varchar(255) NOT NULL DEFAULT '' COMMENT 'Tên khóa học',
  StartTime date NOT NULL COMMENT 'Time bắt đầu',
  EndTime date NOT NULL COMMENT 'Time kết thúc',
  CreatedDate datetime DEFAULT NULL,
  ModifiedDate datetime DEFAULT NULL,
  PRIMARY KEY (CourseID)
)
ENGINE = INNODB,
AVG_ROW_LENGTH = 1820,
CHARACTER SET utf8,
COLLATE utf8_general_ci,
COMMENT = 'Bảng khóa học';

DELIMITER $$

--
-- Create procedure `Proc_Updatecourse`
--
CREATE DEFINER = 'root'@'localhost'
PROCEDURE Proc_Updatecourse (IN CourseID char(36), IN CourseName varchar(255), IN StartTime date, IN EndTime date)
BEGIN
  UPDATE course c
  SET c.CourseName = CourseName,
      c.StartTime = StartTime,
      c.EndTime = EndTime,
      c.CreatedDate = NOW(),
      c.ModifiedDate = NOW()
  WHERE c.CourseID = CourseID;
END
$$

--
-- Create procedure `Proc_Insertcourse`
--
CREATE PROCEDURE Proc_Insertcourse (IN CourseName varchar(255), IN StartTime date, IN EndTime date)
SQL SECURITY INVOKER
BEGIN
  INSERT INTO course (CourseID, CourseName, StartTime, EndTime, CreatedDate, ModifiedDate)
    VALUES (UUID(), CourseName, StartTime, EndTime, NOW(), NOW());

END
$$

--
-- Create procedure `Proc_Getcourses`
--
CREATE PROCEDURE Proc_Getcourses ()
SQL SECURITY INVOKER
BEGIN
  SELECT
    *
  FROM course c
  ORDER BY c.StartTime;
END
$$

--
-- Create procedure `Proc_GetcourseById`
--
CREATE PROCEDURE Proc_GetcourseById (IN courseId char(36))
SQL SECURITY INVOKER
BEGIN
  SELECT
    *
  FROM course c
  WHERE c.CourseID = courseId;
END
$$

--
-- Create procedure `Proc_Deletecourse`
--
CREATE PROCEDURE Proc_Deletecourse (IN courseId char(36))
SQL SECURITY INVOKER
BEGIN
  DELETE LOW_PRIORITY QUICK
    FROM course
  WHERE course.CourseID = courseId;
END
$$

DELIMITER ;

--
-- Create table `class`
--
CREATE TABLE class (
  ClassID char(36) NOT NULL COMMENT 'Khoá chính',
  ClassCode varchar(20) NOT NULL DEFAULT '' COMMENT 'Mã lớp',
  ClassName varchar(255) NOT NULL DEFAULT '' COMMENT 'Tên lớp',
  CourseID char(36) NOT NULL DEFAULT '' COMMENT 'Khóa chính khóa học',
  MajorsID char(36) NOT NULL DEFAULT '' COMMENT 'Khóa chính ngành học',
  CreatedDate datetime DEFAULT NULL,
  ModifiedDate datetime DEFAULT NULL,
  PRIMARY KEY (ClassID)
)
ENGINE = INNODB,
AVG_ROW_LENGTH = 218,
CHARACTER SET utf8,
COLLATE utf8_general_ci,
COMMENT = 'Bảng lớp học';

--
-- Create index `ClassCode` on table `class`
--
ALTER TABLE class
ADD UNIQUE INDEX ClassCode (ClassCode);

--
-- Create foreign key
--
ALTER TABLE class
ADD CONSTRAINT FK_class_CourseID FOREIGN KEY (CourseID)
REFERENCES course (CourseID) ON DELETE CASCADE ON UPDATE CASCADE;

--
-- Create foreign key
--
ALTER TABLE class
ADD CONSTRAINT FK_class_MajorsID FOREIGN KEY (MajorsID)
REFERENCES majors (MajorsID) ON DELETE CASCADE ON UPDATE CASCADE;

DELIMITER $$

--
-- Create procedure `Proc_Updateclass`
--
CREATE DEFINER = 'root'@'localhost'
PROCEDURE Proc_Updateclass (IN ClassId char(36), IN ClassCode varchar(20), IN ClassName varchar(255), IN CourseID char(36), IN MajorsID char(36))
BEGIN
  UPDATE class c
  SET c.ClassCode = ClassCode,
      c.ClassName = ClassName,
      c.MajorsID = MajorsID,
      c.CourseID = CourseID,
      c.CreatedDate = NOW(),
      c.ModifiedDate = NOW()
  WHERE c.ClassID = ClassId;
END
$$

--
-- Create procedure `Proc_Insertclass`
--
CREATE PROCEDURE Proc_Insertclass (IN ClassCode varchar(20), IN ClassName varchar(255), IN CourseID char(36), IN MajorsID char(36), IN MajorsCode varchar(20))
SQL SECURITY INVOKER
BEGIN
  DECLARE ID char(36);
  IF (MajorsCode IS NOT NULL) THEN
    SET ID = (SELECT
        m.MajorsID
      FROM majors m
      WHERE m.MajorsCode = MajorsCode);
    INSERT INTO class (ClassID, ClassCode, ClassName, MajorsID, CourseID, CreatedDate, ModifiedDate)
      VALUES (UUID(), ClassCode, ClassName, ID, CourseID, NOW(), NOW());
  ELSEIF MajorsCode IS NULL THEN
    INSERT INTO class (ClassID, ClassCode, ClassName, MajorsID, CourseID, CreatedDate, ModifiedDate)
      VALUES (UUID(), ClassCode, ClassName, MajorsID, CourseID, NOW(), NOW());
  END IF;
END
$$

--
-- Create procedure `Proc_Getclasss`
--
CREATE PROCEDURE Proc_Getclasss ()
SQL SECURITY INVOKER
BEGIN
  SELECT
    c.ClassID,
    c.ClassCode,
    c.ClassName,
    c.CourseID,
    c.MajorsID,
    c.CreatedDate,
    c.ModifiedDate,
    m.MajorsName,
    c1.CourseName
  FROM class c
    LEFT JOIN majors m
      ON c.MajorsID = m.MajorsID
    LEFT JOIN course c1
      ON c.CourseID = c1.CourseID
  ORDER BY c.ClassName;
END
$$

--
-- Create procedure `Proc_GetclassById`
--
CREATE DEFINER = 'root'@'localhost'
PROCEDURE Proc_GetclassById (IN classId char(36))
BEGIN
  SELECT
    c.ClassID,
    c.ClassCode,
    c.ClassName,
    c.CourseID,
    c.MajorsID,
    c.CreatedDate,
    c.ModifiedDate,
    m.MajorsName,
    c1.CourseName
  FROM class c
    LEFT JOIN majors m
      ON c.MajorsID = m.MajorsID
    LEFT JOIN course c1
      ON c.CourseID = c1.CourseID
  WHERE c.ClassID = classId;
END
$$

--
-- Create procedure `Proc_Deleteclass`
--
CREATE PROCEDURE Proc_Deleteclass (IN classId char(36))
SQL SECURITY INVOKER
BEGIN
  DELETE
    FROM class
  WHERE class.ClassID = classId;
END
$$

DELIMITER ;

--
-- Create table `student`
--
CREATE TABLE student (
  StudentID char(36) NOT NULL COMMENT 'Khoá chính',
  StudentCode varchar(20) NOT NULL DEFAULT '' COMMENT 'Mã sinh viên',
  FullName varchar(255) NOT NULL DEFAULT '' COMMENT 'Họ tên',
  DateOfBirth date NOT NULL COMMENT 'Ngày sinh',
  Gender int(11) NOT NULL COMMENT 'Giới tính',
  ClassID char(36) NOT NULL COMMENT 'Khóa chính lớp',
  CreatedDate datetime DEFAULT NULL,
  ModifiedDate datetime DEFAULT NULL,
  PRIMARY KEY (StudentID)
)
ENGINE = INNODB,
AVG_ROW_LENGTH = 237,
CHARACTER SET utf8,
COLLATE utf8_general_ci,
COMMENT = 'Bảng sinh viên';

--
-- Create index `UK_student_StudentCode` on table `student`
--
ALTER TABLE student
ADD UNIQUE INDEX UK_student_StudentCode (StudentCode);

--
-- Create foreign key
--
ALTER TABLE student
ADD CONSTRAINT FK_Student_ClassID FOREIGN KEY (ClassID)
REFERENCES class (ClassID) ON DELETE CASCADE ON UPDATE CASCADE;

DELIMITER $$

--
-- Create procedure `Proc_Updatestudent`
--
CREATE DEFINER = 'root'@'localhost'
PROCEDURE Proc_Updatestudent (IN StudentCode varchar(20), IN FullName varchar(255), IN DateOfBirth date, IN Gender int, IN ClassID char(36), IN StudentId char(36))
BEGIN
  UPDATE student s
  SET s.StudentCode = StudentCode,
      s.FullName = FullName,
      s.DateOfBirth = DateOfBirth,
      s.Gender = Gender,
      s.ClassID = ClassID,
      s.CreatedDate = NOW(),
      s.ModifiedDate = NOW()
  WHERE s.StudentID = StudentId;
END
$$

--
-- Create procedure `Proc_Insertstudent`
--
CREATE PROCEDURE Proc_Insertstudent (IN StudentCode varchar(20), IN FullName varchar(255), IN DateOfBirth date, IN Gender int, IN ClassID char(36), IN ClassCode varchar(20))
SQL SECURITY INVOKER
BEGIN
  DECLARE ID char(36);
  IF ClassCode IS NOT NULL THEN
    SET ID = (SELECT
        c.ClassID
      FROM class c
      WHERE c.ClassCode = ClassCode);
    INSERT INTO student (StudentID, StudentCode, FullName, DateOfBirth, Gender, ClassID, CreatedDate, ModifiedDate)
      VALUES (UUID(), StudentCode, FullName, DateOfBirth, Gender, ID, NOW(), NOW());
  ELSEIF ClassCode IS NULL THEN
    INSERT INTO student (StudentID, StudentCode, FullName, DateOfBirth, Gender, ClassID, CreatedDate, ModifiedDate)
      VALUES (UUID(), StudentCode, FullName, DateOfBirth, Gender, ClassID, NOW(), NOW());
  END IF;

END
$$

--
-- Create procedure `Proc_Getstudents`
--
CREATE PROCEDURE Proc_Getstudents ()
SQL SECURITY INVOKER
BEGIN
  SELECT
    s.StudentID,
    s.StudentCode,
    s.FullName,
    s.DateOfBirth,
    s.Gender,
    s.ClassID,
    s.CreatedDate,
    s.ModifiedDate,
    c.ClassName
  FROM student s
    LEFT JOIN class c
      ON s.ClassID = c.ClassID
  ORDER BY s.CreatedDate DESC;
END
$$

--
-- Create procedure `Proc_GetstudentById`
--
CREATE PROCEDURE Proc_GetstudentById (IN studentId char(36))
SQL SECURITY INVOKER
BEGIN
  SELECT
    s.StudentID,
    s.StudentCode,
    s.FullName,
    s.DateOfBirth,
    s.Gender,
    s.ClassID,
    s.CreatedDate,
    s.ModifiedDate,
    c.ClassName
  FROM student s
    LEFT JOIN class c
      ON s.ClassID = c.ClassID
  WHERE s.StudentID = studentId;
END
$$

--
-- Create procedure `Proc_Deletestudent`
--
CREATE PROCEDURE Proc_Deletestudent (IN studentId char(36))
SQL SECURITY INVOKER
BEGIN
  DELETE
    FROM student
  WHERE student.StudentID = studentId;

END
$$

DELIMITER ;

--
-- Create table `detailpracticegroup`
--
CREATE TABLE detailpracticegroup (
  DetailPracticeGroupID char(36) NOT NULL COMMENT 'Khóa chính',
  PracticeGroupID char(36) NOT NULL COMMENT 'Khóa chính nhóm thực hành',
  StudentID char(36) NOT NULL COMMENT 'Khóa chính sinh viên',
  Note varchar(255) DEFAULT NULL COMMENT 'Ghi chú',
  CreatedDate datetime DEFAULT NULL,
  ModifiedDate datetime DEFAULT NULL,
  PRIMARY KEY (DetailPracticeGroupID)
)
ENGINE = INNODB,
AVG_ROW_LENGTH = 2340,
CHARACTER SET utf8,
COLLATE utf8_general_ci,
COMMENT = 'Bảng chi tiết nhóm thực hành';

--
-- Create foreign key
--
ALTER TABLE detailpracticegroup
ADD CONSTRAINT FK_detailpracticegroup_PracticeGroupID FOREIGN KEY (PracticeGroupID)
REFERENCES practicegroup (PracticeGroupID) ON DELETE CASCADE ON UPDATE CASCADE;

--
-- Create foreign key
--
ALTER TABLE detailpracticegroup
ADD CONSTRAINT FK_detailpracticegroup_StudentID FOREIGN KEY (StudentID)
REFERENCES student (StudentID) ON DELETE CASCADE ON UPDATE CASCADE;

DELIMITER $$

--
-- Create procedure `Proc_Updatedetailpracticegroup`
--
CREATE DEFINER = 'root'@'localhost'
PROCEDURE Proc_Updatedetailpracticegroup (IN PracticeGroupID char(36), IN StudentID char(36), IN Note varchar(255), IN DetailPracticeGroupId char(36))
BEGIN
  UPDATE detailpracticegroup d
  SET d.PracticeGroupID = PracticeGroupID,
      d.StudentID = StudentID,
      d.Note = Note,
      d.CreatedDate = NOW(),
      d.ModifiedDate = NOW()
  WHERE d.DetailPracticeGroupID = DetailPracticeGroupId;
END
$$

--
-- Create procedure `Proc_Insertdetailpracticegroup`
--
CREATE PROCEDURE Proc_Insertdetailpracticegroup (IN PracticeGroupID char(36), IN StudentID char(36), IN Note varchar(255))
SQL SECURITY INVOKER
BEGIN
  INSERT detailpracticegroup (DetailPracticeGroupID, PracticeGroupID, StudentID, Note, ModifiedDate, CreatedDate)
    VALUES (UUID(), PracticeGroupID, StudentID, Note, NOW(), NOW());

END
$$

--
-- Create procedure `Proc_GetdetailpracticegroupById`
--
CREATE PROCEDURE Proc_GetdetailpracticegroupById (IN DetailPracticeGroupId char(36))
SQL SECURITY INVOKER
BEGIN
  SELECT
    d.DetailPracticeGroupID,
    d.PracticeGroupID,
    d.StudentID,
    d.Note,
    d.CreatedDate,
    s.FullName,
    d.ModifiedDate
  FROM detailpracticegroup d
    LEFT JOIN student s
      ON d.StudentID = s.StudentID
  WHERE d.DetailPracticeGroupID = DetailPracticeGroupId;
END
$$

--
-- Create procedure `Proc_Getdetailpracticegroup`
--
CREATE PROCEDURE Proc_Getdetailpracticegroup (IN ID char(36))
SQL SECURITY INVOKER
BEGIN
  SELECT
    d.PracticeGroupID,
    d.StudentID,
    d.Note,
    d.CreatedDate,
    d.ModifiedDate,
    d.DetailPracticeGroupID,
    s.StudentCode,
    s.FullName,
    c.ClassName
  FROM detailpracticegroup d
    LEFT JOIN student s
      ON d.StudentID = s.StudentID
    LEFT JOIN class c
      ON s.ClassID = c.ClassID
  WHERE d.PracticeGroupID = ID
  ORDER BY d.CreatedDate DESC;
END
$$

--
-- Create procedure `Proc_Deletedetailpracticegroup`
--
CREATE PROCEDURE Proc_Deletedetailpracticegroup (IN DetailPracticeGroupId char(36))
SQL SECURITY INVOKER
BEGIN
  DELETE
    FROM detailpracticegroup
  WHERE detailpracticegroup.DetailPracticeGroupID = DetailPracticeGroupId;
END
$$

DELIMITER ;

--
-- Create table `detailmoduleclass`
--
CREATE TABLE detailmoduleclass (
  DetailModuleClassID char(36) NOT NULL COMMENT 'Khóa chính',
  ModuleClassID char(36) NOT NULL COMMENT 'Khóa chính lớp học phần',
  StudentID char(36) NOT NULL COMMENT 'Khóa chính sinh viên',
  FrequentPoints1 float DEFAULT NULL COMMENT 'Điểm thường xuyên 1',
  FrequentPoints2 float DEFAULT NULL COMMENT 'Điểm thường xuyên 2',
  MediumScore float DEFAULT NULL COMMENT 'ĐIểm trung bình',
  CreatedDate datetime DEFAULT NULL,
  ModifiedDate datetime DEFAULT NULL,
  PRIMARY KEY (DetailModuleClassID)
)
ENGINE = INNODB,
AVG_ROW_LENGTH = 2340,
CHARACTER SET utf8,
COLLATE utf8_general_ci,
COMMENT = 'Bảng chi tiết lớp học phần';

--
-- Create foreign key
--
ALTER TABLE detailmoduleclass
ADD CONSTRAINT FK_detailmoduleclass_ModuleClassID FOREIGN KEY (ModuleClassID)
REFERENCES moduleclass (ModuleClassID) ON DELETE CASCADE ON UPDATE CASCADE;

--
-- Create foreign key
--
ALTER TABLE detailmoduleclass
ADD CONSTRAINT FK_detailmoduleclass_StudentID FOREIGN KEY (StudentID)
REFERENCES student (StudentID) ON DELETE CASCADE ON UPDATE CASCADE;

DELIMITER $$

--
-- Create procedure `Proc_UpdateDetailModuleClass`
--
CREATE PROCEDURE Proc_UpdateDetailModuleClass (IN ModuleClassID char(36), IN StudentID char(36), IN FrequentPoints1 float, IN FrequentPoints2 float, IN MediumScore float, IN DetailModuleClassID char(36))
SQL SECURITY INVOKER
BEGIN
  UPDATE detailmoduleclass d
  SET d.ModuleClassID = ModuleClassID,
      d.StudentID = StudentID,
      d.FrequentPoints1 = FrequentPoints1,
      d.FrequentPoints2 = FrequentPoints2,
      d.MediumScore = MediumScore,
      d.CreatedDate = NOW(),
      d.ModifiedDate = NOW()
  WHERE d.DetailModuleClassID = DetailModuleClassID;

END
$$

--
-- Create procedure `Proc_InsertDetailModuleClass`
--
CREATE DEFINER = 'root'@'localhost'
PROCEDURE Proc_InsertDetailModuleClass (IN ModuleClassID char(36), IN StudentID char(36), IN FrequentPoints1 float, IN FrequentPoints2 float, IN MediumScore float, IN StudentCode varchar(255), IN ModuleClassCode varchar(255))
BEGIN
  DECLARE IDstudent char(36);
  DECLARE IDmoduleclass char(36);
  IF (StudentCode IS NOT NULL
    AND ModuleClassCode IS NOT NULL) THEN
    SET IDstudent = (SELECT
        s.StudentID
      FROM student s
      WHERE s.StudentCode = StudentCode);
    SET IDmoduleclass = (SELECT
        m.ModuleClassID
      FROM moduleclass m
      WHERE m.ModuleClassCode = ModuleClassCode);
    INSERT detailmoduleclass (DetailModuleClassID, ModuleClassID, StudentID, FrequentPoints1, FrequentPoints2, MediumScore, CreatedDate, ModifiedDate)
      VALUES (UUID(), IDmoduleclass, IDstudent, FrequentPoints1, FrequentPoints2, MediumScore, NOW(), NOW());
  ELSEIF (StudentCode IS NULL
    AND ModuleClassCode IS NULL) THEN
    INSERT detailmoduleclass (DetailModuleClassID, ModuleClassID, StudentID, FrequentPoints1, FrequentPoints2, MediumScore, CreatedDate, ModifiedDate)
      VALUES (UUID(), ModuleClassID, StudentID, FrequentPoints1, FrequentPoints2, MediumScore, NOW(), NOW());
  END IF;
END
$$

--
-- Create procedure `Proc_GetDetailModuleClassById`
--
CREATE PROCEDURE Proc_GetDetailModuleClassById (IN DetailModuleClassID char(36))
SQL SECURITY INVOKER
BEGIN
  SELECT
    d.DetailModuleClassID,
    d.ModuleClassID,
    d.StudentID,
    d.FrequentPoints1,
    d.FrequentPoints2,
    d.MediumScore,
    d.CreatedDate,
    d.ModifiedDate,
    s.StudentCode,
    s.FullName,
    s.ClassID,
    c.ClassName,
    c.CourseID,
    c.MajorsID,
    c1.CourseName,
    m1.MajorsName
  FROM detailmoduleclass d
    LEFT JOIN moduleclass m
      ON d.ModuleClassID = m.ModuleClassID
    LEFT JOIN student s
      ON d.StudentID = s.StudentID
    LEFT JOIN class c
      ON s.ClassID = c.ClassID
    LEFT JOIN majors m1
      ON c.MajorsID = m1.MajorsID
    LEFT JOIN course c1
      ON c.CourseID = c1.CourseID
  WHERE d.DetailModuleClassID = DetailModuleClassID;
END
$$

--
-- Create procedure `Proc_GetDetailModuleClass`
--
CREATE PROCEDURE Proc_GetDetailModuleClass (IN ID char(36))
SQL SECURITY INVOKER
BEGIN
  SELECT
    d.DetailModuleClassID,
    d.ModuleClassID,
    d.StudentID,
    d.FrequentPoints1,
    d.FrequentPoints2,
    d.MediumScore,
    d.CreatedDate,
    d.ModifiedDate,
    s.StudentCode,
    s.FullName,
    s.ClassID,
    c.ClassName
  FROM detailmoduleclass d
    LEFT JOIN moduleclass m
      ON d.ModuleClassID = m.ModuleClassID
    LEFT JOIN student s
      ON d.StudentID = s.StudentID
    LEFT JOIN class c
      ON s.ClassID = c.ClassID
  WHERE d.ModuleClassID = ID
  ORDER BY s.FullName;
END
$$

--
-- Create procedure `Proc_DeleteDetailModuleClass`
--
CREATE PROCEDURE Proc_DeleteDetailModuleClass (IN DetailModuleClassID varchar(255))
SQL SECURITY INVOKER
BEGIN
  DELETE
    FROM detailmoduleclass
  WHERE detailmoduleclass.DetailModuleClassID = DetailModuleClassID;

END
$$

DELIMITER ;

--
-- Create table `building`
--
CREATE TABLE building (
  BuildingID char(36) NOT NULL COMMENT 'Khóa chính',
  BuildingName varchar(255) NOT NULL DEFAULT '' COMMENT 'Tên toà nhà',
  BaseBuilding varchar(255) NOT NULL DEFAULT '' COMMENT 'Tên cơ sở (1,2,3)',
  CreatedDate datetime DEFAULT NULL,
  ModifiedDate datetime DEFAULT NULL,
  PRIMARY KEY (BuildingID)
)
ENGINE = INNODB,
AVG_ROW_LENGTH = 327,
CHARACTER SET utf8,
COLLATE utf8_general_ci,
COMMENT = 'Bảng toà nhà';

DELIMITER $$

--
-- Create procedure `Proc_Updatebuilding`
--
CREATE PROCEDURE Proc_Updatebuilding (IN BuildingID char(36), IN BuildingName varchar(255), IN BaseBuilding varchar(255))
SQL SECURITY INVOKER
BEGIN
  UPDATE building b
  SET b.BuildingName = BuildingName,
      b.BaseBuilding = BaseBuilding,
      b.CreatedDate = NOW(),
      b.ModifiedDate = NOW()
  WHERE b.BuildingID = BuildingID;
END
$$

--
-- Create procedure `Proc_Insertbuilding`
--
CREATE PROCEDURE Proc_Insertbuilding (IN BuildingName varchar(255), IN BaseBuilding varchar(255))
SQL SECURITY INVOKER
BEGIN
  INSERT INTO building (BuildingID, BuildingName, BaseBuilding, CreatedDate, ModifiedDate)
    VALUES (UUID(), BuildingName, BaseBuilding, NOW(), NOW());

END
$$

--
-- Create procedure `Proc_Getbuildings`
--
CREATE PROCEDURE Proc_Getbuildings ()
SQL SECURITY INVOKER
BEGIN
  SELECT
    *
  FROM building b
  ORDER BY b.BuildingName;
END
$$

--
-- Create procedure `Proc_GetbuildingById`
--
CREATE PROCEDURE Proc_GetbuildingById (IN buildingId char(36))
SQL SECURITY INVOKER
BEGIN
  SELECT
    *
  FROM building b
  WHERE b.BuildingID = buildingId;
END
$$

--
-- Create procedure `Proc_Deletebuilding`
--
CREATE PROCEDURE Proc_Deletebuilding (IN buildingId char(36))
SQL SECURITY INVOKER
BEGIN
  DELETE
    FROM building
  WHERE building.BuildingID = buildingId;
END
$$

DELIMITER ;

--
-- Create table `practicallaboratory`
--
CREATE TABLE practicallaboratory (
  PracticalLaboratoryID char(36) NOT NULL COMMENT 'Khóa chính',
  PracticalLaboratoryCode varchar(20) NOT NULL DEFAULT '' COMMENT 'Mã phòng thực hành',
  PracticalLaboratoryName varchar(255) NOT NULL DEFAULT '' COMMENT 'Tên phòng thực hành',
  NumberOfSeats int(11) NOT NULL COMMENT 'Số chỗ',
  Description varchar(255) DEFAULT NULL COMMENT 'Mô tả ',
  BuildingID char(36) NOT NULL COMMENT 'Khóa chính tòa nhà',
  CreatedDate datetime DEFAULT NULL,
  ModifiedDate datetime DEFAULT NULL,
  OlogyID char(36) NOT NULL COMMENT 'Khóa chính khoa quản lý',
  SubjectID char(36) NOT NULL COMMENT 'Khóa chính bộ môn quản lý',
  Status tinyint(4) NOT NULL DEFAULT 0 COMMENT 'Trạng thái (0 - bình thường, 1 - bảo trì))',
  PRIMARY KEY (PracticalLaboratoryID)
)
ENGINE = INNODB,
AVG_ROW_LENGTH = 327,
CHARACTER SET utf8,
COLLATE utf8_general_ci,
COMMENT = 'Bảng phòng thực hành';

--
-- Create index `UK_practicallaboratory_PracticalLaboratoryCode` on table `practicallaboratory`
--
ALTER TABLE practicallaboratory
ADD UNIQUE INDEX UK_practicallaboratory_PracticalLaboratoryCode (PracticalLaboratoryCode);

--
-- Create foreign key
--
ALTER TABLE practicallaboratory
ADD CONSTRAINT FK_practicallaboratory_BuildingID FOREIGN KEY (BuildingID)
REFERENCES building (BuildingID) ON DELETE CASCADE ON UPDATE CASCADE;

--
-- Create foreign key
--
ALTER TABLE practicallaboratory
ADD CONSTRAINT FK_practicallaboratory_OlogyID FOREIGN KEY (OlogyID)
REFERENCES ology (OlogyID) ON DELETE CASCADE ON UPDATE CASCADE;

--
-- Create foreign key
--
ALTER TABLE practicallaboratory
ADD CONSTRAINT FK_practicallaboratory_SubjectID FOREIGN KEY (SubjectID)
REFERENCES subject (SubjectID) ON DELETE CASCADE ON UPDATE CASCADE;

DELIMITER $$

--
-- Create procedure `Proc_Updatepracticallaboratory`
--
CREATE PROCEDURE Proc_Updatepracticallaboratory (IN PracticalLaboratoryCode varchar(20), IN PracticalLaboratoryName varchar(255), IN NumberOfSeats int, IN Description varchar(255), IN BuildingID char(36), IN PracticalLaboratoryID char(36), IN SubjectID char(36), IN OlogyID char(36), IN Status tinyint)
SQL SECURITY INVOKER
BEGIN
  UPDATE practicallaboratory p
  SET p.PracticalLaboratoryCode = PracticalLaboratoryCode,
      p.PracticalLaboratoryName = PracticalLaboratoryName,
      p.NumberOfSeats = NumberOfSeats,
      p.Description = Description,
      p.BuildingID = BuildingID,
      p.SubjectID = SubjectID,
      p.OlogyID = OlogyID,
      p.Status = Status,
      p.CreatedDate = NOW(),
      p.ModifiedDate = NOW()
  WHERE p.PracticalLaboratoryID = PracticalLaboratoryID;
END
$$

--
-- Create procedure `Proc_Insertpracticallaboratory`
--
CREATE PROCEDURE Proc_Insertpracticallaboratory (IN PracticalLaboratoryCode varchar(20), IN PracticalLaboratoryName varchar(255), IN NumberOfSeats int, IN Description varchar(255), IN BuildingID char(36), IN SubjectID char(36), IN OlogyID char(36), IN Status tinyint)
SQL SECURITY INVOKER
BEGIN
  INSERT HIGH_PRIORITY INTO practicallaboratory (PracticalLaboratoryID, PracticalLaboratoryCode, PracticalLaboratoryName, NumberOfSeats, Description, BuildingID, SubjectID, OlogyID, Status, CreatedDate, ModifiedDate)
    VALUES (UUID(), PracticalLaboratoryCode, PracticalLaboratoryName, NumberOfSeats, Description, BuildingID, SubjectID, OlogyID, Status, NOW(), NOW());

END
$$

--
-- Create procedure `Proc_Getpracticallaboratorys`
--
CREATE PROCEDURE Proc_Getpracticallaboratorys ()
SQL SECURITY INVOKER
BEGIN
  SELECT
    p.PracticalLaboratoryID,
    p.PracticalLaboratoryCode,
    p.PracticalLaboratoryName,
    p.NumberOfSeats,
    p.Description,
    p.BuildingID,
    p.CreatedDate,
    p.ModifiedDate,
    p.SubjectID,
    s.SubjectName,
    p.Status,
    p.OlogyID,
    o.OlogyName,
    b.BuildingName
  FROM practicallaboratory p
    LEFT JOIN building b
      ON p.BuildingID = b.BuildingID
    LEFT JOIN subject s
      ON p.SubjectID = s.SubjectID
    LEFT JOIN ology o
      ON p.OlogyID = o.OlogyID
  ORDER BY p.PracticalLaboratoryName;
END
$$

--
-- Create procedure `Proc_GetpracticallaboratoryById`
--
CREATE PROCEDURE Proc_GetpracticallaboratoryById (IN practicallaboratoryId char(36))
SQL SECURITY INVOKER
BEGIN
  SELECT
    p.PracticalLaboratoryID,
    p.PracticalLaboratoryCode,
    p.PracticalLaboratoryName,
    p.NumberOfSeats,
    p.Description,
    p.BuildingID,
    p.CreatedDate,
    p.ModifiedDate,
    p.SubjectID,
    p.OlogyID,
    p.Status,
    s.SubjectName,
    o.OlogyName,
    b.BuildingName
  FROM practicallaboratory p
    LEFT JOIN building b
      ON p.BuildingID = b.BuildingID
    LEFT JOIN subject s
      ON p.SubjectID = s.SubjectID
    LEFT JOIN ology o
      ON p.OlogyID = o.OlogyID
  WHERE p.PracticalLaboratoryID = practicallaboratoryId;
END
$$

--
-- Create procedure `Proc_Getequipments`
--
CREATE PROCEDURE Proc_Getequipments ()
SQL SECURITY INVOKER
BEGIN
  SELECT
    e.EquipmentID,
    e.EquipmentCode,
    e.PracticalLaboratoryID,
    e.EquipmentName,
    e.Description,
    e.EquipmentStatus,
    e.CreatedDate,
    e.ModifiedDate,
    p.PracticalLaboratoryName,
    p.Status
  FROM equipment e
    JOIN practicallaboratory p
      ON e.PracticalLaboratoryID = p.PracticalLaboratoryID
  ORDER BY e.ModifiedDate DESC;
END
$$

--
-- Create procedure `Proc_Getequipment`
--
CREATE PROCEDURE Proc_Getequipment (IN ID char(36))
SQL SECURITY INVOKER
BEGIN
  SELECT
    e.EquipmentID,
    e.EquipmentCode,
    e.PracticalLaboratoryID,
    e.EquipmentName,
    e.Description,
    e.EquipmentStatus,
    e.CreatedDate,
    e.ModifiedDate,
    p.PracticalLaboratoryName,
    p.Status
  FROM equipment e
    JOIN practicallaboratory p
      ON e.PracticalLaboratoryID = p.PracticalLaboratoryID
  WHERE e.PracticalLaboratoryID = ID
  ORDER BY e.ModifiedDate DESC;
END
$$

--
-- Create procedure `Proc_Deletepracticallaboratory`
--
CREATE PROCEDURE Proc_Deletepracticallaboratory (IN practicallaboratoryId char(36))
SQL SECURITY INVOKER
BEGIN
  DELETE
    FROM practicallaboratory
  WHERE practicallaboratory.PracticalLaboratoryID = practicallaboratoryId;

END
$$

DELIMITER ;

--
-- Create table `equipment`
--
CREATE TABLE equipment (
  EquipmentID char(36) CHARACTER SET utf8 COLLATE utf8_general_ci NOT NULL COMMENT 'Khóa chính',
  EquipmentCode varchar(20) CHARACTER SET utf8 COLLATE utf8_general_ci DEFAULT '',
  PracticalLaboratoryID char(36) CHARACTER SET utf8 COLLATE utf8_general_ci NOT NULL DEFAULT '' COMMENT 'Mã phòng TNTH',
  EquipmentName varchar(255) CHARACTER SET utf8 COLLATE utf8_general_ci NOT NULL COMMENT 'Tên thiết bị',
  Description varchar(1000) CHARACTER SET utf8 COLLATE utf8_general_ci DEFAULT NULL COMMENT 'Mô tả',
  EquipmentStatus tinyint(4) NOT NULL DEFAULT 0 COMMENT 'Trạng thái (0 - bình thường, 1 - bảo trì)',
  CreatedDate datetime DEFAULT NULL COMMENT 'Ngày tạo',
  ModifiedDate datetime DEFAULT NULL COMMENT 'Ngày chỉnh sửa gần nhất',
  PRIMARY KEY (EquipmentID)
)
ENGINE = INNODB,
AVG_ROW_LENGTH = 983,
CHARACTER SET utf8mb4,
COLLATE utf8mb4_general_ci,
COMMENT = 'Bảng thiết bị thực hành';

--
-- Create index `EquipmentCode` on table `equipment`
--
ALTER TABLE equipment
ADD UNIQUE INDEX EquipmentCode (EquipmentCode);

--
-- Create foreign key
--
ALTER TABLE equipment
ADD CONSTRAINT FK_equipment_PracticalLaboratoryID FOREIGN KEY (PracticalLaboratoryID)
REFERENCES practicallaboratory (PracticalLaboratoryID) ON DELETE CASCADE ON UPDATE CASCADE;

DELIMITER $$

--
-- Create procedure `Proc_UpdateEquipment`
--
CREATE PROCEDURE Proc_UpdateEquipment (IN EquipmentID char(36), IN EquipmentCode varchar(20), IN PracticalLaboratoryID char(36), IN EquipmentName varchar(255), IN Description varchar(1000), IN EquipmentStatus tinyint)
SQL SECURITY INVOKER
BEGIN
  UPDATE equipment e
  SET e.EquipmentCode = EquipmentCode,
      e.PracticalLaboratoryID = PracticalLaboratoryID,
      e.EquipmentName = EquipmentName,
      e.Description = Description,
      e.EquipmentStatus = EquipmentStatus,
      e.ModifiedDate = NOW()
  WHERE e.EquipmentID = EquipmentID;
END
$$

--
-- Create procedure `Proc_Insertequipment`
--
CREATE PROCEDURE Proc_Insertequipment (IN EquipmentCode varchar(20), IN PracticalLaboratoryID char(36), IN EquipmentName varchar(255), IN Description varchar(1000), IN EquipmentStatus tinyint)
SQL SECURITY INVOKER
BEGIN
  INSERT HIGH_PRIORITY INTO equipment (EquipmentID, EquipmentCode, PracticalLaboratoryID, EquipmentName, Description, EquipmentStatus, CreatedDate, ModifiedDate)
    VALUES (UUID(), EquipmentCode, PracticalLaboratoryID, EquipmentName, Description, EquipmentStatus, NOW(), NOW());
END
$$

--
-- Create procedure `Proc_GetequipmentById`
--
CREATE PROCEDURE Proc_GetequipmentById (IN EquipmentID char(36))
SQL SECURITY INVOKER
BEGIN
  SELECT
    *
  FROM equipment e
  WHERE e.EquipmentID = EquipmentID;
END
$$

--
-- Create procedure `Proc_DeleteEquipment`
--
CREATE PROCEDURE Proc_DeleteEquipment (IN EquipmentID char(36))
SQL SECURITY INVOKER
BEGIN
  DELETE
    FROM equipment
  WHERE equipment.EquipmentID = EquipmentID;
END
$$

DELIMITER ;

--
-- Create table `permission`
--
CREATE TABLE permission (
  PermissionID char(36) NOT NULL COMMENT 'Khóa chính',
  PermissionName varchar(255) NOT NULL COMMENT 'Tên nhóm quyền',
  PRIMARY KEY (PermissionID)
)
ENGINE = INNODB,
AVG_ROW_LENGTH = 5461,
CHARACTER SET utf8,
COLLATE utf8_general_ci,
COMMENT = 'Bảng phân quyền';

DELIMITER $$

--
-- Create procedure `Proc_Getusers`
--
CREATE PROCEDURE Proc_Getusers ()
SQL SECURITY INVOKER
BEGIN
  SELECT
    u.UserID,
    u.UserName,
    u.PassWord,
    u.PermissionID,
    u.PhoneNumber,
    u.FullName,
    u.Email,
    p.PermissionName
  FROM user u
    LEFT JOIN permission p
      ON u.PermissionID = p.PermissionID
  ORDER BY u.CreatedDate DESC;
END
$$

--
-- Create procedure `Proc_GetuserById`
--
CREATE PROCEDURE Proc_GetuserById (IN UserID char(36))
SQL SECURITY INVOKER
BEGIN
  SELECT
    u.UserID,
    u.UserName,
    u.PassWord,
    u.PermissionID,
    u.PhoneNumber,
    u.FullName,
    u.Email,
    p.PermissionName
  FROM user u
    LEFT JOIN permission p
      ON u.PermissionID = p.PermissionID
  WHERE u.UserID = UserID;
END
$$

--
-- Create procedure `Proc_Getpermissions`
--
CREATE DEFINER = 'root'@'localhost'
PROCEDURE Proc_Getpermissions ()
BEGIN
  SELECT
    *
  FROM permission p;
END
$$

DELIMITER ;

--
-- Create table `user`
--
CREATE TABLE user (
  UserID char(36) NOT NULL COMMENT 'Khóa chính usre',
  UserName varchar(255) NOT NULL COMMENT 'Tên đăng nhập',
  PassWord varchar(20) NOT NULL COMMENT 'Mật khẩu',
  PermissionID char(36) NOT NULL COMMENT 'Khóa chính nhóm quyền',
  PhoneNumber varchar(50) NOT NULL COMMENT 'Số điện thoại',
  FullName varchar(255) NOT NULL COMMENT 'Họ tên',
  Email varchar(255) NOT NULL COMMENT 'Email',
  CreatedDate datetime DEFAULT NULL,
  ModifiedDate datetime DEFAULT NULL,
  PRIMARY KEY (UserID)
)
ENGINE = INNODB,
AVG_ROW_LENGTH = 5461,
CHARACTER SET utf8,
COLLATE utf8_general_ci,
COMMENT = 'Bảng tài khoản';

--
-- Create foreign key
--
ALTER TABLE user
ADD CONSTRAINT FK_user_PermissionID FOREIGN KEY (PermissionID)
REFERENCES permission (PermissionID) ON DELETE CASCADE ON UPDATE CASCADE;

--
-- Create table `practiceshift`
--
CREATE TABLE practiceshift (
  PracticeShiftID char(36) NOT NULL,
  PracticeShiftName varchar(255) NOT NULL DEFAULT '' COMMENT 'Tên ca thực hành',
  StartTime datetime NOT NULL COMMENT 'thời gian bắt đầu',
  EndTime datetime NOT NULL COMMENT 'Thời gian kết thúc',
  CreatedDate date DEFAULT NULL,
  ModifiedDate date DEFAULT NULL,
  PRIMARY KEY (PracticeShiftID)
)
ENGINE = INNODB,
AVG_ROW_LENGTH = 2730,
CHARACTER SET utf8,
COLLATE utf8_general_ci,
COMMENT = 'Bảng ca thực hành';

DELIMITER $$

--
-- Create procedure `Proc_GetPracticeShifts`
--
CREATE PROCEDURE Proc_GetPracticeShifts ()
SQL SECURITY INVOKER
BEGIN
  SELECT
    *
  FROM practiceshift p
  ORDER BY p.PracticeShiftName;
END
$$

DELIMITER ;

--
-- Create table `practiceschedule`
--
CREATE TABLE practiceschedule (
  PracticeScheduleID char(36) NOT NULL,
  Date datetime NOT NULL COMMENT 'Ngày thực hành',
  PracticeShiftID char(36) NOT NULL DEFAULT '' COMMENT 'Mã ca thực hành',
  PracticeGroupID char(36) NOT NULL DEFAULT '' COMMENT 'Mã nhóm thực hành',
  PracticalLaboratoryID char(36) NOT NULL DEFAULT '' COMMENT 'Mã phòng thực hành',
  Status tinyint(4) NOT NULL DEFAULT 0 COMMENT '0 chưa dạy , 1 đã dạy',
  Description varchar(255) DEFAULT NULL COMMENT 'Mô tả',
  StartTime char(20) DEFAULT NULL COMMENT 'Thời gian bắt đầu',
  EndTime char(20) DEFAULT NULL COMMENT 'Thời gian kết thúc',
  CreatedDate date DEFAULT NULL,
  ModifiedDate date DEFAULT NULL,
  SchoolYearID char(36) NOT NULL COMMENT 'Năm học',
  SemesterID char(36) NOT NULL COMMENT 'Học kỳ',
  Request tinyint(4) NOT NULL DEFAULT 0 COMMENT 'Yêu cầu (0 đăng ký, 1 xác nhận)',
  PRIMARY KEY (PracticeScheduleID)
)
ENGINE = INNODB,
AVG_ROW_LENGTH = 327,
CHARACTER SET utf8,
COLLATE utf8_general_ci,
COMMENT = 'Bảng lịch thực hành';

--
-- Create foreign key
--
ALTER TABLE practiceschedule
ADD CONSTRAINT FK_practiceschedule_PracticalLaboratoryID FOREIGN KEY (PracticalLaboratoryID)
REFERENCES practicallaboratory (PracticalLaboratoryID) ON DELETE CASCADE ON UPDATE CASCADE;

--
-- Create foreign key
--
ALTER TABLE practiceschedule
ADD CONSTRAINT FK_practiceschedule_PracticeGroupID FOREIGN KEY (PracticeGroupID)
REFERENCES practicegroup (PracticeGroupID) ON DELETE CASCADE ON UPDATE CASCADE;

--
-- Create foreign key
--
ALTER TABLE practiceschedule
ADD CONSTRAINT FK_practiceschedule_PracticeShiftID FOREIGN KEY (PracticeShiftID)
REFERENCES practiceshift (PracticeShiftID) ON DELETE CASCADE ON UPDATE CASCADE;

--
-- Create foreign key
--
ALTER TABLE practiceschedule
ADD CONSTRAINT FK_practiceschedule_SchoolYearID FOREIGN KEY (SchoolYearID)
REFERENCES schoolyear (SchoolYearID) ON DELETE CASCADE ON UPDATE CASCADE;

--
-- Create foreign key
--
ALTER TABLE practiceschedule
ADD CONSTRAINT FK_practiceschedule_SemesterID FOREIGN KEY (SemesterID)
REFERENCES semester (SemesterID) ON DELETE CASCADE ON UPDATE CASCADE;

DELIMITER $$

--
-- Create procedure `Proc_UpdatePracticeSchedule`
--
CREATE PROCEDURE Proc_UpdatePracticeSchedule (IN PracticeScheduleID char(36), IN PracticeShiftID char(36), IN PracticeGroupID char(36), IN PracticalLaboratoryID char(36), IN Date datetime, IN Status tinyint, IN Description varchar(255), IN StartTime char(20), IN EndTime char(20), IN SchoolYearID char(36), IN SemesterID char(36), IN Request tinyint)
SQL SECURITY INVOKER
BEGIN
  UPDATE practiceschedule p
  SET p.PracticeShiftID = PracticeShiftID,
      p.PracticeGroupID = PracticeGroupID,
      p.PracticalLaboratoryID = PracticalLaboratoryID,
      p.Date = Date,
      p.Status = Status,
      p.Description = Description,
      p.StartTime = StartTime,
      p.EndTime = EndTime,
      p.SchoolYearID = SchoolYearID,
      p.SemesterID = SemesterID,
      p.Request = Request,
      p.ModifiedDate = NOW()
  WHERE p.PracticeScheduleID = PracticeScheduleID;
END
$$

--
-- Create procedure `Proc_InsertPracticeSchedule`
--
CREATE PROCEDURE Proc_InsertPracticeSchedule (IN PracticeShiftID char(36), IN PracticeGroupID char(36), IN PracticalLaboratoryID char(36), IN Date datetime, IN Status tinyint, IN Description varchar(255), IN StartTime char(20), IN EndTime char(20), IN SchoolYearID char(36), IN SemesterID char(36))
SQL SECURITY INVOKER
BEGIN
  INSERT INTO practiceschedule (PracticeScheduleID, PracticeShiftID, PracticeGroupID, PracticalLaboratoryID, Date, Status, Description, StartTime, EndTime, SchoolYearID, SemesterID, CreatedDate, ModifiedDate)
    VALUES (UUID(), PracticeShiftID, PracticeGroupID, PracticalLaboratoryID, Date, Status, Description, StartTime, EndTime, SchoolYearID, SemesterID, NOW(), NOW());
END
$$

--
-- Create procedure `Proc_GetPracticeSchedules`
--
CREATE PROCEDURE Proc_GetPracticeSchedules ()
SQL SECURITY INVOKER
BEGIN
  SELECT
    p.PracticeScheduleID,
    p.Date,
    p.PracticeShiftID,
    p.Status,
    p.Description,
    p.StartTime,
    p.EndTime,
    p.Request,
    p1.PracticeShiftName,
    p.PracticeGroupID,
    p2.PracticeGroupName,
    p.PracticalLaboratoryID,
    p3.PracticalLaboratoryName,
    s.SchoolYearID,
    s.SchoolYearName,
    s1.SemesterID,
    s1.SemesterName,
    t.TeacherID,
    t.FullName
  FROM practiceschedule p
    JOIN practiceshift p1
      ON p.PracticeShiftID = p1.PracticeShiftID
    JOIN practicegroup p2
      ON p.PracticeGroupID = p2.PracticeGroupID
    JOIN practicallaboratory p3
      ON p.PracticalLaboratoryID = p3.PracticalLaboratoryID
    JOIN schoolyear s
      ON p.SchoolYearID = s.SchoolYearID
    JOIN semester s1
      ON p.SemesterID = s1.SemesterID
    JOIN teacher t
      ON p2.TeacherID = t.TeacherID
  ORDER BY p1.PracticeShiftName;
END
$$

--
-- Create procedure `Proc_GetPracticeScheduleById`
--
CREATE PROCEDURE Proc_GetPracticeScheduleById (IN PracticeScheduleID char(36))
SQL SECURITY INVOKER
BEGIN
  SELECT
    p.PracticeScheduleID,
    p.Date,
    p.PracticeShiftID,
    p.Status,
    p.Description,
    p.StartTime,
    p.EndTime,
    p.Request,
    p1.PracticeShiftName,
    p.PracticeGroupID,
    p2.PracticeGroupName,
    p.PracticalLaboratoryID,
    p3.PracticalLaboratoryName,
    s.SchoolYearID,
    s.SchoolYearName,
    s1.SemesterID,
    s1.SemesterName,
    t.FullName
  FROM practiceschedule p
    JOIN practiceshift p1
      ON p.PracticeShiftID = p1.PracticeShiftID
    JOIN practicegroup p2
      ON p.PracticeGroupID = p2.PracticeGroupID
    JOIN practicallaboratory p3
      ON p.PracticalLaboratoryID = p3.PracticalLaboratoryID
    JOIN schoolyear s
      ON p.SchoolYearID = s.SchoolYearID
    JOIN semester s1
      ON p.SemesterID = s1.SemesterID
    JOIN teacher t
      ON p2.TeacherID = t.TeacherID
  WHERE p.PracticeScheduleID = PracticeScheduleID
  ORDER BY p1.PracticeShiftName;
END
$$

--
-- Create procedure `Proc_GetPracticeSchedule`
--
CREATE PROCEDURE Proc_GetPracticeSchedule (IN ID char(36))
SQL SECURITY INVOKER
BEGIN
  SELECT
    p.PracticeScheduleID,
    p.Date,
    p.PracticeShiftID,
    p.Status,
    p.Description,
    p.Request,
    p.StartTime,
    p.EndTime,
    p1.PracticeShiftName,
    p.PracticeGroupID,
    p2.PracticeGroupName,
    p.PracticalLaboratoryID,
    p3.PracticalLaboratoryName,
    s.SchoolYearID,
    s.SchoolYearName,
    s1.SemesterID,
    s1.SemesterName
  FROM practiceschedule p
    JOIN practiceshift p1
      ON p.PracticeShiftID = p1.PracticeShiftID
    JOIN practicegroup p2
      ON p.PracticeGroupID = p2.PracticeGroupID
    JOIN practicallaboratory p3
      ON p.PracticalLaboratoryID = p3.PracticalLaboratoryID
    JOIN schoolyear s
      ON p.SchoolYearID = s.SchoolYearID
    JOIN semester s1
      ON p.SemesterID = s1.SemesterID
  WHERE p.PracticeGroupID = ID
  ORDER BY p1.PracticeShiftName;
END
$$

--
-- Create procedure `Proc_FindPracticeSchedule`
--
CREATE PROCEDURE Proc_FindPracticeSchedule (IN ID char(36))
SQL SECURITY INVOKER
BEGIN
  SELECT
    p.PracticeScheduleID,
    p.Date,
    p.PracticeShiftID,
    p.Status,
    p.Description,
    p.Request,
    p.StartTime,
    p.EndTime,
    p1.PracticeShiftName,
    p.PracticeGroupID,
    p2.PracticeGroupName,
    p.PracticalLaboratoryID,
    p3.PracticalLaboratoryName,
    s.SchoolYearID,
    s.SchoolYearName,
    s1.SemesterID,
    s1.SemesterName,
    t.TeacherID,
    t.FullName
  FROM practiceschedule p
    JOIN practiceshift p1
      ON p.PracticeShiftID = p1.PracticeShiftID
    JOIN practicegroup p2
      ON p.PracticeGroupID = p2.PracticeGroupID
    JOIN practicallaboratory p3
      ON p.PracticalLaboratoryID = p3.PracticalLaboratoryID
    JOIN schoolyear s
      ON p.SchoolYearID = s.SchoolYearID
    JOIN semester s1
      ON p.SemesterID = s1.SemesterID
    JOIN teacher t
      ON p2.TeacherID = t.TeacherID
  WHERE p.PracticeScheduleID = ID;
END
$$

--
-- Create procedure `Proc_DeletePracticeSchedule`
--
CREATE PROCEDURE Proc_DeletePracticeSchedule (IN PracticeScheduleID char(36))
SQL SECURITY INVOKER
BEGIN
  DELETE
    FROM practiceschedule
  WHERE practiceschedule.PracticeScheduleID = PracticeScheduleID;
END
$$

DELIMITER ;

--
-- Create table `attendance`
--
CREATE TABLE attendance (
  AttendanceID char(36) NOT NULL,
  StudentID char(36) NOT NULL,
  StartTime varchar(10) DEFAULT NULL,
  EndTime varchar(10) DEFAULT NULL,
  Description varchar(255) DEFAULT NULL,
  CreatedDate date DEFAULT NULL,
  ModifiedDate date DEFAULT NULL,
  PracticeScheduleID char(36) DEFAULT NULL,
  AttendanceStatus tinyint(4) DEFAULT 1 COMMENT 'Điểm danh (0 - vắng, 1 - đủ)',
  PRIMARY KEY (AttendanceID)
)
ENGINE = INNODB,
AVG_ROW_LENGTH = 381,
CHARACTER SET utf8,
COLLATE utf8_general_ci,
COMMENT = 'Bảng điểm danh';

--
-- Create foreign key
--
ALTER TABLE attendance
ADD CONSTRAINT FK_Attendance_StudentID FOREIGN KEY (StudentID)
REFERENCES student (StudentID) ON DELETE CASCADE ON UPDATE CASCADE;

--
-- Create foreign key
--
ALTER TABLE attendance
ADD CONSTRAINT FK_attendance_PracticeScheduleID FOREIGN KEY (PracticeScheduleID)
REFERENCES practiceschedule (PracticeScheduleID) ON DELETE CASCADE ON UPDATE CASCADE;

DELIMITER $$

--
-- Create procedure `Proc_UpdateAttendance`
--
CREATE PROCEDURE Proc_UpdateAttendance (IN AttendanceID char(36), IN Description varchar(255), IN AttendanceStatus tinyint, IN StartTime varchar(10), IN EndTime varchar(10))
SQL SECURITY INVOKER
BEGIN
  UPDATE attendance a
  SET a.Description = Description,
      a.AttendanceStatus = AttendanceStatus,
      a.StartTime = StartTime,
      a.EndTime = EndTime,
      a.ModifiedDate = NOW()
  WHERE a.AttendanceID = AttendanceID;
END
$$

--
-- Create procedure `Proc_InsertAttendance`
--
CREATE PROCEDURE Proc_InsertAttendance (IN PracticeScheduleID char(36), IN StudentID char(36))
SQL SECURITY INVOKER
BEGIN
  INSERT INTO attendance (AttendanceID, PracticeScheduleID, StudentID, CreatedDate, ModifiedDate)
    VALUE (UUID(), PracticeScheduleID, StudentID, NOW(), NOW());
END
$$

--
-- Create procedure `Proc_GetAttendances`
--
CREATE PROCEDURE Proc_GetAttendances ()
SQL SECURITY INVOKER
BEGIN
  SELECT
    a.AttendanceID,
    a.StudentID,
    s.StudentCode,
    s.FullName,
    a.AttendanceStatus,
    a.Description,
    a.StartTime,
    a.EndTime
  FROM attendance a
    JOIN student s
      ON a.StudentID = s.StudentID
  ORDER BY s.FullName;
END
$$

--
-- Create procedure `Proc_GetAttendanceById`
--
CREATE PROCEDURE Proc_GetAttendanceById (IN AttendanceID char(36))
SQL SECURITY INVOKER
BEGIN
  SELECT
    a.AttendanceID,
    a.StudentID,
    s.StudentCode,
    s.FullName,
    a.AttendanceStatus,
    a.Description,
    a.StartTime,
    a.EndTime
  FROM attendance a
    JOIN student s
      ON a.StudentID = s.StudentID
  WHERE a.AttendanceID = AttendanceID;
END
$$

--
-- Create procedure `Proc_GetAttendance`
--
CREATE PROCEDURE Proc_GetAttendance (IN ID char(36))
SQL SECURITY INVOKER
BEGIN
  SELECT
    a.AttendanceID,
    a.StudentID,
    s.StudentCode,
    s.FullName,
    a.AttendanceStatus,
    a.Description,
    a.StartTime,
    a.EndTime
  FROM attendance a
    JOIN student s
      ON a.StudentID = s.StudentID
  WHERE a.PracticeScheduleID = ID
  ORDER BY s.FullName;
END
$$

--
-- Create procedure `Proc_DeleteAttendance`
--
CREATE PROCEDURE Proc_DeleteAttendance (IN AttendanceID char(36))
SQL SECURITY INVOKER
BEGIN
  DELETE
    FROM attendance
  WHERE attendance.AttendanceID = AttendanceID;
END
$$

DELIMITER ;

--
-- Create table `technicalstaff`
--
CREATE TABLE technicalstaff (
  TechnicalStaffID char(36) CHARACTER SET utf8 COLLATE utf8_general_ci NOT NULL COMMENT 'Khóa chính',
  TechnicalStaffCode varchar(20) CHARACTER SET utf8 COLLATE utf8_general_ci NOT NULL COMMENT 'Mã cán bộ kỹ thuật',
  FullName varchar(255) CHARACTER SET utf8 COLLATE utf8_general_ci NOT NULL DEFAULT '' COMMENT 'Tên cán bộ kỹ thuật',
  PhoneNumber varchar(12) CHARACTER SET utf8 COLLATE utf8_general_ci NOT NULL DEFAULT '' COMMENT 'Số điện thoại',
  Email varchar(255) CHARACTER SET utf8 COLLATE utf8_general_ci NOT NULL DEFAULT '' COMMENT 'email',
  CreatedDate datetime DEFAULT NULL COMMENT 'Ngày tạo',
  ModifiedDate datetime DEFAULT NULL COMMENT 'Ngày chỉnh sửa gần nhất',
  PRIMARY KEY (TechnicalStaffID)
)
ENGINE = INNODB,
AVG_ROW_LENGTH = 819,
CHARACTER SET utf8mb4,
COLLATE utf8mb4_general_ci,
COMMENT = 'Bảng cán bộ kỹ thuật';

--
-- Create index `TechnicalStaffCode` on table `technicalstaff`
--
ALTER TABLE technicalstaff
ADD UNIQUE INDEX TechnicalStaffCode (TechnicalStaffCode);

--
-- Create index `TechnicalStaffCode_2` on table `technicalstaff`
--
ALTER TABLE technicalstaff
ADD UNIQUE INDEX TechnicalStaffCode_2 (TechnicalStaffCode);

DELIMITER $$

--
-- Create procedure `Proc_UpdateTechnicalStaff`
--
CREATE PROCEDURE Proc_UpdateTechnicalStaff (IN TechnicalStaffID char(36), IN TechnicalStaffCode varchar(20), IN FullName varchar(255), IN Phonenumber varchar(12), IN Email varchar(255))
SQL SECURITY INVOKER
BEGIN
  UPDATE technicalstaff t
  SET t.TechnicalStaffCode = TechnicalStaffCode,
      t.FullName = FullName,
      t.PhoneNumber = Phonenumber,
      t.Email = Email,
      t.ModifiedDate = t.ModifiedDate
  WHERE t.TechnicalStaffID = TechnicalStaffID;
END
$$

--
-- Create procedure `Proc_InsertTechnicalStaff`
--
CREATE PROCEDURE Proc_InsertTechnicalStaff (IN TechnicalStaffCode varchar(20), IN FullName varchar(255), IN Phonenumber varchar(12), IN Email varchar(255))
SQL SECURITY INVOKER
BEGIN
  INSERT INTO technicalstaff (TechnicalStaffID, TechnicalStaffCode, FullName, PhoneNumber, Email, CreatedDate, ModifiedDate)
    VALUES (UUID(), TechnicalStaffCode, FullName, Phonenumber, Email, NOW(), NOW());
END
$$

--
-- Create procedure `Proc_GetTechnicalStaffs`
--
CREATE PROCEDURE Proc_GetTechnicalStaffs ()
SQL SECURITY INVOKER
BEGIN
  SELECT
    *
  FROM technicalstaff t
  ORDER BY t.FullName;
END
$$

--
-- Create procedure `Proc_GetTechnicalStaffById`
--
CREATE PROCEDURE Proc_GetTechnicalStaffById (IN TechnicalStaffID char(36))
SQL SECURITY INVOKER
BEGIN
  SELECT
    *
  FROM technicalstaff t
  WHERE t.TechnicalStaffID = TechnicalStaffID;
END
$$

--
-- Create procedure `Proc_Deletetechnicalstaff`
--
CREATE PROCEDURE Proc_Deletetechnicalstaff (IN TechnicalStaffID char(36))
SQL SECURITY INVOKER
BEGIN
  DELETE technicalstaff
    FROM technicalstaff
  WHERE technicalstaff.TechnicalStaffID = TechnicalStaffID;
END
$$

DELIMITER ;

--
-- Create table `maintainance`
--
CREATE TABLE maintainance (
  MaintainanceID char(36) CHARACTER SET utf8 COLLATE utf8_general_ci NOT NULL COMMENT 'Khóa chính',
  PracticalLaboratoryID char(36) CHARACTER SET utf8 COLLATE utf8_general_ci NOT NULL DEFAULT '',
  StartedDate datetime DEFAULT NULL COMMENT 'Ngày bắt đầu',
  EndedDate datetime DEFAULT NULL COMMENT 'Ngày kết thúc',
  TechnicalStaffID char(36) CHARACTER SET utf8 COLLATE utf8_general_ci NOT NULL DEFAULT '' COMMENT 'Mã cán bộ kỹ thuật',
  CreatedDate datetime DEFAULT NULL COMMENT 'Ngày tạo',
  ModifiedDate datetime DEFAULT NULL ON UPDATE CURRENT_TIMESTAMP COMMENT 'Ngày chỉnh sửa gần nhất',
  MaintainanceStatus tinyint(4) NOT NULL DEFAULT 0 COMMENT 'Trạng thái (0 - đang bảo trì, 1 - đã xong)',
  Description varchar(1000) CHARACTER SET utf8 COLLATE utf8_general_ci DEFAULT NULL COMMENT 'Mô tả',
  Request tinyint(4) DEFAULT 0 COMMENT 'Yêu cầu(0: Báo cáo bảo trì, 1: Xác nhận)',
  PRIMARY KEY (MaintainanceID)
)
ENGINE = INNODB,
AVG_ROW_LENGTH = 3276,
CHARACTER SET utf8mb4,
COLLATE utf8mb4_general_ci,
COMMENT = 'Bảng bảo trì';

--
-- Create foreign key
--
ALTER TABLE maintainance
ADD CONSTRAINT FK_maintainance_PracticalLaboratoryID FOREIGN KEY (PracticalLaboratoryID)
REFERENCES practicallaboratory (PracticalLaboratoryID) ON DELETE CASCADE ON UPDATE CASCADE;

--
-- Create foreign key
--
ALTER TABLE maintainance
ADD CONSTRAINT FK_maintainance_TechnicalStaffID FOREIGN KEY (TechnicalStaffID)
REFERENCES technicalstaff (TechnicalStaffID) ON DELETE CASCADE ON UPDATE CASCADE;

DELIMITER $$

--
-- Create procedure `Proc_UpdateMaintainance`
--
CREATE PROCEDURE Proc_UpdateMaintainance (IN MaintainanceID char(36), IN PracticalLaboratoryID char(36), IN StartedDate datetime, IN EndedDate datetime, IN TechnicalStaffID char(36), IN MaintainanceStatus tinyint, IN Request tinyint, IN Description varchar(1000))
SQL SECURITY INVOKER
BEGIN
  UPDATE maintainance m
  SET m.PracticalLaboratoryID = PracticalLaboratoryID,
      m.StartedDate = StartedDate,
      m.EndedDate = EndedDate,
      m.TechnicalStaffID = TechnicalStaffID,
      m.MaintainanceStatus = MaintainanceStatus,
      m.Request = Request,
      m.Description = Description,
      m.ModifiedDate = NOW()
  WHERE m.MaintainanceID = MaintainanceID;
END
$$

--
-- Create procedure `Proc_Insertmaintainance`
--
CREATE PROCEDURE Proc_Insertmaintainance (IN PracticalLaboratoryID char(36), IN StartedDate datetime, IN EndedDate datetime, IN TechnicalStaffID char(36), IN MaintainanceStatus tinyint, IN Description varchar(1000))
SQL SECURITY INVOKER
BEGIN
  INSERT INTO maintainance (MaintainanceID, PracticalLaboratoryID, StartedDate, EndedDate, TechnicalStaffID, MaintainanceStatus, Description, CreatedDate, ModifiedDate)
    VALUES (UUID(), PracticalLaboratoryID, StartedDate, EndedDate, TechnicalStaffID, MaintainanceStatus, Description, NOW(), NOW());
END
$$

--
-- Create procedure `Proc_Getmaintainances`
--
CREATE PROCEDURE Proc_Getmaintainances ()
SQL SECURITY INVOKER
BEGIN
  SELECT
    m.MaintainanceID,
    m.PracticalLaboratoryID,
    m.StartedDate,
    m.EndedDate,
    m.TechnicalStaffID,
    m.MaintainanceStatus,
    m.Request,
    m.Description,
    p.PracticalLaboratoryCode,
    p.PracticalLaboratoryName,
    t.TechnicalStaffCode,
    t.FullName
  FROM maintainance m
    JOIN practicallaboratory p
      ON m.PracticalLaboratoryID = p.PracticalLaboratoryID
    JOIN technicalstaff t
      ON m.TechnicalStaffID = t.TechnicalStaffID
  ORDER BY m.ModifiedDate DESC;
END
$$

--
-- Create procedure `Proc_GetMaintainanceById`
--
CREATE PROCEDURE Proc_GetMaintainanceById (IN MaintainanceID char(36))
SQL SECURITY INVOKER
BEGIN
  SELECT
    m.MaintainanceID,
    m.PracticalLaboratoryID,
    m.StartedDate,
    m.EndedDate,
    m.TechnicalStaffID,
    m.MaintainanceStatus,
    m.Request,
    m.Description,
    p.PracticalLaboratoryCode,
    p.PracticalLaboratoryName,
    t.TechnicalStaffCode,
    t.FullName
  FROM maintainance m
    JOIN practicallaboratory p
      ON m.PracticalLaboratoryID = p.PracticalLaboratoryID
    JOIN technicalstaff t
      ON m.TechnicalStaffID = t.TechnicalStaffID
  WHERE m.MaintainanceID = MaintainanceID;
END
$$

--
-- Create procedure `Proc_DeleteMaintainance`
--
CREATE PROCEDURE Proc_DeleteMaintainance (IN MaintainanceID char(36))
SQL SECURITY INVOKER
BEGIN
  DELETE
    FROM maintainance
  WHERE maintainance.MaintainanceID = MaintainanceID;
END
$$

--
-- Create procedure `Pro_DeleteTechnicalStaff`
--
CREATE PROCEDURE Pro_DeleteTechnicalStaff (IN TechnicalStaffID char(36))
SQL SECURITY INVOKER
BEGIN
  DELETE
    FROM maintainance
  WHERE maintainance.MaintainanceID = MaintainanceID;
END
$$

--
-- Create procedure `Proc_Updateuser`
--
CREATE PROCEDURE Proc_Updateuser (IN UserID char(36), IN UserName varchar(255), IN PassWord varchar(255), IN PermissionID char(36), IN FullName varchar(255), IN Email varchar(50), IN PhoneNumber varchar(255))
SQL SECURITY INVOKER
BEGIN
  UPDATE user u
  SET u.UserName = UserName,
      u.PassWord = PassWord,
      u.FullName = FullName,
      u.PhoneNumber = PhoneNumber,
      u.Email = Email,
      u.PermissionID = PermissionID,
      u.CreatedDate = NOW(),
      u.ModifiedDate = NOW()
  WHERE u.UserID = UserID;
END
$$

--
-- Create procedure `Proc_Updatesubject`
--
CREATE PROCEDURE Proc_Updatesubject (IN SubjectID char(36), IN SubjectName varchar(255))
SQL SECURITY INVOKER
BEGIN
  UPDATE subject s
  SET s.SubjectName = SubjectName,
      s.CreatedDate = NOW(),
      s.ModifiedDate = NOW()
  WHERE s.SubjectID = SubjectID;
END
$$

--
-- Create procedure `Proc_Updatemodule`
--
CREATE PROCEDURE Proc_Updatemodule (IN ModuleID char(36), IN ModuleCode varchar(20), IN ModuleName varchar(255), IN NumberOfModule float, IN Theory float, IN Practice float, IN BigExercise float, IN SubjectID char(36))
SQL SECURITY INVOKER
BEGIN
  UPDATE module m
  SET m.ModuleCode = ModuleCode,
      m.ModuleName = ModuleName,
      m.NumberOfModule = NumberOfModule,
      m.Theory = Theory,
      m.Practice = Practice,
      m.BigExercise = BigExercise,
      m.SubjectID = SubjectID,
      m.CreatedDate = NOW(),
      m.ModifiedDate = NOW()
  WHERE m.ModuleID = ModuleID;

END
$$

--
-- Create procedure `Proc_Insertuser`
--
CREATE DEFINER = 'root'@'localhost'
PROCEDURE Proc_Insertuser (IN UserName varchar(255), IN PassWord varchar(255), IN PermissionID char(36), IN FullName varchar(255), IN Email varchar(50), IN PhoneNumber varchar(255))
BEGIN
  INSERT INTO user (UserID, UserName, PassWord, PermissionID, FullName, PhoneNumber, Email, CreatedDate, ModifiedDate)
    VALUES (UUID(), UserName, PassWord, PermissionID, FullName, PhoneNumber, Email, NOW(), NOW());

END
$$

--
-- Create procedure `Proc_Insertsubject`
--
CREATE PROCEDURE Proc_Insertsubject (IN SubjectName varchar(255))
SQL SECURITY INVOKER
BEGIN
  INSERT INTO subject (SubjectID, SubjectName, CreatedDate, ModifiedDate)
    VALUES (UUID(), SubjectName, NOW(), NOW());

END
$$

--
-- Create procedure `Proc_Insertmodule`
--
CREATE PROCEDURE Proc_Insertmodule (IN ModuleCode varchar(20), IN ModuleName varchar(255), IN NumberOfModule float, IN Theory float, IN Practice float, IN BigExercise float, IN SubjectID char(36))
SQL SECURITY INVOKER
BEGIN
  INSERT INTO module (ModuleID, ModuleCode, ModuleName, NumberOfModule, Theory, Practice, BigExercise, SubjectID, CreatedDate, ModifiedDate)
    VALUES (UUID(), ModuleCode, ModuleName, NumberOfModule, Theory, Practice, BigExercise, SubjectID, NOW(), NOW());

END
$$

--
-- Create procedure `Proc_Getsubjects`
--
CREATE PROCEDURE Proc_Getsubjects ()
SQL SECURITY INVOKER
BEGIN
  SELECT
    *
  FROM subject s
  ORDER BY s.SubjectName;
END
$$

--
-- Create procedure `Proc_GetsubjectById`
--
CREATE PROCEDURE Proc_GetsubjectById (IN subjectId char(36))
SQL SECURITY INVOKER
BEGIN
  SELECT
    *
  FROM subject s
  WHERE s.SubjectID = subjectId;
END
$$

--
-- Create procedure `Proc_Getmodules`
--
CREATE PROCEDURE Proc_Getmodules ()
SQL SECURITY INVOKER
BEGIN
  SELECT
    m.ModuleID,
    m.ModuleCode,
    m.ModuleName,
    m.NumberOfModule,
    m.Theory,
    m.Practice,
    m.BigExercise,
    m.SubjectID,
    m.CreatedDate,
    m.ModifiedDate,
    s.SubjectName
  FROM module m
    LEFT JOIN subject s
      ON m.SubjectID = s.SubjectID
  ORDER BY s.SubjectName;
END
$$

--
-- Create procedure `Proc_GetmoduleById`
--
CREATE PROCEDURE Proc_GetmoduleById (IN moduleId char(36))
SQL SECURITY INVOKER
BEGIN
  SELECT
    m.ModuleID,
    m.ModuleCode,
    m.ModuleName,
    m.NumberOfModule,
    m.Theory,
    m.Practice,
    m.BigExercise,
    m.SubjectID,
    m.CreatedDate,
    m.ModifiedDate,
    s.SubjectName
  FROM module m
    LEFT JOIN subject s
      ON m.SubjectID = s.SubjectID
  WHERE m.ModuleID = moduleId
  ORDER BY m.CreatedDate OR m.ModifiedDate DESC;
END
$$

--
-- Create procedure `Proc_FindPracticalLaboratory`
--
CREATE PROCEDURE Proc_FindPracticalLaboratory (IN ID char(36))
SQL SECURITY INVOKER
BEGIN
  SELECT
    p.PracticalLaboratoryID,
    p.PracticalLaboratoryCode,
    p.PracticalLaboratoryName,
    p.Status
  FROM practicallaboratory p
  WHERE p.PracticalLaboratoryID = ID;
END
$$

--
-- Create procedure `Proc_Deleteuser`
--
CREATE PROCEDURE Proc_Deleteuser (IN UserID char(36))
SQL SECURITY INVOKER
BEGIN
  DELETE
    FROM user
  WHERE USER.UserID = UserID;
END
$$

--
-- Create procedure `Proc_Deletesubject`
--
CREATE PROCEDURE Proc_Deletesubject (IN subjectId char(36))
SQL SECURITY INVOKER
BEGIN
  DELETE
    FROM subject
  WHERE SUBJECT.SubjectID = subjectId;

END
$$

--
-- Create procedure `Proc_Deletemodule`
--
CREATE PROCEDURE Proc_Deletemodule (IN moduleId char(36))
SQL SECURITY INVOKER
BEGIN
  DELETE
    FROM module
  WHERE MODULE.ModuleID = moduleId;

END
$$

DELIMITER ;

-- 
-- Dumping data for table subject
--
INSERT INTO subject VALUES
('128131da-6c14-137a-9df6-c5161989a451', 'Tiếng Anh Không chuyên 2', '2021-12-13 16:32:34', '2021-12-13 16:32:34'),
('1289dfbc-6f72-491d-7fba-f13ad74eb1e6', 'Hệ thống thông tin kế toán', '2021-12-13 16:27:26', '2021-12-13 16:27:26'),
('153b0139-64d0-46b6-86fd-5df4fd824cb1', 'Công nghệ ô tô', '2021-12-13 16:22:23', '2021-12-13 16:22:23'),
('1651152a-3050-64cf-1df6-33f91a5c4469', 'Kỹ thuật nhiệt', '2021-12-13 16:23:09', '2021-12-13 16:23:09'),
('16560e4a-7d2b-7510-22fa-3a13575a692a', 'Kế toán công', '2021-12-13 16:26:35', '2021-12-13 16:26:35'),
('177fb324-4faf-60b4-19f6-33f91a5c4469', 'Điều khiển và tự động hóa', '2021-12-13 16:22:59', '2021-12-13 16:22:59'),
('1bb2a619-74a2-7994-80ab-476534f10a38', 'Kỹ thuật điện', '2021-12-13 16:22:45', '2021-12-13 16:22:45'),
('1de270c2-21d9-6bac-06af-bc6172c2cf10', 'Động cơ và Năng Lượng', '2021-12-13 16:20:30', '2021-12-13 16:20:30'),
('2010c0d0-27a9-34a1-9d48-dca5e21ae6ca', 'Kiểm toán', '2021-12-13 16:26:49', '2021-12-13 16:26:49'),
('2094ddfb-4ba5-4990-07af-bc6172c2cf10', 'Cơ - Sức bền', '2021-12-13 16:15:40', '2021-12-13 16:15:40'),
('2160a9ca-74d9-6429-656f-7389f2b617cd', 'Hình họa-VKT', '2021-12-13 16:15:27', '2021-12-13 16:15:27'),
('231038f6-3d22-2cf9-1bf6-33f91a5c4469', 'Công nghệ Vô cơ - Hóa công', '2021-12-13 16:17:58', '2021-12-13 16:17:58'),
('253bdb4a-3ce3-3cd3-85fd-5df4fd824cb1', 'Khoa học máy tính', '2021-12-13 16:13:19', '2021-12-13 16:13:19'),
('25b78a62-529c-424b-9bf6-c5161989a451', 'Toán ứng dụng', '2021-12-13 16:28:32', '2021-12-13 16:28:32'),
('25e65817-44ab-3533-7eba-f13ad74eb1e6', 'Thực hành tiếng Anh', '2021-12-13 16:30:53', '2021-12-13 16:30:53'),
('28c83ad9-5567-3f95-20fa-3a13575a692a', 'Thiết kế Thời trang', '2021-12-13 16:19:47', '2021-12-13 16:19:47'),
('2ff29c82-5e18-3d08-98f6-c5161989a451', 'Ngôn ngữ và Văn hóa Trung Quốc', '2021-12-13 16:31:25', '2021-12-13 16:31:25'),
('33f13f23-25b6-48d2-1ffa-3a13575a692a', 'Đường lối cách mạng của ĐCSVN và Tư tưởng Hồ Chí Minh', '2021-12-13 16:30:07', '2021-12-13 16:30:07'),
('354eb03e-53cc-1a96-696f-7389f2b617cd', 'Lý thuyết tiếng Anh', '2021-12-13 16:31:07', '2021-12-13 16:31:07'),
('38a926be-331d-2a02-82ab-476534f10a38', 'Kế toán doanh nghiệp', '2021-12-13 16:26:23', '2021-12-13 16:26:23'),
('38efe7b6-6d96-64a0-7fab-476534f10a38', 'Công nghệ May', '2021-12-13 16:19:39', '2021-12-13 16:19:39'),
('3ab243c8-71b2-763b-7bba-f13ad74eb1e6', 'Công nghệ phần mềm', '2021-12-13 16:13:56', '2021-12-13 16:13:56'),
('3ab47389-604a-5e31-3241-b2aafff3dd82', 'Tiếng Anh Không chuyên 1', '2021-12-13 16:32:22', '2021-12-13 16:32:22'),
('3bf81e47-1d82-1938-81ab-476534f10a38', 'Hóa Phân tích', '2021-12-13 16:18:18', '2021-12-13 16:18:18'),
('3e6da6c4-15f2-54a6-09af-bc6172c2cf10', 'Hệ thống thông tin', '2021-12-13 16:13:28', '2021-12-13 16:13:28'),
('3efcce93-32db-642d-676f-7389f2b617cd', 'Kỹ thuật điện tử', '2021-12-13 16:24:54', '2021-12-13 16:24:54'),
('4377c63c-51bb-55c4-3141-b2aafff3dd82', 'Pháp luật', '2021-12-13 16:29:52', '2021-12-13 16:29:52'),
('43fcabf5-19b3-578f-1cf6-33f91a5c4469', 'Điện tử viễn thông', '2021-12-13 16:25:27', '2021-12-13 16:25:27'),
('450c7688-1c3e-6006-9c48-dca5e21ae6ca', 'Hóa cơ sở', '2021-12-13 16:17:39', '2021-12-13 16:17:39'),
('45f01e8d-4b4f-5b54-9e48-dca5e21ae6ca', 'Điện tử công nghiệp', '2021-12-13 16:25:08', '2021-12-13 16:25:08'),
('4673385d-4a73-1a94-9af6-c5161989a451', 'Công nghệ Môi trường', '2021-12-13 16:18:39', '2021-12-13 16:18:39'),
('47384887-76ca-1303-21fa-3a13575a692a', 'Công nghệ Hóa dầu', '2021-12-13 16:18:30', '2021-12-13 16:18:30'),
('4a659997-6b2b-22bc-83ab-476534f10a38', 'Kỹ thuật - Hành chính', '2021-12-13 16:14:25', '2021-12-13 16:14:25'),
('4b754244-3a57-7d0a-3641-b2aafff3dd82', 'Điện công nghiệp', '2021-12-13 16:21:53', '2021-12-13 16:21:53'),
('51a06650-1b0b-7ceb-7aba-f13ad74eb1e6', 'Ngôn ngữ và Văn hóa Nhật Bản', '2021-12-13 16:31:50', '2021-12-13 16:31:50'),
('527ba4f8-7308-3b9e-84fd-5df4fd824cb1', 'Điện tử máy tính', '2021-12-13 16:23:59', '2021-12-13 16:23:59'),
('57678761-6952-2fd0-0aaf-bc6172c2cf10', 'Tiếng Việt và Văn hóa Việt Nam', '2021-12-13 16:32:10', '2021-12-13 16:32:10'),
('577ccc41-6a96-524d-3341-b2aafff3dd82', 'Các nguyên lý chủ nghĩa Mác-Lênin', '2021-12-13 16:29:43', '2021-12-13 16:29:43'),
('5b56a2fe-34b1-3cb8-23fa-3a13575a692a', 'Công nghệ đa phương tiện', '2021-12-13 16:22:18', '2021-12-13 16:22:18'),
('5ba6f651-1493-165e-3541-b2aafff3dd82', 'Toán cơ bản', '2021-12-13 16:28:26', '2021-12-13 16:28:26'),
('5ce356b0-7e2c-6b27-7dba-f13ad74eb1e6', 'Kỹ thuật và mạng máy tính', '2021-12-13 16:13:44', '2021-12-13 16:13:44'),
('5e95c08f-7a1a-4cd5-666f-7389f2b617cd', 'Cơ điện tử', '2021-12-13 16:16:24', '2021-12-13 16:16:24'),
('5fdd1b7d-558c-223b-686f-7389f2b617cd', 'Công nghệ Hóa Hữu cơ', '2021-12-13 16:18:08', '2021-12-13 16:18:08'),
('625581b0-65c3-204b-08af-bc6172c2cf10', 'Vật lý', '2021-12-13 16:28:42', '2021-12-13 16:28:42'),
('692ab284-1320-611e-84ab-476534f10a38', 'Công nghệ Vật liệu dệt may', '2021-12-13 16:20:02', '2021-12-13 16:20:02'),
('6b6a4c33-5b8f-2852-3441-b2aafff3dd82', 'Điện ô tô', '2021-12-13 16:20:39', '2021-12-13 16:20:39'),
('6e8abf33-27e5-25ce-1af6-33f91a5c4469', 'Công nghệ chế tạo máy', '2021-12-13 16:16:12', '2021-12-13 16:16:12'),
('7d5f0e64-40c2-3d26-7cba-f13ad74eb1e6', 'Tiếng anh Không chuyên 3', '2021-12-13 16:32:45', '2021-12-13 16:32:45'),
('7dd07f61-79aa-65b9-99f6-c5161989a451', 'Thiết bị & DCCN', '2021-12-13 16:15:56', '2021-12-13 16:15:56'),
('7f95fa10-6133-5ac6-9cf6-c5161989a451', 'Ngôn ngữ và Văn hóa Hàn Quốc', '2021-12-13 16:31:35', '2021-12-13 16:31:35'),
('c1816ed9-5bf7-11ec-9627-ecf4bb4d36af', 'Quản trị kinh doanh', '2021-12-13 16:33:40', '2021-12-13 16:33:40'),
('c76f0a5a-5bf7-11ec-9627-ecf4bb4d36af', 'Quản trị Marketing', '2021-12-13 16:33:50', '2021-12-13 16:33:50'),
('cc955ded-5bf7-11ec-9627-ecf4bb4d36af', 'Quản trị nhân lực', '2021-12-13 16:33:58', '2021-12-13 16:33:58'),
('d25ce866-5bf7-11ec-9627-ecf4bb4d36af', 'Tài chính', '2021-12-13 16:34:08', '2021-12-13 16:34:08'),
('d8701499-5bf7-11ec-9627-ecf4bb4d36af', 'Kinh tế đầu tư', '2021-12-13 16:34:18', '2021-12-13 16:34:18'),
('dcba722e-5bf7-11ec-9627-ecf4bb4d36af', 'Kinh tế cơ sở', '2021-12-13 16:34:25', '2021-12-13 16:34:25'),
('f18eb51e-5bf7-11ec-9627-ecf4bb4d36af', 'Du lịch', '2021-12-13 16:35:00', '2021-12-13 16:35:00'),
('f5d32834-5bf7-11ec-9627-ecf4bb4d36af', 'Quản trị khách sạn', '2021-12-13 16:35:08', '2021-12-13 16:35:08'),
('fe2a1e7e-5bf7-11ec-9627-ecf4bb4d36af', 'Quản trị dịch vụ du lịch và lữ hành', '2021-12-13 16:35:22', '2021-12-13 16:35:22');

-- 
-- Dumping data for table ology
--
INSERT INTO ology VALUES
('0c6ce218-5b67-11ec-9c9e-ecf4bb4d36af', 'Khoa Quản lý kinh doanh', '2021-12-12 23:17:48', '2021-12-12 23:17:48'),
('154d2cf8-3b5b-5c65-c480-872c02b7d2a6', 'Khoa Lý luận chính trị - pháp luật', '2021-12-12 23:16:56', '2021-12-12 23:16:56'),
('17534976-490f-5ca8-aac7-b3346301782e', 'Khoa Du lịch', '2021-12-12 23:15:27', '2021-12-12 23:15:27'),
('238671a0-30fa-5360-8286-fecdbcc4765c', 'Khoa Ngoại ngữ', '2021-12-12 23:17:36', '2021-12-12 23:17:36'),
('3a02094a-64fe-51d3-2a40-483f16f4f2f6', 'Khoa Điện tử', '2021-12-12 23:17:11', '2021-12-12 23:17:11'),
('3ba5bdd4-158a-55c7-2b40-483f16f4f2f6', 'Khoa Khoa học cơ bản', '2021-12-12 23:16:25', '2021-12-12 23:16:25'),
('40982e50-6653-1215-15f5-c98d315c59dd', 'Khoa Kế toán - Kiểm toán', '2021-12-12 23:16:06', '2021-12-12 23:16:06'),
('422b843f-70b6-2496-693b-801cd82cdd42', 'Khoa Điện', '2021-12-12 23:17:07', '2021-12-12 23:17:07'),
('4295d2c7-36a1-572f-683b-801cd82cdd42', 'Khoa Công nghệ hóa', '2021-12-12 23:15:04', '2021-12-12 23:15:04'),
('470dd012-7886-75fc-8186-fecdbcc4765c', 'Khoa Công nghệ may & TKTT', '2021-12-12 23:15:16', '2021-12-12 23:15:16'),
('5ba7da09-4aa1-11ec-a373-ecf4bb4d36af', 'Khoa Công nghệ thông tin', '2021-12-12 23:15:22', '2021-12-12 23:15:22'),
('711510bd-606e-7b68-ddcb-05dee64e6cc0', 'Khoa Cơ khí', '2021-12-13 00:01:40', '2021-12-13 00:01:40'),
('8e0e8f94-5b6a-11ec-9c9e-ecf4bb4d36af', 'Khoa Công nghệ ô tô', '2021-12-12 23:42:54', '2021-12-12 23:42:54');

-- 
-- Dumping data for table semester
--
INSERT INTO semester VALUES
('3ef08788-4f37-781e-5a44-fdef82b41d42', 'KỲ PHỤ 1', '1970-01-01 00:00:02', '1970-01-01 00:00:10'),
('60fab728-7aa7-21c3-ce84-fd5984725e29', 'KỲ PHỤ 2', '1970-01-01 00:00:45', '2012-01-31 23:14:05'),
('64461d88-7e6b-5423-c300-73728ad2d17f', 'KỲ 1', '1971-01-01 13:07:10', '1993-09-20 05:47:48'),
('724cda7e-3e73-6365-b639-7fa89fdac40f', 'KỲ 2', '2015-06-22 08:21:19', '1990-09-07 00:39:35');

-- 
-- Dumping data for table schoolyear
--
INSERT INTO schoolyear VALUES
('16f60eeb-5bf8-11ec-9627-ecf4bb4d36af', 'Năm 2015-2016', '2021-12-13 16:36:03', '2021-12-13 16:36:03'),
('1bc09d81-5bf8-11ec-9627-ecf4bb4d36af', 'Năm 2014-2015', '2021-12-13 16:36:11', '2021-12-13 16:36:11'),
('1f4b9a9a-5bf8-11ec-9627-ecf4bb4d36af', 'Năm 2013-2014', '2021-12-13 16:36:17', '2021-12-13 16:36:17'),
('22c69f81-421f-5ff9-690e-a301df02d928', 'Năm 2017-2018', '2021-11-28 10:43:59', '2021-11-28 10:43:59'),
('22f2b96a-5bf8-11ec-9627-ecf4bb4d36af', 'Năm 2012-2013', '2021-12-13 16:36:23', '2021-12-13 16:36:23'),
('27e6ef0d-5bf8-11ec-9627-ecf4bb4d36af', 'Năm 2011-2012', '2021-12-13 16:36:32', '2021-12-13 16:36:32'),
('2c612b6e-5bf8-11ec-9627-ecf4bb4d36af', 'Năm 2010-2011', '2021-12-13 16:36:39', '2021-12-13 16:36:39'),
('329c90a9-5bf8-11ec-9627-ecf4bb4d36af', 'Năm 2009-2010', '2021-12-13 16:36:50', '2021-12-13 16:36:50'),
('37195965-5bf8-11ec-9627-ecf4bb4d36af', 'Năm 2008-2009', '2021-12-13 16:36:57', '2021-12-13 16:36:57'),
('456df03c-703b-5ff2-680e-a301df02d928', 'Năm 2019-2020', '2021-11-28 10:44:15', '2021-11-28 10:44:15'),
('498d18a7-5242-6712-59b5-dbdeded26587', 'Năm 2018-2019', '2021-11-28 10:43:54', '2021-11-28 10:43:54'),
('517f7b20-603a-53f2-50c3-2450fa6a3f0f', 'Năm 2016-2017', '2021-11-28 10:44:07', '2021-11-28 10:44:07'),
('87279a90-4ffd-11ec-9068-ecf4bb4d36af', 'Năm 2020-2021', '2021-11-28 10:44:45', '2021-11-28 10:44:45'),
('94623fc2-5bf8-11ec-9627-ecf4bb4d36af', 'Năm 2007-2008', '2021-12-13 16:39:34', '2021-12-13 16:39:34'),
('981766c8-5bf8-11ec-9627-ecf4bb4d36af', 'Năm 2006-2007', '2021-12-13 16:39:40', '2021-12-13 16:39:40'),
('9d51411e-5bf8-11ec-9627-ecf4bb4d36af', 'Năm 2005-2006', '2021-12-13 16:39:49', '2021-12-13 16:39:49'),
('a1193a0c-5bf8-11ec-9627-ecf4bb4d36af', 'Năm 2004-2005', '2021-12-13 16:39:55', '2021-12-13 16:39:55');

-- 
-- Dumping data for table module
--
INSERT INTO module VALUES
('1d401ca7-5c81-11ec-b03e-ecf4bb4d36af', 'HP-2', 'Lập trình căn bản', 3, 2, 1, 1, '253bdb4a-3ce3-3cd3-85fd-5df4fd824cb1', '2021-12-14 09:18:01', '2021-12-14 09:18:01'),
('1d8d6d4a-5c83-11ec-b03e-ecf4bb4d36af', 'HP-12', 'Lập trình Java', 4, 3, 1, 1, '253bdb4a-3ce3-3cd3-85fd-5df4fd824cb1', '2021-12-14 09:11:14', '2021-12-14 09:11:14'),
('37ab17a6-5c83-11ec-b03e-ecf4bb4d36af', 'HP-13', 'Quản trị mạng', 3, 2, 1, 1, '43fcabf5-19b3-578f-1cf6-33f91a5c4469', '2021-12-14 09:18:29', '2021-12-14 09:18:29'),
('48c18eb2-5c82-11ec-b03e-ecf4bb4d36af', 'HP-3', 'Kỹ thuật lập trình', 3, 2, 1, 1, '253bdb4a-3ce3-3cd3-85fd-5df4fd824cb1', '2021-12-14 09:18:14', '2021-12-14 09:18:14'),
('57946bfc-5c82-11ec-b03e-ecf4bb4d36af', 'HP-4', 'Lập trình hướng đối tượng', 3, 2, 1, 1, '253bdb4a-3ce3-3cd3-85fd-5df4fd824cb1', '2021-12-14 09:17:50', '2021-12-14 09:17:50'),
('636b715f-5c82-11ec-b03e-ecf4bb4d36af', 'HP-5', 'Cấu trúc dữ liệu và giải thuật.', 3, 2, 1, 1, '253bdb4a-3ce3-3cd3-85fd-5df4fd824cb1', '2021-12-14 09:17:57', '2021-12-14 09:17:57'),
('65e8b57d-5c85-11ec-b03e-ecf4bb4d36af', 'HP-20', 'Lập trình Windows', 4, 2, 1, 1, '253bdb4a-3ce3-3cd3-85fd-5df4fd824cb1', '2021-12-14 09:27:35', '2021-12-14 09:27:35'),
('65eaf788-5c85-11ec-b03e-ecf4bb4d36af', 'HP-21', 'Lập trình ứng dụng cơ sở dữ liệu trên Web', 4, 2, 1, 1, '253bdb4a-3ce3-3cd3-85fd-5df4fd824cb1', '2021-12-14 09:27:35', '2021-12-14 09:27:35'),
('65ebf8f7-5c85-11ec-b03e-ecf4bb4d36af', 'HP-22', 'Công nghệ đa phương tiện', 4, 2, 1, 1, '253bdb4a-3ce3-3cd3-85fd-5df4fd824cb1', '2021-12-14 09:27:35', '2021-12-14 09:27:35'),
('65eceeec-5c85-11ec-b03e-ecf4bb4d36af', 'HP-23', 'Công nghệ thực tại ảo', 3, 2, 0, 1, '253bdb4a-3ce3-3cd3-85fd-5df4fd824cb1', '2021-12-14 09:27:35', '2021-12-14 09:27:35'),
('65edfd0a-5c85-11ec-b03e-ecf4bb4d36af', 'HP-24', 'Phần mềm mã nguồn mở', 3, 2, 1, 1, '253bdb4a-3ce3-3cd3-85fd-5df4fd824cb1', '2021-12-14 09:27:35', '2021-12-14 09:27:35'),
('7f71ec04-5c7f-11ec-b03e-ecf4bb4d36af', 'HP-1', 'Nhập môn tin học', 3, 2, 1, 1, '253bdb4a-3ce3-3cd3-85fd-5df4fd824cb1', '2021-12-14 09:18:05', '2021-12-14 09:18:05'),
('8d0b5487-5c82-11ec-b03e-ecf4bb4d36af', 'HP-7', 'Mạng máy tính', 3, 2.5, 0.5, 1, '43fcabf5-19b3-578f-1cf6-33f91a5c4469', '2021-12-14 09:18:24', '2021-12-14 09:18:24'),
('b41e846d-5c82-11ec-b03e-ecf4bb4d36af', 'HP-8', 'Thiết kế Web', 3, 2, 1, 1, '253bdb4a-3ce3-3cd3-85fd-5df4fd824cb1', '2021-12-14 09:18:10', '2021-12-14 09:18:10'),
('cda00afd-5c82-11ec-b03e-ecf4bb4d36af', 'HP-9', 'Công nghệ XML', 3, 2, 1, 1, '253bdb4a-3ce3-3cd3-85fd-5df4fd824cb1', '2021-12-14 09:17:47', '2021-12-14 09:17:47'),
('d5d61c4e-5c82-11ec-b03e-ecf4bb4d36af', 'HP-10', 'Hệ quản trị cơ sở dữ liệu (SQL Server)', 3, 2, 1, 1, '253bdb4a-3ce3-3cd3-85fd-5df4fd824cb1', '2021-12-14 09:17:54', '2021-12-14 09:17:54'),
('e8c52aa1-5c80-11ec-b03e-ecf4bb4d36af', 'HP-6', 'Vật lý', 4, 3, 1, 1, '625581b0-65c3-204b-08af-bc6172c2cf10', '2021-12-14 09:18:19', '2021-12-14 09:18:19'),
('f4ef70bd-5c82-11ec-b03e-ecf4bb4d36af', 'HP-11', 'Đồ họa ứng dụng', 3, 1, 2, 1, '2160a9ca-74d9-6429-656f-7389f2b617cd', '2021-12-14 09:17:41', '2021-12-14 09:17:41');

-- 
-- Dumping data for table majors
--
INSERT INTO majors VALUES
('02656433-5b6b-11ec-9c9e-ecf4bb4d36af', 'NGH-16', 'Mạng máy tính và truyền thông dữ liệu', '3a02094a-64fe-51d3-2a40-483f16f4f2f6', '2021-12-12 23:46:10', '2021-12-12 23:46:10'),
('05912c66-5b6a-11ec-9c9e-ecf4bb4d36af', 'NGH-5', 'Công nghệ đa phương tiện', '5ba7da09-4aa1-11ec-a373-ecf4bb4d36af', '2021-12-12 23:39:05', '2021-12-12 23:39:05'),
('071c9769-5bfa-11ec-9627-ecf4bb4d36af', 'NGH-26', 'Tiếng Việt và Văn hóa Việt Nam', '238671a0-30fa-5360-8286-fecdbcc4765c', '2021-12-13 16:49:56', '2021-12-13 16:49:56'),
('11001cdd-5b6b-11ec-9c9e-ecf4bb4d36af', 'NGH-17', 'Công nghệ kỹ thuật máy tính', '3a02094a-64fe-51d3-2a40-483f16f4f2f6', '2021-12-12 23:46:34', '2021-12-12 23:46:34'),
('1860c6de-5bfa-11ec-9627-ecf4bb4d36af', 'NGH-27', 'Ngành Ngôn ngữ Nhật Bản', '238671a0-30fa-5360-8286-fecdbcc4765c', '2021-12-13 16:50:25', '2021-12-13 16:50:25'),
('24d41ace-5bfa-11ec-9627-ecf4bb4d36af', 'NGH-28', 'Ngôn ngữ & Văn hóa Hàn Quốc', '238671a0-30fa-5360-8286-fecdbcc4765c', '2021-12-13 16:50:45', '2021-12-13 16:50:45'),
('3ce07b38-5b6a-11ec-9c9e-ecf4bb4d36af', 'NGH-6', 'Công nghệ kỹ thuật cơ khí', '711510bd-606e-7b68-ddcb-05dee64e6cc0', '2021-12-12 23:40:38', '2021-12-12 23:40:38'),
('4af9bf19-5b6a-11ec-9c9e-ecf4bb4d36af', 'NGH-7', 'Công nghệ kỹ thuật cơ điện tử', '711510bd-606e-7b68-ddcb-05dee64e6cc0', '2021-12-12 23:41:02', '2021-12-12 23:41:02'),
('4d6730f0-5bf9-11ec-9627-ecf4bb4d36af', 'NGH-18', 'Công nghệ thực phẩm', '4295d2c7-36a1-572f-683b-801cd82cdd42', '2021-12-13 16:44:44', '2021-12-13 16:44:44'),
('57f479f3-5b6a-11ec-9c9e-ecf4bb4d36af', 'NGH-8', 'Kỹ thuật hệ thống công nghiệp', '711510bd-606e-7b68-ddcb-05dee64e6cc0', '2021-12-12 23:41:24', '2021-12-12 23:41:24'),
('5c222bab-5bf9-11ec-9627-ecf4bb4d36af', 'NGH-19', 'Công nghệ kỹ thuật môi trường', '4295d2c7-36a1-572f-683b-801cd82cdd42', '2021-12-13 16:45:09', '2021-12-13 16:45:09'),
('5f91b0e0-5bfa-11ec-9627-ecf4bb4d36af', 'NGH-29', 'Kinh tế đầu tư', '0c6ce218-5b67-11ec-9c9e-ecf4bb4d36af', '2021-12-13 16:52:24', '2021-12-13 16:52:24'),
('6a29133e-5bf9-11ec-9627-ecf4bb4d36af', 'NGH-20', 'Công nghệ kỹ thuật hóa học', '4295d2c7-36a1-572f-683b-801cd82cdd42', '2021-12-13 16:45:32', '2021-12-13 16:45:32'),
('6c546af3-5b6a-11ec-9c9e-ecf4bb4d36af', 'NGH-9', 'Công nghệ kỹ thuật khuôn mẫu', '711510bd-606e-7b68-ddcb-05dee64e6cc0', '2021-12-12 23:41:58', '2021-12-12 23:41:58'),
('78f76dc1-5b6a-11ec-9c9e-ecf4bb4d36af', 'NGH-10', 'Robot và trí tuệ nhân tạo', '711510bd-606e-7b68-ddcb-05dee64e6cc0', '2021-12-12 23:42:19', '2021-12-12 23:42:19'),
('9b95bfe1-5bf9-11ec-9627-ecf4bb4d36af', 'NGH-21', 'Kế toán', '40982e50-6653-1215-15f5-c98d315c59dd', '2021-12-13 16:46:55', '2021-12-13 16:46:55'),
('9e8ac7e2-5bf9-11ec-9627-ecf4bb4d36af', 'NGH-22', 'Kiểm toán', '40982e50-6653-1215-15f5-c98d315c59dd', '2021-12-13 16:47:00', '2021-12-13 16:47:00'),
('9ea61f82-5b6a-11ec-9c9e-ecf4bb4d36af', 'NGH-11', 'Công nghệ kỹ thuật ô tô', '8e0e8f94-5b6a-11ec-9c9e-ecf4bb4d36af', '2021-12-12 23:43:22', '2021-12-12 23:43:22'),
('a531a11a-5bf9-11ec-9627-ecf4bb4d36af', 'NGH-23', 'Thẩm định giá', '40982e50-6653-1215-15f5-c98d315c59dd', '2021-12-13 16:47:11', '2021-12-13 16:47:11'),
('b276167c-5b69-11ec-9c9e-ecf4bb4d36af', 'NGH-1', 'Công nghệ thông tin', '5ba7da09-4aa1-11ec-a373-ecf4bb4d36af', '2021-12-12 23:36:46', '2021-12-12 23:36:46'),
('ba5d54b4-5b69-11ec-9c9e-ecf4bb4d36af', 'NGH-2', 'Hệ thống thông tin', '5ba7da09-4aa1-11ec-a373-ecf4bb4d36af', '2021-12-12 23:36:59', '2021-12-12 23:36:59'),
('c30fe38d-5b6a-11ec-9c9e-ecf4bb4d36af', 'NGH-12', 'Công nghệ kỹ thuật điện', '422b843f-70b6-2496-693b-801cd82cdd42', '2021-12-12 23:44:23', '2021-12-12 23:44:23'),
('c7162339-5bf9-11ec-9627-ecf4bb4d36af', 'NGH-24', 'Ngôn ngữ Anh', '238671a0-30fa-5360-8286-fecdbcc4765c', '2021-12-13 16:48:08', '2021-12-13 16:48:08'),
('c8ff91be-5b6a-11ec-9c9e-ecf4bb4d36af', 'NGH-13', 'Công nghệ kỹ thuật nhiệt', '422b843f-70b6-2496-693b-801cd82cdd42', '2021-12-12 23:44:33', '2021-12-12 23:44:33'),
('ce2d4195-5b69-11ec-9c9e-ecf4bb4d36af', 'NGH-3', 'Khoa học máy tính', '5ba7da09-4aa1-11ec-a373-ecf4bb4d36af', '2021-12-12 23:37:33', '2021-12-12 23:37:33'),
('dbbe1b70-5bf9-11ec-9627-ecf4bb4d36af', 'NGH-25', 'Ngôn ngữ Trung Quốc', '238671a0-30fa-5360-8286-fecdbcc4765c', '2021-12-13 16:48:43', '2021-12-13 16:48:43'),
('e8516836-5b69-11ec-9c9e-ecf4bb4d36af', 'NGH-4', 'Kỹ thuật phần mềm', '5ba7da09-4aa1-11ec-a373-ecf4bb4d36af', '2021-12-12 23:38:16', '2021-12-12 23:38:16'),
('e8922c5e-5b6a-11ec-9c9e-ecf4bb4d36af', 'NGH-14', 'Công nghệ kỹ thuật điều khiển và tự động hóa', '422b843f-70b6-2496-693b-801cd82cdd42', '2021-12-12 23:45:26', '2021-12-12 23:45:26'),
('f8a41c39-5b6a-11ec-9c9e-ecf4bb4d36af', 'NGH-15', 'Công nghệ kỹ thuật điện tử', '3a02094a-64fe-51d3-2a40-483f16f4f2f6', '2021-12-12 23:45:53', '2021-12-12 23:45:53');

-- 
-- Dumping data for table course
--
INSERT INTO course VALUES
('0918ab73-4aa1-11ec-a373-ecf4bb4d36af', 'K1', '2006-08-22', '2010-08-22', '2021-12-12 23:29:32', '2021-12-12 23:29:32'),
('0ca2020f-5b68-11ec-9c9e-ecf4bb4d36af', 'K2', '2007-08-22', '2011-08-22', '2021-12-12 23:30:06', '2021-12-12 23:30:06'),
('158789a0-5b69-11ec-9c9e-ecf4bb4d36af', 'K14', '2019-08-22', '2023-08-22', '2021-12-12 23:32:23', '2021-12-12 23:32:23'),
('1e5dd8fb-5b68-11ec-9c9e-ecf4bb4d36af', 'K3', '2008-08-22', '2012-08-22', '2021-12-12 23:30:18', '2021-12-12 23:30:18'),
('1e9d19f9-5b69-11ec-9c9e-ecf4bb4d36af', 'K15', '2020-08-22', '2024-08-22', '2021-12-12 23:32:38', '2021-12-12 23:32:38'),
('2d86465a-5b68-11ec-9c9e-ecf4bb4d36af', 'K4', '2009-08-22', '2013-08-22', '2021-12-12 23:30:29', '2021-12-12 23:30:29'),
('31dac9a7-5b69-11ec-9c9e-ecf4bb4d36af', 'K16', '2021-08-22', '2025-08-22', '2021-12-12 23:33:10', '2021-12-12 23:33:10'),
('3aea1341-5b68-11ec-9c9e-ecf4bb4d36af', 'K5', '2010-08-22', '2014-08-22', '2021-12-12 23:30:41', '2021-12-12 23:30:41'),
('435715cd-5b68-11ec-9c9e-ecf4bb4d36af', 'K6', '2012-08-22', '2016-08-22', '2021-12-12 23:30:59', '2021-12-12 23:30:59'),
('4ecc61f3-5b68-11ec-9c9e-ecf4bb4d36af', 'K7', '2011-08-22', '2015-08-22', '2021-12-12 23:26:49', '2021-12-12 23:26:49'),
('58fd2483-5b68-11ec-9c9e-ecf4bb4d36af', 'K8', '2013-08-22', '2017-08-22', '2021-12-12 23:31:06', '2021-12-12 23:31:06'),
('624f81b6-5b68-11ec-9c9e-ecf4bb4d36af', 'K9', '2014-08-22', '2018-08-22', '2021-12-12 23:31:14', '2021-12-12 23:31:14'),
('6fd91c3a-5b68-11ec-9c9e-ecf4bb4d36af', 'K10', '2015-08-22', '2019-08-22', '2021-12-12 23:31:32', '2021-12-12 23:31:32'),
('84a374a6-5b68-11ec-9c9e-ecf4bb4d36af', 'K11', '2016-08-22', '2020-08-22', '2021-12-12 23:31:44', '2021-12-12 23:31:44'),
('9a9733a9-5b68-11ec-9c9e-ecf4bb4d36af', 'K12', '2017-08-22', '2021-08-22', '2021-12-12 23:31:56', '2021-12-12 23:31:56'),
('a34a1ac4-5b68-11ec-9c9e-ecf4bb4d36af', 'K13', '2018-08-22', '2022-08-22', '2021-12-12 23:32:05', '2021-12-12 23:32:05');

-- 
-- Dumping data for table building
--
INSERT INTO building VALUES
('131cd73b-3657-43f5-201e-21c6d80fbd76', 'Nhà A5', 'Cơ sở 1', '2021-11-19 18:05:06', '2021-11-19 18:05:06'),
('174b8763-2707-7cb1-3c71-153b37881afe', 'Nhà B7', 'Cơ sở 2', '2021-12-13 00:12:32', '2021-12-13 00:12:32'),
('188263d8-1426-370e-3869-9f77bda75690', 'Nhà B5', 'Cơ sở 2', '2021-12-13 00:12:23', '2021-12-13 00:12:23'),
('1ef50b1c-1203-7f02-3a80-3a2297d01534', 'Nhà C3', 'Cơ sở 3', '2021-12-13 00:12:48', '2021-12-13 00:12:48'),
('271a41be-5739-6088-3795-2c566fa88632', 'Nhà A1', 'Cơ sở 1', '2021-12-13 00:11:05', '2021-12-13 00:11:05'),
('2a3cacd6-1a30-6760-3769-9f77bda75690', 'Nhà C6', 'Cơ sở 3', '2021-12-13 00:13:09', '2021-12-13 00:13:09'),
('2b5f15b9-17d9-57e8-1e4a-aea48a10ed18', 'Nhà B1', 'Cơ sở 2', '2021-12-13 00:09:21', '2021-12-13 00:09:21'),
('3052c754-3516-667a-3980-3a2297d01534', 'Nhà A6', 'Cơ sở 1', '2021-11-19 18:05:12', '2021-11-19 18:05:12'),
('34bd2cef-5026-567c-3b71-153b37881afe', 'Nhà B8', 'Cơ sở 2', '2021-12-13 00:12:37', '2021-12-13 00:12:37'),
('3679a94f-304b-6e8d-53cb-b8d37b68af4d', 'Nhà B2', 'Cơ sở 2', '2021-12-13 00:12:12', '2021-12-13 00:12:12'),
('3c39055f-64c2-11b9-f7b4-c8af08a50cbf', 'Nhà A2', 'Cơ sở 1', '2021-12-13 00:11:09', '2021-12-13 00:11:09'),
('3c91bd67-6353-1edc-1f4a-aea48a10ed18', 'Nhà A4', 'Cơ sở 1', '2021-12-13 00:11:19', '2021-12-13 00:11:19'),
('3cf1ead4-291e-575d-3b80-3a2297d01534', 'Nhà C4', 'Cơ sở 3', '2021-12-13 00:12:54', '2021-12-13 00:12:54'),
('3ef40874-7653-5c65-2726-978952f080e4', 'Nhà A8', 'Cơ sở 1', '2021-12-13 00:09:08', '2021-12-13 00:09:08'),
('438598e2-2574-4fc8-2626-978952f080e4', 'Nhà B3', 'Cơ sở 2', '2021-12-13 00:12:20', '2021-12-13 00:12:20'),
('43a6bdf5-1b6b-451b-3695-2c566fa88632', 'Nhà B9', 'Cơ sở 2', '2021-12-13 00:12:40', '2021-12-13 00:12:40'),
('48d04691-671b-2f98-de69-4afe230d73a5', 'Nhà B6', 'Cơ sở 2', '2021-12-13 00:12:27', '2021-12-13 00:12:27'),
('536f0d7b-6fd5-2bb9-52cb-b8d37b68af4d', 'Nhà C5', 'Cơ sở 3', '2021-12-13 00:12:57', '2021-12-13 00:12:57'),
('64a59a25-2488-54b0-f6b4-c8af08a50cbf', 'Nhà C9', 'Cơ sở 3', '2021-12-13 00:13:16', '2021-12-13 00:13:16'),
('674934cc-42cf-20cf-1d4a-aea48a10ed18', 'Nhà B4', 'Cơ sở 2', '2021-12-13 00:12:16', '2021-12-13 00:12:16'),
('6fcbca4a-7938-4339-51cb-b8d37b68af4d', 'Nhà A9', 'Cơ sở 1', '2021-12-13 00:11:25', '2021-12-13 00:11:25'),
('70edc7b9-702f-70b2-3d71-153b37881afe', 'Nhà A3', 'Cơ sở 1', '2021-12-13 00:11:12', '2021-12-13 00:11:12'),
('794ca02a-1314-6ec3-df69-4afe230d73a5', 'Nhà C8', 'Cơ sở 3', '2021-12-13 00:13:12', '2021-12-13 00:13:12'),
('79c13594-4781-1b7c-204a-aea48a10ed18', 'Nhà A7', 'Cơ sở 1', '2021-12-13 00:09:15', '2021-12-13 00:09:15'),
('7e336cda-7f4c-3a8e-3895-2c566fa88632', 'Nhà C2', 'Cơ sở 3', '2021-12-13 00:12:43', '2021-12-13 00:12:43'),
('7fc94edc-2827-7327-1f1e-21c6d80fbd76', 'Nhà C1', 'Cơ sở 3', '2021-12-13 00:09:26', '2021-12-13 00:09:26'),
('92b1103a-5b6e-11ec-9c9e-ecf4bb4d36af', 'Nhà A10', 'Cơ sở 1', '2021-12-13 00:11:40', '2021-12-13 00:11:40'),
('9a370f5e-5b6e-11ec-9c9e-ecf4bb4d36af', 'Nhà A11', 'Cơ sở 1', '2021-12-13 00:11:53', '2021-12-13 00:11:53'),
('9da62a5c-5b6e-11ec-9c9e-ecf4bb4d36af', 'Nhà A12', 'Cơ sở 1', '2021-12-13 00:11:59', '2021-12-13 00:11:59'),
('a03219bf-5b6e-11ec-9c9e-ecf4bb4d36af', 'Nhà A13', 'Cơ sở 1', '2021-12-13 00:12:03', '2021-12-13 00:12:03');

-- 
-- Dumping data for table teacher
--
INSERT INTO teacher VALUES
('1b2e57dc-23af-2fc9-56c2-1cf647aea761', 'T-3', 'Nguyễn Mạnh Cường', '0912870090', 'cuongnv@gmail.com', '253bdb4a-3ce3-3cd3-85fd-5df4fd824cb1', '2021-12-25 15:23:22', '2021-12-25 15:23:22'),
('25c4364b-3b5e-6fc6-4077-9e4463160e48', 'T-10', 'Trần Tiến Dũng', '0912304113', 'trantd@haui.edu.vn', '3ab243c8-71b2-763b-7bba-f13ad74eb1e6', '2021-12-25 15:23:57', '2021-12-25 15:23:57'),
('2f014189-374b-4bbf-5ac2-1cf647aea761', 'T-12', 'Đỗ Mạnh Hùng', '0916113319', 'hungdm@gmail.com', '5b56a2fe-34b1-3cb8-23fa-3a13575a692a', '2021-12-25 15:24:06', '2021-12-25 15:24:06'),
('5694197f-21a8-4dc5-8acc-aea518759ca4', 'T-2', 'Nguyễn Bá Nghiễn', '01643017220', 'nghiennb@gmail.com', '5ce356b0-7e2c-6b27-7dba-f13ad74eb1e6', '2021-12-25 15:23:17', '2021-12-25 15:23:17'),
('66252d56-5abc-2946-c102-28cbae4b6f1a', 'T-4', 'Nguyễn Thị Mỹ Bình', '0977901599', 'binhntm@gmail.com', '3ab243c8-71b2-763b-7bba-f13ad74eb1e6', '2021-12-25 15:23:26', '2021-12-25 15:23:26'),
('6e3e9327-36d6-6b17-5196-5315d56cca6a', 'T-8', 'Phạm Văn Hà', '0948036600', 'phamvanha@gmail.com', '5b56a2fe-34b1-3cb8-23fa-3a13575a692a', '2021-12-25 15:23:49', '2021-12-25 15:23:49'),
('7f11c0cd-5c8c-11ec-b03e-ecf4bb4d36af', 'T-6', 'Nguyễn Văn Thiện', '0912503231', 'thiennv2@gmail.com', '2094ddfb-4ba5-4990-07af-bc6172c2cf10', '2021-12-25 15:23:34', '2021-12-25 15:23:34'),
('7f1357c3-5c8c-11ec-b03e-ecf4bb4d36af', 'T-1', 'Hoàng Tiến Dũng', '0904389594', 'tiendunghaui@gmail.com', '2094ddfb-4ba5-4990-07af-bc6172c2cf10', '2021-12-25 15:23:13', '2021-12-25 15:23:13'),
('7f14d815-5c8c-11ec-b03e-ecf4bb4d36af', 'T-7', 'Nguyễn Việt Hùng', '0904176105', 'hung2009haui@gmail.com', '2094ddfb-4ba5-4990-07af-bc6172c2cf10', '2021-12-25 15:23:38', '2021-12-25 15:23:38'),
('7f15d762-5c8c-11ec-b03e-ecf4bb4d36af', 'T-9', 'Phùng Xuân Sơn', '0912548656', 'phungxuanson@gmail.com', '2094ddfb-4ba5-4990-07af-bc6172c2cf10', '2021-12-25 15:23:53', '2021-12-25 15:23:53'),
('b3960eb7-64e3-11ec-b31b-ecf4bb4d36af', 'T-5', 'Nguyễn Tuấn Linh', '902079537', 'tuanlinhck@gmail.com', '2094ddfb-4ba5-4990-07af-bc6172c2cf10', '2021-12-25 15:23:30', '2021-12-25 15:23:30'),
('f2dff0b4-4923-11ec-84de-ecf4bb4d36af', 'T-11', 'Đặng Trọng Hợp', '0983144899', 'dangtronghop@gmail.com', '253bdb4a-3ce3-3cd3-85fd-5df4fd824cb1', '2021-12-25 15:24:01', '2021-12-25 15:24:01');

-- 
-- Dumping data for table moduleclass
--
INSERT INTO moduleclass VALUES
('05e1e953-5d77-11ec-948f-ecf4bb4d36af', 'LHP-15', '1b2e57dc-23af-2fc9-56c2-1cf647aea761', 'f4ef70bd-5c82-11ec-b03e-ecf4bb4d36af', 0, '2021-12-05', '2022-02-25', '2021-12-15 14:17:25', '2021-12-15 14:17:25', '724cda7e-3e73-6365-b639-7fa89fdac40f', '1bc09d81-5bf8-11ec-9627-ecf4bb4d36af'),
('3398f181-5d52-11ec-948f-ecf4bb4d36af', 'LHP-1', '7f1357c3-5c8c-11ec-b03e-ecf4bb4d36af', 'f4ef70bd-5c82-11ec-b03e-ecf4bb4d36af', 0, '2021-01-07', '2021-05-07', '2021-12-15 09:53:37', '2021-12-15 09:53:37', '64461d88-7e6b-5423-c300-73728ad2d17f', '456df03c-703b-5ff2-680e-a301df02d928'),
('f9e430f9-5d76-11ec-948f-ecf4bb4d36af', 'LHP-10', '5694197f-21a8-4dc5-8acc-aea518759ca4', '48c18eb2-5c82-11ec-b03e-ecf4bb4d36af', 0, '2018-01-15', '2018-05-15', '2021-12-25 13:32:06', '2021-12-25 13:32:06', '724cda7e-3e73-6365-b639-7fa89fdac40f', '498d18a7-5242-6712-59b5-dbdeded26587'),
('f9e6b181-5d76-11ec-948f-ecf4bb4d36af', 'LHP-11', '66252d56-5abc-2946-c102-28cbae4b6f1a', '57946bfc-5c82-11ec-b03e-ecf4bb4d36af', 0, '2018-01-15', '2018-05-15', '2021-12-15 14:16:52', '2021-12-15 14:16:52', '64461d88-7e6b-5423-c300-73728ad2d17f', '498d18a7-5242-6712-59b5-dbdeded26587'),
('f9e77b69-5d76-11ec-948f-ecf4bb4d36af', 'LHP-12', '1b2e57dc-23af-2fc9-56c2-1cf647aea761', '636b715f-5c82-11ec-b03e-ecf4bb4d36af', 0, '2018-01-15', '2018-05-15', '2021-12-15 14:16:52', '2021-12-15 14:16:52', '64461d88-7e6b-5423-c300-73728ad2d17f', '498d18a7-5242-6712-59b5-dbdeded26587'),
('f9e82ae2-5d76-11ec-948f-ecf4bb4d36af', 'LHP-13', '6e3e9327-36d6-6b17-5196-5315d56cca6a', '65eaf788-5c85-11ec-b03e-ecf4bb4d36af', 0, '2018-01-15', '2018-05-15', '2021-12-15 14:16:52', '2021-12-15 14:16:52', '64461d88-7e6b-5423-c300-73728ad2d17f', '498d18a7-5242-6712-59b5-dbdeded26587'),
('f9e8d668-5d76-11ec-948f-ecf4bb4d36af', 'LHP-14', '7f14d815-5c8c-11ec-b03e-ecf4bb4d36af', '65eceeec-5c85-11ec-b03e-ecf4bb4d36af', 0, '2018-01-15', '2018-05-15', '2021-12-15 14:16:52', '2021-12-15 14:16:52', '64461d88-7e6b-5423-c300-73728ad2d17f', '498d18a7-5242-6712-59b5-dbdeded26587');

-- 
-- Dumping data for table class
--
INSERT INTO class VALUES
('084dbff8-5b6d-11ec-9c9e-ecf4bb4d36af', 'L-8', 'DH2018KHMT02', 'a34a1ac4-5b68-11ec-9c9e-ecf4bb4d36af', 'ce2d4195-5b69-11ec-9c9e-ecf4bb4d36af', '2021-12-13 00:00:39', '2021-12-13 00:00:39'),
('490ff6c5-5b6c-11ec-9c9e-ecf4bb4d36af', 'L-1', 'DH2018CNTT06', 'a34a1ac4-5b68-11ec-9c9e-ecf4bb4d36af', 'b276167c-5b69-11ec-9c9e-ecf4bb4d36af', '2021-12-12 23:55:18', '2021-12-12 23:55:18'),
('55031e68-5b6c-11ec-9c9e-ecf4bb4d36af', 'L-2', 'DH2018CNTT01', 'a34a1ac4-5b68-11ec-9c9e-ecf4bb4d36af', 'b276167c-5b69-11ec-9c9e-ecf4bb4d36af', '2021-12-25 00:00:00', '2021-12-25 00:00:00'),
('5fd8968c-5b6c-11ec-9c9e-ecf4bb4d36af', 'L-3', 'DH2018CNTT02', 'a34a1ac4-5b68-11ec-9c9e-ecf4bb4d36af', 'b276167c-5b69-11ec-9c9e-ecf4bb4d36af', '2021-12-12 23:55:56', '2021-12-12 23:55:56'),
('95ca1e00-5b6c-11ec-9c9e-ecf4bb4d36af', 'L-4', 'DH2018CNTT04', 'a34a1ac4-5b68-11ec-9c9e-ecf4bb4d36af', 'b276167c-5b69-11ec-9c9e-ecf4bb4d36af', '2021-12-12 23:57:26', '2021-12-12 23:57:26'),
('a7591747-5b6c-11ec-9c9e-ecf4bb4d36af', 'L-5', 'DH2018CNTT03', 'a34a1ac4-5b68-11ec-9c9e-ecf4bb4d36af', 'b276167c-5b69-11ec-9c9e-ecf4bb4d36af', '2021-12-12 23:57:56', '2021-12-12 23:57:56'),
('ad89ea8d-64dd-11ec-b31b-ecf4bb4d36af', 'L-10', 'DH2017HTT01', '9a9733a9-5b68-11ec-9c9e-ecf4bb4d36af', 'ba5d54b4-5b69-11ec-9c9e-ecf4bb4d36af', '2021-12-25 00:19:40', '2021-12-25 00:19:40'),
('ad8c6c1a-64dd-11ec-b31b-ecf4bb4d36af', 'L-11', 'DH2017HTT02', '9a9733a9-5b68-11ec-9c9e-ecf4bb4d36af', 'ba5d54b4-5b69-11ec-9c9e-ecf4bb4d36af', '2021-12-25 00:20:28', '2021-12-25 00:20:28'),
('ad8d6e61-64dd-11ec-b31b-ecf4bb4d36af', 'L-12', 'DH2017HTT03', '9a9733a9-5b68-11ec-9c9e-ecf4bb4d36af', 'ba5d54b4-5b69-11ec-9c9e-ecf4bb4d36af', '2021-12-25 00:20:35', '2021-12-25 00:20:35'),
('ad8e72bf-64dd-11ec-b31b-ecf4bb4d36af', 'L-13', 'DH2017HTT04', '9a9733a9-5b68-11ec-9c9e-ecf4bb4d36af', 'ba5d54b4-5b69-11ec-9c9e-ecf4bb4d36af', '2021-12-25 00:20:41', '2021-12-25 00:20:41'),
('ad8f7535-64dd-11ec-b31b-ecf4bb4d36af', 'L-14', 'DH2017HTT05', '9a9733a9-5b68-11ec-9c9e-ecf4bb4d36af', 'ba5d54b4-5b69-11ec-9c9e-ecf4bb4d36af', '2021-12-25 00:20:51', '2021-12-25 00:20:51'),
('b847c436-5b6c-11ec-9c9e-ecf4bb4d36af', 'L-6', 'DH2018CNTT05', 'a34a1ac4-5b68-11ec-9c9e-ecf4bb4d36af', 'b276167c-5b69-11ec-9c9e-ecf4bb4d36af', '2021-12-12 23:58:24', '2021-12-12 23:58:24'),
('f0d3d16f-5b6c-11ec-9c9e-ecf4bb4d36af', 'L-7', 'DH2018KHMT01', 'a34a1ac4-5b68-11ec-9c9e-ecf4bb4d36af', 'ce2d4195-5b69-11ec-9c9e-ecf4bb4d36af', '2021-12-13 00:00:49', '2021-12-13 00:00:49');

-- 
-- Dumping data for table practiceshift
--
INSERT INTO practiceshift VALUES
('13cd33f2-6725-2425-e179-7ce9981695ea', 'Ca 3', '1973-10-10 22:44:55', '1987-05-04 13:04:02', '2012-10-22', '1992-08-23'),
('1703aa41-768a-5e1b-cd2e-fe37b47efbd0', 'Ca 6', '1999-11-22 11:25:46', '1970-01-01 00:00:05', '1974-02-06', '1970-01-05'),
('2412fd8f-3d33-4467-cc2e-fe37b47efbd0', 'Ca 4', '1970-01-01 00:01:10', '1970-04-20 02:05:46', '1970-03-11', '2018-12-21'),
('3c46f4ee-62ea-5c8d-986f-b9e6bde19f05', 'Ca 1', '1970-01-01 00:05:29', '1970-01-01 01:46:58', '1970-11-25', '1987-07-28'),
('4c01679a-290e-41dd-36dd-b2fad077304c', 'Ca 5', '2017-09-04 19:17:06', '1995-02-28 01:56:07', '2005-02-12', '2012-12-27'),
('585a8a5d-2d32-53a4-e279-7ce9981695ea', 'Ca 2', '2019-06-01 18:55:43', '1992-02-03 03:30:41', '1973-02-18', '1986-12-29');

-- 
-- Dumping data for table permission
--
INSERT INTO permission VALUES
('3a8e2ab6-61f3-40a6-6777-fd2ea5b5f96c', 'Admin'),
('473c87d2-76c0-4e21-eb9a-e23db261d3d7', 'Teacher'),
('6e4ad26a-2ed5-229e-bb00-f0281f63d6bc', 'TechnicalStaff');

-- 
-- Dumping data for table technicalstaff
--
INSERT INTO technicalstaff VALUES
('1c7784b2-61f8-16b0-dc4b-f1236f6a6b99', 'TS-407130', 'Nguyễn Kim Hương', '05372261009', 'Ackerman@haui.edu.vn', '2018-07-04 16:41:45', NULL),
('200848bf-27fe-17d5-b939-7fa89fdac40f', 'TS-471772', 'Nguyễn Thúy Yến', '0184227319', 'AltonLMclemore61@gmail.com', '2011-06-12 14:12:43', '2008-03-25 15:53:09'),
('20a00333-50e4-6183-748f-7ba1674cb75b', 'TS-857454', 'Nguyễn Văn Hiếu ', '0929902583', 'LoniCraft@gmail.com', '2009-06-08 17:58:17', '2006-01-01 00:14:18'),
('22607d42-6d32-4101-0326-1cbe3edcf8a7', 'TS-220616', 'Nguyễn Thu Quỳnh', '04423106901', 'Harkins@gmail.com', '2016-05-07 14:40:59', '2006-01-01 00:00:06'),
('2bc0579a-75ea-5443-19cf-b8a0d39a09cf', 'TS-117828', 'Nguyễn Đăng Đang ', '02138386041', 'Justus@haui.edu.vn', '2015-01-20 12:16:59', '2006-01-01 00:42:08'),
('2de1f00c-1153-264b-738f-7ba1674cb75b', 'TS-890157', 'Nguyễn Văn Đang ', '05889715803', 'Abraham327@gmail.com', '2011-06-12 14:12:42', '2016-08-24 00:24:02'),
('2e48abd1-3c36-40b9-1c71-9a6f237492c1', 'TS-281773', 'Nguyễn Anh Hưng ', '02868324211', 'Elena_Wild939@gmail.com', '2018-07-04 16:41:48', '2006-01-01 00:33:09'),
('2fbce6d4-6590-7d36-18cf-b8a0d39a09cf', 'TS-262256', 'Đỗ Văn Hưng ', '05996785191', 'msvigmm7213@gmail.com', NULL, '2006-01-01 00:53:03'),
('309ba2c5-13bd-4f7a-0426-1cbe3edcf8a7', 'TS-741652', 'Nguyễn Đăng Duy ', '08472806118', 'Ainsworth32@gmail.com', '2017-03-18 14:17:51', '2006-01-01 00:01:03'),
('33f86034-3179-33c3-5c44-fdef82b41d42', 'TS-468799', 'Hoàng Thị Trang', '07678325696', 'Beals4@gmail.com', '2007-04-14 07:53:23', '2006-01-01 00:01:25'),
('33f922c5-2507-287e-758f-7ba1674cb75b', 'TS-561138', 'Nguyễn Văn Văn Hiếu ', '05392281088', 'megkkqjc.ewnd@gmail.com', '2010-09-24 20:22:18', '2015-06-04 06:27:35'),
('3ef08788-4f37-781e-5a44-fdef82b41d42', 'TS-973700', 'Hồ Thị Trang', '07447862437', 'RobbieFort376@gmail.com', '2009-06-08 17:58:16', '2006-01-01 00:00:10'),
('403299f2-2723-6296-2e1a-3752b832a3e8', 'TS-281747', 'Nguyễn Văn Nam ', '05174647463', 'NelmsN23@gmail.com', '2018-07-04 16:41:49', '2009-01-19 17:50:15'),
('4232e053-7ae8-7691-d184-fd5984725e29', 'TS-081006', 'Hoàng Đăng Đang ', '07881285618', 'Adaline_Harvey@gmail.com', '2017-03-18 14:17:50', '2006-01-01 00:00:07'),
('43805a60-43dd-565c-1a71-9a6f237492c1', 'TS-362075', 'Trần Thúy Ngân', '02199279193', 'Eaves@gmail.com', '2010-09-24 20:22:17', '2012-02-29 08:39:05'),
('45ab821b-62ca-7159-5b44-fdef82b41d42', 'TS-316814', 'Nguyễn Thúy Linh', '02810083040', 'cuisyirg.yrembtkvic@gmail.com', '2016-05-07 14:40:57', NULL),
('4a8646ec-6c56-3ee3-c500-73728ad2d17f', 'TS-499457', 'Trần Thị Linh', '09571946764', 'Ma@gmail.com', '2018-07-04 16:41:47', '2017-01-06 10:09:21'),
('4c2ff98c-6e4f-4c60-b739-7fa89fdac40f', 'TS-026203', 'Nguyễn Văn Đang ', '05818720446', 'Adam_Gerald347@haui.edu.vn', '2018-07-04 16:41:46', '2015-09-03 02:45:27'),
('4f10ebaa-288f-68e8-0226-1cbe3edcf8a7', 'TS-956975', 'Bùi Thị Hằng', '08401477959', 'Abe_Rizzo@gmail.com', '2008-07-30 10:17:24', '2006-01-01 00:01:29'),
('5888a9f1-3c78-4f85-1b71-9a6f237492c1', 'TS-081356', 'Nguyễn Văn Nam ', '09112183383', 'ValarieSage@gmail.com', '2015-01-20 12:16:58', '2013-05-30 22:25:51'),
('593ca179-1444-49e5-d084-fd5984725e29', 'TS-616284', 'Đỗ Thị Linh', '04169401035', 'xlyxk0737@haui.edu.vn', '2017-03-18 14:17:49', '2006-01-01 02:13:36'),
('5a968398-3b97-292f-cf84-fd5984725e29', 'TS-674562', 'Nguyễn Đăng Hiếu ', '0592675328', 'Acker@gmail.com', '2015-01-20 12:16:57', '2006-01-01 00:00:33'),
('5c1a8653-7790-743f-c400-73728ad2d17f', 'TS-824237', 'Đỗ Văn Hưng ', '01651205630', 'dugvd51@gmail.com', '2017-03-18 14:17:48', NULL),
('60fab728-7aa7-21c3-ce84-fd5984725e29', 'TS-201139', 'Nguyễn Hữu Đang ', '00221866119', 'RutheCarmona217@haui.edu.vn', '2012-09-27 16:36:42', '2018-05-12 18:32:05'),
('64461d88-7e6b-5423-c300-73728ad2d17f', 'TS-335068', 'Bùi Trọng Long ', '09791864105', 'axnmqas5599@haui.edu.vn', '2018-07-04 16:41:44', '2015-08-15 04:03:53'),
('724cda7e-3e73-6365-b639-7fa89fdac40f', 'TS-973069', 'Nguyễn Trọng Hưng ', '07052605236', 'Clair.Clark@gmail.com', '2008-07-30 10:17:23', '2015-03-27 10:00:23'),
('74112ed6-6596-6ff3-dd4b-f1236f6a6b99', 'TS-964611', 'Hoàng Văn Hùng ', '01326301595', 'Alonso@gmail.com', '2012-09-27 16:36:43', '2006-01-01 01:05:20'),
('7eda8a44-51e6-16a4-d284-fd5984725e29', 'TS-027931', 'Nguyễn Kim Yến', '0075122253', 'Annalee.ZAbel@gmail.com', '2012-09-27 16:36:44', '2006-01-01 00:01:16'),
('7fee3877-37da-4180-b839-7fa89fdac40f', 'TS-621099', 'Nguyễn Hải Quỳnh', '00192700126', 'iuoy5288@gmail.com', '2016-05-07 14:40:58', '2014-09-06 09:31:07'),
('7ff9535e-2762-5649-2d1a-3752b832a3e8', 'TS-011663', 'Nguyễn Trọng Long ', '00889011300', 'Deanna_Vera73@gmail.com', '2017-03-18 14:17:47', '2006-01-01 00:00:09');

-- 
-- Dumping data for table practicallaboratory
--
INSERT INTO practicallaboratory VALUES
('1c3cf7be-5cfb-3a39-40ff-14cb4f66624a', 'P-489143', 'Phòng 704', 40, '', '271a41be-5739-6088-3795-2c566fa88632', '2021-12-15 15:48:45', '2021-12-15 15:48:45', '40982e50-6653-1215-15f5-c98d315c59dd', '1651152a-3050-64cf-1df6-33f91a5c4469', 0),
('1e5b3646-24d7-42b4-5bc4-b9aac0c0d908', 'P-963240', 'Phòng 604', 40, '', '271a41be-5739-6088-3795-2c566fa88632', '2021-12-15 15:39:23', '2021-12-15 15:39:23', '5ba7da09-4aa1-11ec-a373-ecf4bb4d36af', '3e6da6c4-15f2-54a6-09af-bc6172c2cf10', 0),
('2900b0de-68e5-34bf-4d18-95a4b28724a5', 'P-847610', 'Phòng 703', 40, '', '271a41be-5739-6088-3795-2c566fa88632', '2021-12-15 15:41:57', '2021-12-15 15:41:57', '5ba7da09-4aa1-11ec-a373-ecf4bb4d36af', '3e6da6c4-15f2-54a6-09af-bc6172c2cf10', 0),
('32c5be54-1b6d-4f2f-42ff-14cb4f66624a', 'P-054620', 'Phòng 602', 35, '', '6fcbca4a-7938-4339-51cb-b8d37b68af4d', '2021-12-15 15:35:07', '2021-12-15 15:35:07', '5ba7da09-4aa1-11ec-a373-ecf4bb4d36af', '253bdb4a-3ce3-3cd3-85fd-5df4fd824cb1', 0),
('375e8f77-3102-4813-5cc4-b9aac0c0d908', 'P-256735', 'Phòng 702', 40, '', '271a41be-5739-6088-3795-2c566fa88632', '2021-12-15 15:40:38', '2021-12-15 15:40:38', '5ba7da09-4aa1-11ec-a373-ecf4bb4d36af', '3e6da6c4-15f2-54a6-09af-bc6172c2cf10', 0),
('442d76aa-292c-2d1e-6563-1356971fbebe', 'P-669213', 'Phòng 705', 40, '', '271a41be-5739-6088-3795-2c566fa88632', '2021-12-15 15:49:24', '2021-12-15 15:49:24', '5ba7da09-4aa1-11ec-a373-ecf4bb4d36af', '253bdb4a-3ce3-3cd3-85fd-5df4fd824cb1', 0),
('584243bd-2e15-17c7-ce8a-2526dd27dde1', 'P-343476', 'Phòng 603', 40, '', '271a41be-5739-6088-3795-2c566fa88632', '2021-12-15 15:36:36', '2021-12-15 15:36:36', '5ba7da09-4aa1-11ec-a373-ecf4bb4d36af', '3e6da6c4-15f2-54a6-09af-bc6172c2cf10', 0),
('6b38ddb6-1cdc-5f7b-6efa-d9c911cf4972', 'P-468119', 'Phòng 601', 40, 'Đang bảo trì', '92b1103a-5b6e-11ec-9c9e-ecf4bb4d36af', '2021-12-25 00:01:45', '2021-12-25 00:01:45', '711510bd-606e-7b68-ddcb-05dee64e6cc0', '6e8abf33-27e5-25ce-1af6-33f91a5c4469', 1),
('6c99102a-66fb-19eb-6663-1356971fbebe', 'P-930591', 'Phòng 605', 40, '', '271a41be-5739-6088-3795-2c566fa88632', '2021-12-15 15:37:51', '2021-12-15 15:37:51', '5ba7da09-4aa1-11ec-a373-ecf4bb4d36af', '253bdb4a-3ce3-3cd3-85fd-5df4fd824cb1', 0),
('76f76014-2e74-492c-4b18-95a4b28724a5', 'P-772865', 'Phòng 701', 40, '', '271a41be-5739-6088-3795-2c566fa88632', '2021-12-15 15:40:04', '2021-12-15 15:40:04', '5ba7da09-4aa1-11ec-a373-ecf4bb4d36af', '3e6da6c4-15f2-54a6-09af-bc6172c2cf10', 0);

-- 
-- Dumping data for table practicegroup
--
INSERT INTO practicegroup VALUES
('242f1601-6548-11ec-a6a1-ecf4bb4d36af', 'NH-5', 'f9e430f9-5d76-11ec-948f-ecf4bb4d36af', 'Nhóm 1 - KTLT', '5694197f-21a8-4dc5-8acc-aea518759ca4', 'Kỹ thuật lập trình', '2021-12-29 14:27:19', '2021-12-29 14:27:19'),
('26c08401-6525-11ec-a6a1-ecf4bb4d36af', 'NH-4', '3398f181-5d52-11ec-948f-ecf4bb4d36af', 'Nhóm 2', '7f1357c3-5c8c-11ec-b03e-ecf4bb4d36af', 'lớp DHUD', '2021-12-25 08:51:17', '2021-12-25 08:51:17'),
('40fa15be-5d7d-11ec-948f-ecf4bb4d36af', 'NH-1', '05e1e953-5d77-11ec-948f-ecf4bb4d36af', 'Nhóm 1 - ĐHUD', '1b2e57dc-23af-2fc9-56c2-1cf647aea761', 'nhóm 1', '2021-12-15 15:28:54', '2021-12-15 15:28:54'),
('4cd3ba58-5d7d-11ec-948f-ecf4bb4d36af', 'NH-2', '05e1e953-5d77-11ec-948f-ecf4bb4d36af', 'Nhóm 2 - ĐHUD', '1b2e57dc-23af-2fc9-56c2-1cf647aea761', 'nhóm 2', '2021-12-15 15:02:08', '2021-12-15 15:02:08'),
('8602741c-5d81-11ec-948f-ecf4bb4d36af', 'NH-3', '3398f181-5d52-11ec-948f-ecf4bb4d36af', 'Nhóm 1 - ĐHUD', '7f1357c3-5c8c-11ec-b03e-ecf4bb4d36af', 'GV Hoàng Tiến Dũng', '2021-12-15 15:32:22', '2021-12-15 15:32:22');

-- 
-- Dumping data for table student
--
INSERT INTO student VALUES
('56957bc2-5d11-11ec-8794-ecf4bb4d36af', 'SV-1', 'Nguyễn Văn Bình', '2000-10-26', 1, '55031e68-5b6c-11ec-9c9e-ecf4bb4d36af', '2021-12-15 02:09:19', '2021-12-15 02:09:19'),
('56963e27-5d11-11ec-8794-ecf4bb4d36af', 'SV-2', 'Trần Thị Huyền', '2000-10-26', 0, '55031e68-5b6c-11ec-9c9e-ecf4bb4d36af', '2021-12-15 02:09:19', '2021-12-15 02:09:19'),
('5696e750-5d11-11ec-8794-ecf4bb4d36af', 'SV-3', 'Trần Thị Huyền', '2000-10-26', 0, '55031e68-5b6c-11ec-9c9e-ecf4bb4d36af', '2021-12-15 02:09:19', '2021-12-15 02:09:19'),
('569790ec-5d11-11ec-8794-ecf4bb4d36af', 'SV-4', 'Trần Thị Khánh Linh', '2000-10-26', 0, '55031e68-5b6c-11ec-9c9e-ecf4bb4d36af', '2021-12-15 02:09:19', '2021-12-15 02:09:19'),
('569847f9-5d11-11ec-8794-ecf4bb4d36af', 'SV-5', 'Nguyễn Long Nhật', '2000-10-26', 1, '55031e68-5b6c-11ec-9c9e-ecf4bb4d36af', '2021-12-15 02:09:19', '2021-12-15 02:09:19'),
('5698f86d-5d11-11ec-8794-ecf4bb4d36af', 'SV-6', 'Mai Thị Sen', '2000-10-26', 0, '55031e68-5b6c-11ec-9c9e-ecf4bb4d36af', '2021-12-15 02:09:19', '2021-12-15 02:09:19'),
('5699964a-5d11-11ec-8794-ecf4bb4d36af', 'SV-7', 'Lưu Đức Quân', '2000-10-26', 1, '55031e68-5b6c-11ec-9c9e-ecf4bb4d36af', '2021-12-15 02:09:19', '2021-12-15 02:09:19'),
('569a3630-5d11-11ec-8794-ecf4bb4d36af', 'SV-8', 'Mai Anh Quân', '2000-10-26', 1, '55031e68-5b6c-11ec-9c9e-ecf4bb4d36af', '2021-12-15 02:09:19', '2021-12-15 02:09:19'),
('569ac744-5d11-11ec-8794-ecf4bb4d36af', 'SV-9', 'Ngô Bình Dương', '2000-10-26', 1, '55031e68-5b6c-11ec-9c9e-ecf4bb4d36af', '2021-12-15 02:09:19', '2021-12-15 02:09:19'),
('569ba134-5d11-11ec-8794-ecf4bb4d36af', 'SV-10', 'Trịnh Đức Thiện', '2000-10-26', 1, '55031e68-5b6c-11ec-9c9e-ecf4bb4d36af', '2021-12-15 02:09:19', '2021-12-15 02:09:19'),
('569cf122-5d11-11ec-8794-ecf4bb4d36af', 'SV-11', 'Nguyễn Việt Hoàng', '2000-10-26', 1, '55031e68-5b6c-11ec-9c9e-ecf4bb4d36af', '2021-12-15 02:09:19', '2021-12-15 02:09:19'),
('569ddb29-5d11-11ec-8794-ecf4bb4d36af', 'SV-12', 'Ngô Minh Hà', '2000-10-26', 1, '55031e68-5b6c-11ec-9c9e-ecf4bb4d36af', '2021-12-15 02:09:19', '2021-12-15 02:09:19'),
('56a02cca-5d11-11ec-8794-ecf4bb4d36af', 'SV-13', 'Đỗ Tấn Hưng', '2000-10-26', 1, '55031e68-5b6c-11ec-9c9e-ecf4bb4d36af', '2021-12-15 02:09:19', '2021-12-15 02:09:19'),
('56a226cf-5d11-11ec-8794-ecf4bb4d36af', 'SV-14', 'Nguyễn Văn Tài', '2000-10-26', 1, '55031e68-5b6c-11ec-9c9e-ecf4bb4d36af', '2021-12-15 02:09:19', '2021-12-15 02:09:19'),
('56a2c250-5d11-11ec-8794-ecf4bb4d36af', 'SV-15', 'Lê Thị Lan Anh', '2000-10-26', 0, '55031e68-5b6c-11ec-9c9e-ecf4bb4d36af', '2021-12-15 02:09:19', '2021-12-15 02:09:19'),
('56a353f2-5d11-11ec-8794-ecf4bb4d36af', 'SV-16', 'Nguyễn Trọng Huy', '2000-10-26', 1, '55031e68-5b6c-11ec-9c9e-ecf4bb4d36af', '2021-12-15 02:09:19', '2021-12-15 02:09:19'),
('56a3f4b5-5d11-11ec-8794-ecf4bb4d36af', 'SV-17', 'Nguyễn Anh Tú', '2000-10-26', 1, '55031e68-5b6c-11ec-9c9e-ecf4bb4d36af', '2021-12-15 02:09:19', '2021-12-15 02:09:19'),
('56a497bf-5d11-11ec-8794-ecf4bb4d36af', 'SV-18', 'Đào Công Lượng', '2000-10-26', 1, '55031e68-5b6c-11ec-9c9e-ecf4bb4d36af', '2021-12-15 02:09:19', '2021-12-15 02:09:19'),
('56a536d3-5d11-11ec-8794-ecf4bb4d36af', 'SV-19', 'Ngô Minh Hà', '2000-10-26', 1, '55031e68-5b6c-11ec-9c9e-ecf4bb4d36af', '2021-12-15 02:09:19', '2021-12-15 02:09:19'),
('56a5d4f3-5d11-11ec-8794-ecf4bb4d36af', 'SV-20', 'Phạm Khắc Quang', '2000-10-26', 1, '55031e68-5b6c-11ec-9c9e-ecf4bb4d36af', '2021-12-15 02:09:19', '2021-12-15 02:09:19'),
('56a66d2d-5d11-11ec-8794-ecf4bb4d36af', 'SV-21', 'Nguyễn Văn Anh Tuấn', '2000-10-26', 1, '55031e68-5b6c-11ec-9c9e-ecf4bb4d36af', '2021-12-15 02:09:19', '2021-12-15 02:09:19'),
('56a711d9-5d11-11ec-8794-ecf4bb4d36af', 'SV-22', 'Nguyễn Văn Trường', '2000-10-26', 1, '55031e68-5b6c-11ec-9c9e-ecf4bb4d36af', '2021-12-15 02:09:19', '2021-12-15 02:09:19'),
('56a7dd32-5d11-11ec-8794-ecf4bb4d36af', 'SV-23', 'Nguyễn Quang Huy', '2000-10-26', 1, '55031e68-5b6c-11ec-9c9e-ecf4bb4d36af', '2021-12-15 02:09:19', '2021-12-15 02:09:19'),
('56a88781-5d11-11ec-8794-ecf4bb4d36af', 'SV-24', 'LOUANGKHOTH Sinthasone', '2000-10-26', 1, '55031e68-5b6c-11ec-9c9e-ecf4bb4d36af', '2021-12-15 02:09:19', '2021-12-15 02:09:19'),
('56a92f52-5d11-11ec-8794-ecf4bb4d36af', 'SV-25', 'SOUPHANETHONE Benchany', '2000-10-26', 1, '55031e68-5b6c-11ec-9c9e-ecf4bb4d36af', '2021-12-15 02:09:19', '2021-12-15 02:09:19'),
('56a9f94e-5d11-11ec-8794-ecf4bb4d36af', 'SV-26', 'Phạm Tiến Anh', '2000-10-26', 1, '55031e68-5b6c-11ec-9c9e-ecf4bb4d36af', '2021-12-15 02:09:19', '2021-12-15 02:09:19'),
('56aaa338-5d11-11ec-8794-ecf4bb4d36af', 'SV-27', 'Trần Công Minh', '2000-10-26', 1, '55031e68-5b6c-11ec-9c9e-ecf4bb4d36af', '2021-12-15 02:09:19', '2021-12-15 02:09:19'),
('56ab4348-5d11-11ec-8794-ecf4bb4d36af', 'SV-28', 'Nguyễn Văn Đức', '2000-10-26', 1, '55031e68-5b6c-11ec-9c9e-ecf4bb4d36af', '2021-12-15 02:09:19', '2021-12-15 02:09:19'),
('56abf78d-5d11-11ec-8794-ecf4bb4d36af', 'SV-29', 'Vũ Thị Thu Hà', '2000-10-26', 0, '55031e68-5b6c-11ec-9c9e-ecf4bb4d36af', '2021-12-15 02:09:19', '2021-12-15 02:09:19'),
('56ac99a8-5d11-11ec-8794-ecf4bb4d36af', 'SV-30', 'Nguyễn Đình Quyền', '2000-10-26', 1, '5fd8968c-5b6c-11ec-9c9e-ecf4bb4d36af', '2021-12-15 02:09:19', '2021-12-15 02:09:19'),
('56ad1c58-5d11-11ec-8794-ecf4bb4d36af', 'SV-31', 'Phan Ngọc Triều', '2000-10-26', 1, '5fd8968c-5b6c-11ec-9c9e-ecf4bb4d36af', '2021-12-15 02:09:19', '2021-12-15 02:09:19'),
('56adaf3c-5d11-11ec-8794-ecf4bb4d36af', 'SV-32', 'Ngô Như Hải', '2000-10-26', 1, '5fd8968c-5b6c-11ec-9c9e-ecf4bb4d36af', '2021-12-15 02:09:19', '2021-12-15 02:09:19'),
('56ae3d09-5d11-11ec-8794-ecf4bb4d36af', 'SV-33', 'Đỗ Huy Giảng', '2000-10-26', 1, '5fd8968c-5b6c-11ec-9c9e-ecf4bb4d36af', '2021-12-15 02:09:19', '2021-12-15 02:09:19'),
('56aedcf0-5d11-11ec-8794-ecf4bb4d36af', 'SV-34', 'Phạm Thị Thanh', '2000-10-26', 0, '5fd8968c-5b6c-11ec-9c9e-ecf4bb4d36af', '2021-12-15 02:09:19', '2021-12-15 02:09:19'),
('56af72cc-5d11-11ec-8794-ecf4bb4d36af', 'SV-35', 'Phùng Thanh Long', '2000-10-26', 1, '5fd8968c-5b6c-11ec-9c9e-ecf4bb4d36af', '2021-12-15 02:09:19', '2021-12-15 02:09:19'),
('56afff23-5d11-11ec-8794-ecf4bb4d36af', 'SV-36', 'Nguyễn Trung Trí', '2000-10-26', 1, '5fd8968c-5b6c-11ec-9c9e-ecf4bb4d36af', '2021-12-15 02:09:19', '2021-12-15 02:09:19'),
('56b08d75-5d11-11ec-8794-ecf4bb4d36af', 'SV-37', 'Lê Văn Kiên', '2000-10-26', 1, '5fd8968c-5b6c-11ec-9c9e-ecf4bb4d36af', '2021-12-15 02:09:19', '2021-12-15 02:09:19'),
('56b11de1-5d11-11ec-8794-ecf4bb4d36af', 'SV-38', 'Đào Nguyên Cảnh', '2000-10-26', 1, '5fd8968c-5b6c-11ec-9c9e-ecf4bb4d36af', '2021-12-15 02:09:19', '2021-12-15 02:09:19'),
('56b1b048-5d11-11ec-8794-ecf4bb4d36af', 'SV-39', 'Thái Anh Nam', '2000-10-26', 1, '5fd8968c-5b6c-11ec-9c9e-ecf4bb4d36af', '2021-12-15 02:09:19', '2021-12-15 02:09:19'),
('56b23aab-5d11-11ec-8794-ecf4bb4d36af', 'SV-40', 'Đàm Tuấn Cường', '2000-10-26', 1, '5fd8968c-5b6c-11ec-9c9e-ecf4bb4d36af', '2021-12-15 02:09:19', '2021-12-15 02:09:19'),
('56b2d2cc-5d11-11ec-8794-ecf4bb4d36af', 'SV-41', 'Lại Cao Phú', '2000-10-26', 1, '5fd8968c-5b6c-11ec-9c9e-ecf4bb4d36af', '2021-12-15 02:09:19', '2021-12-15 02:09:19'),
('56b376f3-5d11-11ec-8794-ecf4bb4d36af', 'SV-42', 'Ngô Thị Thủy', '2000-10-26', 0, '5fd8968c-5b6c-11ec-9c9e-ecf4bb4d36af', '2021-12-15 02:09:19', '2021-12-15 02:09:19'),
('56b40ed1-5d11-11ec-8794-ecf4bb4d36af', 'SV-43', 'Phùng Thị Huyền Trang', '2000-10-26', 0, '5fd8968c-5b6c-11ec-9c9e-ecf4bb4d36af', '2021-12-15 02:09:19', '2021-12-15 02:09:19'),
('56b4b8d6-5d11-11ec-8794-ecf4bb4d36af', 'SV-44', 'Hoàng Xuân Thanh', '2000-10-26', 0, '5fd8968c-5b6c-11ec-9c9e-ecf4bb4d36af', '2021-12-15 02:09:19', '2021-12-15 02:09:19'),
('56b5556c-5d11-11ec-8794-ecf4bb4d36af', 'SV-45', 'Nguyễn Tiến Dũng', '2000-10-26', 1, '5fd8968c-5b6c-11ec-9c9e-ecf4bb4d36af', '2021-12-15 02:09:19', '2021-12-15 02:09:19'),
('56b5e779-5d11-11ec-8794-ecf4bb4d36af', 'SV-46', 'Nguyễn Trường Thành', '2000-10-26', 1, '5fd8968c-5b6c-11ec-9c9e-ecf4bb4d36af', '2021-12-15 02:09:19', '2021-12-15 02:09:19'),
('56b688fa-5d11-11ec-8794-ecf4bb4d36af', 'SV-47', 'Đỗ Văn Hiếu', '2000-10-26', 1, '5fd8968c-5b6c-11ec-9c9e-ecf4bb4d36af', '2021-12-15 02:09:19', '2021-12-15 02:09:19'),
('56b71a9c-5d11-11ec-8794-ecf4bb4d36af', 'SV-48', 'Hà Ngọc Tú', '2000-10-26', 1, '5fd8968c-5b6c-11ec-9c9e-ecf4bb4d36af', '2021-12-15 02:09:19', '2021-12-15 02:09:19'),
('56b7c780-5d11-11ec-8794-ecf4bb4d36af', 'SV-49', 'Lê Đức Khải', '2000-10-26', 1, '5fd8968c-5b6c-11ec-9c9e-ecf4bb4d36af', '2021-12-15 02:09:19', '2021-12-15 02:09:19'),
('56b85ce4-5d11-11ec-8794-ecf4bb4d36af', 'SV-50', 'Nguyễn Quang Thắng', '2000-10-26', 1, '5fd8968c-5b6c-11ec-9c9e-ecf4bb4d36af', '2021-12-15 02:09:19', '2021-12-15 02:09:19'),
('56b90257-5d11-11ec-8794-ecf4bb4d36af', 'SV-51', 'Hoàng Ngọc Trường', '2000-10-26', 1, '5fd8968c-5b6c-11ec-9c9e-ecf4bb4d36af', '2021-12-15 02:09:19', '2021-12-15 02:09:19'),
('56b9bd51-5d11-11ec-8794-ecf4bb4d36af', 'SV-52', 'Hoàng Ngọc Trường', '2000-10-26', 1, '5fd8968c-5b6c-11ec-9c9e-ecf4bb4d36af', '2021-12-15 02:09:19', '2021-12-15 02:09:19'),
('56baa27f-5d11-11ec-8794-ecf4bb4d36af', 'SV-53', 'Ngụy Minh Thắng', '2000-10-26', 1, '5fd8968c-5b6c-11ec-9c9e-ecf4bb4d36af', '2021-12-15 02:09:19', '2021-12-15 02:09:19'),
('56bb926e-5d11-11ec-8794-ecf4bb4d36af', 'SV-54', 'Lưu Thế Minh', '2000-10-26', 1, '5fd8968c-5b6c-11ec-9c9e-ecf4bb4d36af', '2021-12-15 02:09:19', '2021-12-15 02:09:19'),
('56bc8a52-5d11-11ec-8794-ecf4bb4d36af', 'SV-55', 'Trương Đào Ngọc Tân', '2000-10-26', 1, '5fd8968c-5b6c-11ec-9c9e-ecf4bb4d36af', '2021-12-15 02:09:19', '2021-12-15 02:09:19'),
('56bd69b3-5d11-11ec-8794-ecf4bb4d36af', 'SV-56', 'Lê Quang Trung', '2000-10-26', 1, '5fd8968c-5b6c-11ec-9c9e-ecf4bb4d36af', '2021-12-15 02:09:19', '2021-12-15 02:09:19'),
('56be639c-5d11-11ec-8794-ecf4bb4d36af', 'SV-57', 'Hoàng Ngọc Trường', '2000-10-26', 1, '5fd8968c-5b6c-11ec-9c9e-ecf4bb4d36af', '2021-12-15 02:09:19', '2021-12-15 02:09:19'),
('56bf4c56-5d11-11ec-8794-ecf4bb4d36af', 'SV-58', 'Nguyễn Xuân Kiên', '2000-10-26', 1, '5fd8968c-5b6c-11ec-9c9e-ecf4bb4d36af', '2021-12-15 02:09:19', '2021-12-15 02:09:19'),
('56c0302b-5d11-11ec-8794-ecf4bb4d36af', 'SV-59', 'Đỗ Văn Khang', '2000-10-26', 1, '5fd8968c-5b6c-11ec-9c9e-ecf4bb4d36af', '2021-12-15 02:09:19', '2021-12-15 02:09:19'),
('56c1117a-5d11-11ec-8794-ecf4bb4d36af', 'SV-60', 'Hoàng Quốc Việt', '2000-10-26', 1, '5fd8968c-5b6c-11ec-9c9e-ecf4bb4d36af', '2021-12-15 02:09:19', '2021-12-15 02:09:19'),
('56c2ee57-5d11-11ec-8794-ecf4bb4d36af', 'SV-62', 'Phạm Thế Duy Tuấn', '2000-10-26', 1, 'a7591747-5b6c-11ec-9c9e-ecf4bb4d36af', '2021-12-15 02:09:19', '2021-12-15 02:09:19'),
('56c3ee0a-5d11-11ec-8794-ecf4bb4d36af', 'SV-63', 'Phí Quang Biển', '2000-10-26', 1, 'a7591747-5b6c-11ec-9c9e-ecf4bb4d36af', '2021-12-15 02:09:19', '2021-12-15 02:09:19'),
('56c4e15b-5d11-11ec-8794-ecf4bb4d36af', 'SV-64', 'Đinh Ngọc Đạt', '2000-10-26', 1, 'a7591747-5b6c-11ec-9c9e-ecf4bb4d36af', '2021-12-15 02:09:19', '2021-12-15 02:09:19'),
('56c5c279-5d11-11ec-8794-ecf4bb4d36af', 'SV-65', 'Đặng Huy Tú', '2000-10-26', 1, 'a7591747-5b6c-11ec-9c9e-ecf4bb4d36af', '2021-12-15 02:09:19', '2021-12-15 02:09:19'),
('56c6ba14-5d11-11ec-8794-ecf4bb4d36af', 'SV-66', 'Đào Phương Nam', '2000-10-26', 1, 'a7591747-5b6c-11ec-9c9e-ecf4bb4d36af', '2021-12-15 02:09:19', '2021-12-15 02:09:19'),
('56c79e7b-5d11-11ec-8794-ecf4bb4d36af', 'SV-67', 'Lê Sỹ Đức', '2000-10-26', 1, 'a7591747-5b6c-11ec-9c9e-ecf4bb4d36af', '2021-12-15 02:09:19', '2021-12-15 02:09:19'),
('56c888fe-5d11-11ec-8794-ecf4bb4d36af', 'SV-68', 'Võ Văn Đồng', '2000-10-26', 1, 'a7591747-5b6c-11ec-9c9e-ecf4bb4d36af', '2021-12-15 02:09:19', '2021-12-15 02:09:19'),
('56c96d1e-5d11-11ec-8794-ecf4bb4d36af', 'SV-69', 'Nguyễn Thành Vinh', '2000-10-26', 1, 'a7591747-5b6c-11ec-9c9e-ecf4bb4d36af', '2021-12-15 02:09:19', '2021-12-15 02:09:19'),
('56ca4ec2-5d11-11ec-8794-ecf4bb4d36af', 'SV-70', 'Đặng Văn Biên', '2000-10-26', 1, 'a7591747-5b6c-11ec-9c9e-ecf4bb4d36af', '2021-12-15 02:09:19', '2021-12-15 02:09:19'),
('56cb2bab-5d11-11ec-8794-ecf4bb4d36af', 'SV-71', 'CHITTALARD LATSAMEE', '2000-10-26', 1, 'a7591747-5b6c-11ec-9c9e-ecf4bb4d36af', '2021-12-15 02:09:19', '2021-12-15 02:09:19'),
('56cc0820-5d11-11ec-8794-ecf4bb4d36af', 'SV-72', 'CHITTALARD LATSAMEE', '2000-10-26', 1, 'a7591747-5b6c-11ec-9c9e-ecf4bb4d36af', '2021-12-15 02:09:19', '2021-12-15 02:09:19'),
('56ccdcbb-5d11-11ec-8794-ecf4bb4d36af', 'SV-73', 'CHITTALARD LATSAMEE', '2000-10-26', 1, 'a7591747-5b6c-11ec-9c9e-ecf4bb4d36af', '2021-12-15 02:09:19', '2021-12-15 02:09:19'),
('56cdb5a7-5d11-11ec-8794-ecf4bb4d36af', 'SV-74', 'VUE Anuvy', '2000-10-26', 1, 'a7591747-5b6c-11ec-9c9e-ecf4bb4d36af', '2021-12-15 02:09:19', '2021-12-15 02:09:19'),
('56ce91f4-5d11-11ec-8794-ecf4bb4d36af', 'SV-75', 'CHANTHAVONG Nomvilay', '2000-10-26', 1, 'a7591747-5b6c-11ec-9c9e-ecf4bb4d36af', '2021-12-15 02:09:19', '2021-12-15 02:09:19'),
('56cf6d7a-5d11-11ec-8794-ecf4bb4d36af', 'SV-76', 'CHANTHAVONG Nomvilay', '2000-10-26', 1, 'a7591747-5b6c-11ec-9c9e-ecf4bb4d36af', '2021-12-15 02:09:19', '2021-12-15 02:09:19'),
('56d04b14-5d11-11ec-8794-ecf4bb4d36af', 'SV-77', 'CHANTHAVONG Nomvilay', '2000-10-26', 1, 'a7591747-5b6c-11ec-9c9e-ecf4bb4d36af', '2021-12-15 02:09:19', '2021-12-15 02:09:19'),
('56d129f1-5d11-11ec-8794-ecf4bb4d36af', 'SV-78', 'AMKHATHONGKHAM Souphasit', '2000-10-26', 1, 'a7591747-5b6c-11ec-9c9e-ecf4bb4d36af', '2021-12-15 02:09:19', '2021-12-15 02:09:19'),
('56d21a10-5d11-11ec-8794-ecf4bb4d36af', 'SV-79', 'CHANTHANASINH BOUNTHAPHA', '2000-10-26', 1, 'a7591747-5b6c-11ec-9c9e-ecf4bb4d36af', '2021-12-15 02:09:19', '2021-12-15 02:09:19'),
('56d31932-5d11-11ec-8794-ecf4bb4d36af', 'SV-80', 'CHITTALATH KOUTKEO', '2000-10-26', 1, 'a7591747-5b6c-11ec-9c9e-ecf4bb4d36af', '2021-12-15 02:09:19', '2021-12-15 02:09:19'),
('56d3f2e3-5d11-11ec-8794-ecf4bb4d36af', 'SV-81', 'CHITTALATH KOUTKEO', '2000-10-26', 1, 'a7591747-5b6c-11ec-9c9e-ecf4bb4d36af', '2021-12-15 02:09:19', '2021-12-15 02:09:19'),
('56d4e03c-5d11-11ec-8794-ecf4bb4d36af', 'SV-82', 'CHITTALATH KOUTKEO', '2000-10-26', 1, 'a7591747-5b6c-11ec-9c9e-ecf4bb4d36af', '2021-12-15 02:09:19', '2021-12-15 02:09:19'),
('56d5ba5a-5d11-11ec-8794-ecf4bb4d36af', 'SV-83', 'Đặng Duy Hưng', '2000-10-26', 1, 'a7591747-5b6c-11ec-9c9e-ecf4bb4d36af', '2021-12-15 02:09:19', '2021-12-15 02:09:19'),
('56d69417-5d11-11ec-8794-ecf4bb4d36af', 'SV-84', 'Lê Nguyễn Nguyên Anh', '2000-10-26', 1, 'a7591747-5b6c-11ec-9c9e-ecf4bb4d36af', '2021-12-15 02:09:19', '2021-12-15 02:09:19'),
('56d7719c-5d11-11ec-8794-ecf4bb4d36af', 'SV-85', 'Nguyễn Bảo Long', '2000-10-26', 1, 'a7591747-5b6c-11ec-9c9e-ecf4bb4d36af', '2021-12-15 02:09:19', '2021-12-15 02:09:19'),
('56d8491d-5d11-11ec-8794-ecf4bb4d36af', 'SV-86', 'Phạm Thế Ngân', '2000-10-26', 1, 'a7591747-5b6c-11ec-9c9e-ecf4bb4d36af', '2021-12-15 02:09:19', '2021-12-15 02:09:19'),
('56d925ce-5d11-11ec-8794-ecf4bb4d36af', 'SV-87', 'Đinh Hữu Thành', '2000-10-26', 1, 'a7591747-5b6c-11ec-9c9e-ecf4bb4d36af', '2021-12-15 02:09:19', '2021-12-15 02:09:19'),
('56da0254-5d11-11ec-8794-ecf4bb4d36af', 'SV-88', 'Đào Trung Phương', '2000-10-26', 1, 'a7591747-5b6c-11ec-9c9e-ecf4bb4d36af', '2021-12-15 02:09:19', '2021-12-15 02:09:19'),
('56dadee5-5d11-11ec-8794-ecf4bb4d36af', 'SV-89', 'Trần Hoàng Mạnh', '2000-10-26', 1, 'a7591747-5b6c-11ec-9c9e-ecf4bb4d36af', '2021-12-15 02:09:19', '2021-12-15 02:09:19'),
('56dbcba1-5d11-11ec-8794-ecf4bb4d36af', 'SV-90', 'Nguyễn Văn Thắng', '2000-10-26', 1, 'a7591747-5b6c-11ec-9c9e-ecf4bb4d36af', '2021-12-15 02:09:19', '2021-12-15 02:09:19'),
('56dca770-5d11-11ec-8794-ecf4bb4d36af', 'SV-91', 'Hoàng Thị Trang', '2000-10-26', 1, 'a7591747-5b6c-11ec-9c9e-ecf4bb4d36af', '2021-12-15 02:09:19', '2021-12-15 02:09:19'),
('56dd92ce-5d11-11ec-8794-ecf4bb4d36af', 'SV-92', 'Hoàng Thị Trang', '2000-10-26', 0, 'a7591747-5b6c-11ec-9c9e-ecf4bb4d36af', '2021-12-15 02:09:19', '2021-12-15 02:09:19'),
('56de6fdb-5d11-11ec-8794-ecf4bb4d36af', 'SV-93', 'Lê Nguyễn Nguyên Anh', '2000-10-26', 0, 'a7591747-5b6c-11ec-9c9e-ecf4bb4d36af', '2021-12-15 02:09:19', '2021-12-15 02:09:19'),
('56df4f81-5d11-11ec-8794-ecf4bb4d36af', 'SV-94', 'Lưu Hùng Dũng', '2000-10-26', 1, 'a7591747-5b6c-11ec-9c9e-ecf4bb4d36af', '2021-12-15 02:09:19', '2021-12-15 02:09:19'),
('56e02ea2-5d11-11ec-8794-ecf4bb4d36af', 'SV-95', 'Nguyễn Thị Ngọc Anh', '2000-10-26', 0, 'a7591747-5b6c-11ec-9c9e-ecf4bb4d36af', '2021-12-15 02:09:19', '2021-12-15 02:09:19'),
('56e10f52-5d11-11ec-8794-ecf4bb4d36af', 'SV-96', 'Nguyễn Thị Thanh', '2000-10-26', 0, 'a7591747-5b6c-11ec-9c9e-ecf4bb4d36af', '2021-12-15 02:09:19', '2021-12-15 02:09:19'),
('56e1e502-5d11-11ec-8794-ecf4bb4d36af', 'SV-97', 'Nguyễn Thị Thanh', '2000-10-26', 0, 'a7591747-5b6c-11ec-9c9e-ecf4bb4d36af', '2021-12-15 02:09:19', '2021-12-15 02:09:19'),
('56e2bf08-5d11-11ec-8794-ecf4bb4d36af', 'SV-98', 'Đinh Huy Sáng', '2000-10-26', 1, 'a7591747-5b6c-11ec-9c9e-ecf4bb4d36af', '2021-12-15 02:09:19', '2021-12-15 02:09:19'),
('56e38f25-5d11-11ec-8794-ecf4bb4d36af', 'SV-99', 'Lê Hồng Lâm', '2000-10-26', 0, 'a7591747-5b6c-11ec-9c9e-ecf4bb4d36af', '2021-12-15 02:09:19', '2021-12-15 02:09:19'),
('56e46856-5d11-11ec-8794-ecf4bb4d36af', 'SV-100', 'Đặng Trần Thành', '2000-10-26', 1, 'a7591747-5b6c-11ec-9c9e-ecf4bb4d36af', '2021-12-15 02:09:19', '2021-12-15 02:09:19'),
('56e5426d-5d11-11ec-8794-ecf4bb4d36af', 'SV-101', 'Tạ Thị Hồng Vân', '2000-10-26', 0, 'a7591747-5b6c-11ec-9c9e-ecf4bb4d36af', '2021-12-15 02:09:19', '2021-12-15 02:09:19'),
('56e623f2-5d11-11ec-8794-ecf4bb4d36af', 'SV-102', 'Nguyễn Thị Thu Hiền', '2000-10-26', 0, 'a7591747-5b6c-11ec-9c9e-ecf4bb4d36af', '2021-12-15 02:09:19', '2021-12-15 02:09:19'),
('56e718b3-5d11-11ec-8794-ecf4bb4d36af', 'SV-103', 'Kiều Mạnh Trí', '2000-10-26', 1, 'a7591747-5b6c-11ec-9c9e-ecf4bb4d36af', '2021-12-15 02:09:19', '2021-12-15 02:09:19'),
('56e7f5af-5d11-11ec-8794-ecf4bb4d36af', 'SV-104', 'Lê Sỹ Toàn', '2000-10-26', 1, 'a7591747-5b6c-11ec-9c9e-ecf4bb4d36af', '2021-12-15 02:09:19', '2021-12-15 02:09:19'),
('56e8c9ce-5d11-11ec-8794-ecf4bb4d36af', 'SV-105', 'Phan Thế Vinh', '2000-10-26', 1, 'a7591747-5b6c-11ec-9c9e-ecf4bb4d36af', '2021-12-15 02:09:19', '2021-12-15 02:09:19'),
('56e9b3a8-5d11-11ec-8794-ecf4bb4d36af', 'SV-106', 'Lê Bỉnh Long Hưng', '2000-10-26', 1, 'a7591747-5b6c-11ec-9c9e-ecf4bb4d36af', '2021-12-15 02:09:19', '2021-12-15 02:09:19'),
('56ea8e36-5d11-11ec-8794-ecf4bb4d36af', 'SV-107', 'Cao Việt Tuấn', '2000-10-26', 1, 'a7591747-5b6c-11ec-9c9e-ecf4bb4d36af', '2021-12-15 02:09:19', '2021-12-15 02:09:19'),
('56eb6803-5d11-11ec-8794-ecf4bb4d36af', 'SV-108', 'Đỗ Tuấn Anh', '2000-10-26', 1, 'a7591747-5b6c-11ec-9c9e-ecf4bb4d36af', '2021-12-15 02:09:19', '2021-12-15 02:09:19'),
('56ec4efb-5d11-11ec-8794-ecf4bb4d36af', 'SV-109', 'Nguyễn Trung Kiên', '2000-10-26', 1, 'a7591747-5b6c-11ec-9c9e-ecf4bb4d36af', '2021-12-15 02:09:19', '2021-12-15 02:09:19'),
('56ed2ec3-5d11-11ec-8794-ecf4bb4d36af', 'SV-110', 'Lê Đình Toán', '2000-10-26', 1, 'a7591747-5b6c-11ec-9c9e-ecf4bb4d36af', '2021-12-15 02:09:19', '2021-12-15 02:09:19'),
('56edb8e2-5d11-11ec-8794-ecf4bb4d36af', 'SV-111', 'Nguyễn Đức Thắng', '2000-10-26', 1, '95ca1e00-5b6c-11ec-9c9e-ecf4bb4d36af', '2021-12-15 02:09:19', '2021-12-15 02:09:19'),
('56ee5e47-5d11-11ec-8794-ecf4bb4d36af', 'SV-112', 'Phan Tuyết Nga', '2000-10-26', 0, '95ca1e00-5b6c-11ec-9c9e-ecf4bb4d36af', '2021-12-15 02:09:19', '2021-12-15 02:09:19'),
('56eef36a-5d11-11ec-8794-ecf4bb4d36af', 'SV-113', 'Tạ Văn Thuận', '2000-10-26', 1, '95ca1e00-5b6c-11ec-9c9e-ecf4bb4d36af', '2021-12-15 02:09:19', '2021-12-15 02:09:19'),
('56efdd04-5d11-11ec-8794-ecf4bb4d36af', 'SV-114', 'Lê Công Tuyền', '2000-10-26', 1, '95ca1e00-5b6c-11ec-9c9e-ecf4bb4d36af', '2021-12-15 02:09:19', '2021-12-15 02:09:19'),
('56f066c1-5d11-11ec-8794-ecf4bb4d36af', 'SV-115', 'Mạc Văn Hoàn', '2000-10-26', 1, '95ca1e00-5b6c-11ec-9c9e-ecf4bb4d36af', '2021-12-15 02:09:19', '2021-12-15 02:09:19'),
('56f109a5-5d11-11ec-8794-ecf4bb4d36af', 'SV-116', 'Trần Thị Thu Hương', '2000-10-26', 0, '95ca1e00-5b6c-11ec-9c9e-ecf4bb4d36af', '2021-12-15 02:09:19', '2021-12-15 02:09:19'),
('56f196a4-5d11-11ec-8794-ecf4bb4d36af', 'SV-117', 'Trần Đức Khả', '2000-10-26', 1, '95ca1e00-5b6c-11ec-9c9e-ecf4bb4d36af', '2021-12-15 02:09:19', '2021-12-15 02:09:19'),
('56f2261c-5d11-11ec-8794-ecf4bb4d36af', 'SV-118', 'Nguyễn Hoàng Long', '2000-10-26', 1, '95ca1e00-5b6c-11ec-9c9e-ecf4bb4d36af', '2021-12-15 02:09:19', '2021-12-15 02:09:19'),
('56f2b032-5d11-11ec-8794-ecf4bb4d36af', 'SV-119', 'Nguyễn Ngọc Sơn', '2000-10-26', 1, '95ca1e00-5b6c-11ec-9c9e-ecf4bb4d36af', '2021-12-15 02:09:19', '2021-12-15 02:09:19'),
('56f36014-5d11-11ec-8794-ecf4bb4d36af', 'SV-120', 'Trương Thị Phương Thảo', '2000-10-26', 0, '95ca1e00-5b6c-11ec-9c9e-ecf4bb4d36af', '2021-12-15 02:09:19', '2021-12-15 02:09:19'),
('56f40317-5d11-11ec-8794-ecf4bb4d36af', 'SV-121', 'Đào Xuân Dương', '2000-10-26', 1, '95ca1e00-5b6c-11ec-9c9e-ecf4bb4d36af', '2021-12-15 02:09:19', '2021-12-15 02:09:19'),
('56f4a5fa-5d11-11ec-8794-ecf4bb4d36af', 'SV-122', 'Phạm Quốc Cường', '2000-10-26', 1, '95ca1e00-5b6c-11ec-9c9e-ecf4bb4d36af', '2021-12-15 02:09:19', '2021-12-15 02:09:19'),
('56f52da1-5d11-11ec-8794-ecf4bb4d36af', 'SV-123', 'Vương Tá Cường', '2000-10-26', 1, '95ca1e00-5b6c-11ec-9c9e-ecf4bb4d36af', '2021-12-15 02:09:19', '2021-12-15 02:09:19'),
('56f5cbff-5d11-11ec-8794-ecf4bb4d36af', 'SV-124', 'Nguyễn Hoàng', '2000-10-26', 1, '95ca1e00-5b6c-11ec-9c9e-ecf4bb4d36af', '2021-12-15 02:09:19', '2021-12-15 02:09:19'),
('56f66180-5d11-11ec-8794-ecf4bb4d36af', 'SV-125', 'Đoàn Việt Hoàng', '2000-10-26', 1, '95ca1e00-5b6c-11ec-9c9e-ecf4bb4d36af', '2021-12-15 02:09:19', '2021-12-15 02:09:19'),
('56f6f6f4-5d11-11ec-8794-ecf4bb4d36af', 'SV-126', 'Nguyễn Huy Hoàng', '2000-10-26', 1, '95ca1e00-5b6c-11ec-9c9e-ecf4bb4d36af', '2021-12-15 02:09:19', '2021-12-15 02:09:19'),
('56f78334-5d11-11ec-8794-ecf4bb4d36af', 'SV-127', 'Nguyễn Tuấn Ngọc', '2000-10-26', 1, '95ca1e00-5b6c-11ec-9c9e-ecf4bb4d36af', '2021-12-15 02:09:19', '2021-12-15 02:09:19'),
('56f816e4-5d11-11ec-8794-ecf4bb4d36af', 'SV-128', 'Hà Quốc Việt', '2000-10-26', 1, '95ca1e00-5b6c-11ec-9c9e-ecf4bb4d36af', '2021-12-15 02:09:19', '2021-12-15 02:09:19'),
('56f8a54d-5d11-11ec-8794-ecf4bb4d36af', 'SV-129', 'Lương Quốc Tuấn', '2000-10-26', 1, '95ca1e00-5b6c-11ec-9c9e-ecf4bb4d36af', '2021-12-15 02:09:19', '2021-12-15 02:09:19'),
('56f92aec-5d11-11ec-8794-ecf4bb4d36af', 'SV-130', 'Nguyễn Đức Hiếu', '2000-10-26', 1, '95ca1e00-5b6c-11ec-9c9e-ecf4bb4d36af', '2021-12-15 02:09:19', '2021-12-15 02:09:19'),
('56f9b175-5d11-11ec-8794-ecf4bb4d36af', 'SV-131', 'Phùng Đắc Biên', '2000-10-26', 1, '95ca1e00-5b6c-11ec-9c9e-ecf4bb4d36af', '2021-12-15 02:09:19', '2021-12-15 02:09:19'),
('56fa3876-5d11-11ec-8794-ecf4bb4d36af', 'SV-132', 'Đinh Anh Tuân', '2000-10-26', 1, '95ca1e00-5b6c-11ec-9c9e-ecf4bb4d36af', '2021-12-15 02:09:19', '2021-12-15 02:09:19'),
('56fade33-5d11-11ec-8794-ecf4bb4d36af', 'SV-133', 'Lương Quốc Tuấn', '2000-10-26', 1, '95ca1e00-5b6c-11ec-9c9e-ecf4bb4d36af', '2021-12-15 02:09:19', '2021-12-15 02:09:19'),
('56fb7443-5d11-11ec-8794-ecf4bb4d36af', 'SV-134', 'Nguyễn Thế Chiến', '2000-10-26', 1, '95ca1e00-5b6c-11ec-9c9e-ecf4bb4d36af', '2021-12-15 02:09:19', '2021-12-15 02:09:19'),
('56fc04dd-5d11-11ec-8794-ecf4bb4d36af', 'SV-135', 'Vũ Xuân Trọng', '2000-10-26', 1, '95ca1e00-5b6c-11ec-9c9e-ecf4bb4d36af', '2021-12-15 02:09:19', '2021-12-15 02:09:19'),
('56fc906e-5d11-11ec-8794-ecf4bb4d36af', 'SV-136', 'Đoàn Đức Trung', '2000-10-26', 1, '95ca1e00-5b6c-11ec-9c9e-ecf4bb4d36af', '2021-12-15 02:09:19', '2021-12-15 02:09:19'),
('56fd25d7-5d11-11ec-8794-ecf4bb4d36af', 'SV-137', 'Nguyễn Văn Đông', '2000-10-26', 1, 'b847c436-5b6c-11ec-9c9e-ecf4bb4d36af', '2021-12-15 02:09:19', '2021-12-15 02:09:19'),
('56fdc09e-5d11-11ec-8794-ecf4bb4d36af', 'SV-138', 'Đinh Công Tùng Dương', '2000-10-26', 1, 'b847c436-5b6c-11ec-9c9e-ecf4bb4d36af', '2021-12-15 02:09:19', '2021-12-15 02:09:19'),
('56fe4dbd-5d11-11ec-8794-ecf4bb4d36af', 'SV-139', 'Phạm Huy Thành', '2000-10-26', 1, 'b847c436-5b6c-11ec-9c9e-ecf4bb4d36af', '2021-12-15 02:09:19', '2021-12-15 02:09:19'),
('56fed7d0-5d11-11ec-8794-ecf4bb4d36af', 'SV-140', 'Vũ Đức Hải', '2000-10-26', 1, 'b847c436-5b6c-11ec-9c9e-ecf4bb4d36af', '2021-12-15 02:09:19', '2021-12-15 02:09:19'),
('56ff637c-5d11-11ec-8794-ecf4bb4d36af', 'SV-141', 'Triệu Thị Phương Thảo', '2000-10-26', 0, 'b847c436-5b6c-11ec-9c9e-ecf4bb4d36af', '2021-12-15 02:09:19', '2021-12-15 02:09:19'),
('56ffefe9-5d11-11ec-8794-ecf4bb4d36af', 'SV-142', 'Lương Đăng Huy', '2000-10-26', 1, 'b847c436-5b6c-11ec-9c9e-ecf4bb4d36af', '2021-12-15 02:09:19', '2021-12-15 02:09:19'),
('57007ccf-5d11-11ec-8794-ecf4bb4d36af', 'SV-143', 'Nguyễn Đình Hậu', '2000-10-26', 1, 'b847c436-5b6c-11ec-9c9e-ecf4bb4d36af', '2021-12-15 02:09:19', '2021-12-15 02:09:19'),
('5700fd7d-5d11-11ec-8794-ecf4bb4d36af', 'SV-144', 'Lại Đức Hiển', '2000-10-26', 1, 'b847c436-5b6c-11ec-9c9e-ecf4bb4d36af', '2021-12-15 02:09:19', '2021-12-15 02:09:19'),
('57018e37-5d11-11ec-8794-ecf4bb4d36af', 'SV-145', 'Bùi Hữu Trang', '2000-10-26', 1, '490ff6c5-5b6c-11ec-9c9e-ecf4bb4d36af', '2021-12-15 02:09:19', '2021-12-15 02:09:19'),
('57022ca8-5d11-11ec-8794-ecf4bb4d36af', 'SV-146', 'Nguyễn Thế Đạt', '2000-10-26', 1, '490ff6c5-5b6c-11ec-9c9e-ecf4bb4d36af', '2021-12-15 02:09:19', '2021-12-15 02:09:19'),
('5702cf01-5d11-11ec-8794-ecf4bb4d36af', 'SV-147', 'Nguyễn Thành Tuân', '2000-10-26', 1, '490ff6c5-5b6c-11ec-9c9e-ecf4bb4d36af', '2021-12-15 02:09:19', '2021-12-15 02:09:19'),
('570362e5-5d11-11ec-8794-ecf4bb4d36af', 'SV-148', 'Hà Hoàng Ngọc Quý', '2000-10-26', 1, '490ff6c5-5b6c-11ec-9c9e-ecf4bb4d36af', '2021-12-15 02:09:19', '2021-12-15 02:09:19'),
('5703fdba-5d11-11ec-8794-ecf4bb4d36af', 'SV-149', 'Nguyễn Nhân Trung Kiên', '2000-10-26', 1, '490ff6c5-5b6c-11ec-9c9e-ecf4bb4d36af', '2021-12-15 02:09:19', '2021-12-15 02:09:19'),
('57049cb8-5d11-11ec-8794-ecf4bb4d36af', 'SV-150', 'Tiêu Hồng Vĩnh', '2000-10-26', 1, '490ff6c5-5b6c-11ec-9c9e-ecf4bb4d36af', '2021-12-15 02:09:19', '2021-12-15 02:09:19'),
('57053f76-5d11-11ec-8794-ecf4bb4d36af', 'SV-151', 'Bùi Văn Công', '2000-10-26', 1, '490ff6c5-5b6c-11ec-9c9e-ecf4bb4d36af', '2021-12-15 02:09:19', '2021-12-15 02:09:19'),
('5705d64c-5d11-11ec-8794-ecf4bb4d36af', 'SV-152', 'Phạm Thị Minh Trang', '2000-10-26', 0, '490ff6c5-5b6c-11ec-9c9e-ecf4bb4d36af', '2021-12-15 02:09:19', '2021-12-15 02:09:19'),
('57067496-5d11-11ec-8794-ecf4bb4d36af', 'SV-153', 'Nguyễn Văn Động', '2000-10-26', 1, 'f0d3d16f-5b6c-11ec-9c9e-ecf4bb4d36af', '2021-12-15 02:09:19', '2021-12-15 02:09:19'),
('5707395b-5d11-11ec-8794-ecf4bb4d36af', 'SV-154', 'Nguyễn Văn Mạnh', '2000-10-26', 1, 'f0d3d16f-5b6c-11ec-9c9e-ecf4bb4d36af', '2021-12-15 02:09:19', '2021-12-15 02:09:19'),
('5707e674-5d11-11ec-8794-ecf4bb4d36af', 'SV-155', 'Chu Văn Kiên', '2000-10-26', 1, 'f0d3d16f-5b6c-11ec-9c9e-ecf4bb4d36af', '2021-12-15 02:09:19', '2021-12-15 02:09:19'),
('570887b7-5d11-11ec-8794-ecf4bb4d36af', 'SV-156', 'Trần Đức Long', '2000-10-26', 1, 'f0d3d16f-5b6c-11ec-9c9e-ecf4bb4d36af', '2021-12-15 02:09:19', '2021-12-15 02:09:19'),
('570916bc-5d11-11ec-8794-ecf4bb4d36af', 'SV-157', 'Trần Văn Đức', '2000-10-26', 1, 'f0d3d16f-5b6c-11ec-9c9e-ecf4bb4d36af', '2021-12-15 02:09:19', '2021-12-15 02:09:19'),
('5709a2be-5d11-11ec-8794-ecf4bb4d36af', 'SV-158', 'Nguyễn Hà My', '2000-10-26', 1, 'f0d3d16f-5b6c-11ec-9c9e-ecf4bb4d36af', '2021-12-15 02:09:19', '2021-12-15 02:09:19'),
('570a2ca6-5d11-11ec-8794-ecf4bb4d36af', 'SV-159', 'Hoàng Sỹ Minh', '2000-10-26', 1, '084dbff8-5b6d-11ec-9c9e-ecf4bb4d36af', '2021-12-15 02:09:19', '2021-12-15 02:09:19'),
('570abb0e-5d11-11ec-8794-ecf4bb4d36af', 'SV-160', 'Cù Tuấn Anh', '2000-10-26', 1, '084dbff8-5b6d-11ec-9c9e-ecf4bb4d36af', '2021-12-15 02:09:19', '2021-12-15 02:09:19'),
('570b4cfd-5d11-11ec-8794-ecf4bb4d36af', 'SV-161', 'Tống Đức Việt', '2000-10-26', 1, '084dbff8-5b6d-11ec-9c9e-ecf4bb4d36af', '2021-12-15 02:09:19', '2021-12-15 02:09:19');

-- 
-- Dumping data for table practiceschedule
--
INSERT INTO practiceschedule VALUES
('432ca825-654c-11ec-a6a1-ecf4bb4d36af', '2021-12-06 00:00:00', '4c01679a-290e-41dd-36dd-b2fad077304c', '8602741c-5d81-11ec-948f-ecf4bb4d36af', '32c5be54-1b6d-4f2f-42ff-14cb4f66624a', 0, 'test', '', '', '2021-12-25', '2021-12-25', '456df03c-703b-5ff2-680e-a301df02d928', '64461d88-7e6b-5423-c300-73728ad2d17f', 1),
('4b7cd011-652b-11ec-a6a1-ecf4bb4d36af', '2021-12-12 00:00:00', '585a8a5d-2d32-53a4-e279-7ce9981695ea', '8602741c-5d81-11ec-948f-ecf4bb4d36af', '32c5be54-1b6d-4f2f-42ff-14cb4f66624a', 0, 'test', '', '', '2021-12-25', '2021-12-25', '87279a90-4ffd-11ec-9068-ecf4bb4d36af', '64461d88-7e6b-5423-c300-73728ad2d17f', 1),
('5e067c4c-5dcb-11ec-8dc6-ecf4bb4d36af', '2021-10-23 00:00:00', '585a8a5d-2d32-53a4-e279-7ce9981695ea', '8602741c-5d81-11ec-948f-ecf4bb4d36af', '32c5be54-1b6d-4f2f-42ff-14cb4f66624a', 0, 'hi', '15:20', '18:20', '2021-12-16', '2021-12-30', '456df03c-703b-5ff2-680e-a301df02d928', '64461d88-7e6b-5423-c300-73728ad2d17f', 1),
('5e075eca-5dcb-11ec-8dc6-ecf4bb4d36af', '2021-10-24 00:00:00', '585a8a5d-2d32-53a4-e279-7ce9981695ea', '8602741c-5d81-11ec-948f-ecf4bb4d36af', '1e5b3646-24d7-42b4-5bc4-b9aac0c0d908', 0, 'test', '', '', '2021-12-16', '2021-12-26', '456df03c-703b-5ff2-680e-a301df02d928', '64461d88-7e6b-5423-c300-73728ad2d17f', 1),
('5e08ea3f-5dcb-11ec-8dc6-ecf4bb4d36af', '2021-10-25 00:00:00', '13cd33f2-6725-2425-e179-7ce9981695ea', '8602741c-5d81-11ec-948f-ecf4bb4d36af', '584243bd-2e15-17c7-ce8a-2526dd27dde1', 0, 'test', '', '', '2021-12-16', '2021-12-30', '456df03c-703b-5ff2-680e-a301df02d928', '724cda7e-3e73-6365-b639-7fa89fdac40f', 0),
('6523d8ec-5d7d-11ec-948f-ecf4bb4d36af', '2021-12-07 00:00:00', '3c46f4ee-62ea-5c8d-986f-b9e6bde19f05', '4cd3ba58-5d7d-11ec-948f-ecf4bb4d36af', '6b38ddb6-1cdc-5f7b-6efa-d9c911cf4972', 1, 'test', '17:55', '19:56', '2021-12-15', '2021-12-30', '498d18a7-5242-6712-59b5-dbdeded26587', '64461d88-7e6b-5423-c300-73728ad2d17f', 1),
('728bc42f-652d-11ec-a6a1-ecf4bb4d36af', '2021-10-24 00:00:00', '585a8a5d-2d32-53a4-e279-7ce9981695ea', '8602741c-5d81-11ec-948f-ecf4bb4d36af', '1e5b3646-24d7-42b4-5bc4-b9aac0c0d908', 0, 'test', '', '', '2021-12-25', '2021-12-25', '456df03c-703b-5ff2-680e-a301df02d928', '724cda7e-3e73-6365-b639-7fa89fdac40f', 1),
('728cc783-652d-11ec-a6a1-ecf4bb4d36af', '2021-09-07 00:00:00', '2412fd8f-3d33-4467-cc2e-fe37b47efbd0', '8602741c-5d81-11ec-948f-ecf4bb4d36af', '584243bd-2e15-17c7-ce8a-2526dd27dde1', 0, 'bita', NULL, NULL, '2021-12-25', '2021-12-25', '498d18a7-5242-6712-59b5-dbdeded26587', '64461d88-7e6b-5423-c300-73728ad2d17f', 0),
('72987c24-654c-11ec-a6a1-ecf4bb4d36af', '2021-11-30 00:00:00', '3c46f4ee-62ea-5c8d-986f-b9e6bde19f05', '242f1601-6548-11ec-a6a1-ecf4bb4d36af', '1e5b3646-24d7-42b4-5bc4-b9aac0c0d908', 0, 'hello', '', '', '2021-12-25', '2021-12-30', '498d18a7-5242-6712-59b5-dbdeded26587', '724cda7e-3e73-6365-b639-7fa89fdac40f', 1);

-- 
-- Dumping data for table user
--
INSERT INTO user VALUES
('377a154c-4e7c-4476-9d8f-7e1f7da4ef97', 'admin', '123456', '3a8e2ab6-61f3-40a6-6777-fd2ea5b5f96c', '+84770283886', 'Đặng Trọng Hợp', 'admin@gmail.com', '2021-12-25 14:18:47', '2021-12-25 14:18:47'),
('4a6320b9-439e-6696-0ba4-f0dbd71bf0ad', 'teacher', '123456', '473c87d2-76c0-4e21-eb9a-e23db261d3d7', '+84200993497', 'Nguyễn Văn Chiến', 'teacher@gmail.com', '2021-12-15 16:00:20', '2021-12-15 16:00:20'),
('756e18ee-7f9c-33f8-0878-3ccbef6739df', 'technicalstaff', '123456', '6e4ad26a-2ed5-229e-bb00-f0281f63d6bc', '+84660426190', 'Nguyễn Văn Bình', 'technicalstaff@gmail.com', '2021-12-25 14:36:55', '2021-12-25 14:36:55'),
('c13bae18-5d85-11ec-948f-ecf4bb4d36af', 'hung', '123456', '473c87d2-76c0-4e21-eb9a-e23db261d3d7', '0121425458', 'Nguyễn Trọng Hưng', 'hung@gmail.com', '2021-12-25 14:30:56', '2021-12-25 14:30:56'),
('f97cf194-6553-11ec-a6a1-ecf4bb4d36af', 'hang', '123456', '473c87d2-76c0-4e21-eb9a-e23db261d3d7', '0123456789', 'Hoàng Thu Hằng', 'hang@gmail.com', '2021-12-25 14:26:28', '2021-12-25 14:26:28');

-- 
-- Dumping data for table maintainance
--
INSERT INTO maintainance VALUES
('10c4307d-653b-11ec-a6a1-ecf4bb4d36af', '6b38ddb6-1cdc-5f7b-6efa-d9c911cf4972', '2021-04-20 00:00:00', '2021-05-30 00:00:00', '5c1a8653-7790-743f-c400-73728ad2d17f', '2021-12-25 11:28:10', '2021-12-30 10:53:47', 0, 'test', 1),
('10c5336b-653b-11ec-a6a1-ecf4bb4d36af', '375e8f77-3102-4813-5cc4-b9aac0c0d908', '2021-06-30 00:00:00', '2021-07-15 00:00:00', '724cda7e-3e73-6365-b639-7fa89fdac40f', '2021-12-25 11:28:10', '2021-12-30 10:53:52', 1, 'test', 1),
('2704f3e5-693a-11ec-8b7d-ecf4bb4d36af', '6b38ddb6-1cdc-5f7b-6efa-d9c911cf4972', '0001-01-01 00:00:00', '0001-01-01 00:00:00', '45ab821b-62ca-7159-5b44-fdef82b41d42', '2021-12-30 13:31:42', '2021-12-30 13:55:54', 0, 'hihi', 1),
('300dcd23-68cb-11ec-a67f-ecf4bb4d36af', '6b38ddb6-1cdc-5f7b-6efa-d9c911cf4972', '2021-12-07 00:00:00', '2022-01-01 00:00:00', '3ef08788-4f37-781e-5a44-fdef82b41d42', '2021-12-30 00:17:23', '2021-12-30 10:28:03', 0, 'phòng bị lỗi máy PC ở vị trí số 5', 1),
('38d0e7f2-6928-11ec-8b7d-ecf4bb4d36af', '584243bd-2e15-17c7-ce8a-2526dd27dde1', '2021-11-28 00:00:00', '2021-12-31 00:00:00', '4232e053-7ae8-7691-d184-fd5984725e29', '2021-12-30 11:23:21', '2021-12-30 13:18:10', 1, 'hello ban nho', 1),
('60430836-6925-11ec-8b7d-ecf4bb4d36af', '1e5b3646-24d7-42b4-5bc4-b9aac0c0d908', '2021-11-29 00:00:00', '2021-12-31 00:00:00', '33f86034-3179-33c3-5c44-fdef82b41d42', '2021-12-30 11:02:59', '2021-12-30 11:13:29', 1, 'Bàn phím tại máy 3, 5, 10 bị hỏng', 1),
('91eef6ff-6940-11ec-8b7d-ecf4bb4d36af', '6b38ddb6-1cdc-5f7b-6efa-d9c911cf4972', '2021-11-28 00:00:00', '0001-01-01 00:00:00', '22607d42-6d32-4101-0326-1cbe3edcf8a7', '2021-12-30 14:17:38', '2021-12-30 14:17:59', 0, 'Nhiều lỗi', 1),
('9a49eb55-693d-11ec-8b7d-ecf4bb4d36af', '32c5be54-1b6d-4f2f-42ff-14cb4f66624a', '0001-01-01 00:00:00', '0001-01-01 00:00:00', '74112ed6-6596-6ff3-dd4b-f1236f6a6b99', '2021-12-30 13:56:24', '2021-12-30 13:56:24', 1, '', 0),
('9f73840a-5d84-11ec-948f-ecf4bb4d36af', '6b38ddb6-1cdc-5f7b-6efa-d9c911cf4972', '2021-04-20 00:00:00', '2021-05-30 00:00:00', '5c1a8653-7790-743f-c400-73728ad2d17f', '2021-12-15 15:54:33', '2021-12-15 15:54:33', 0, 'test', 0),
('9f747567-5d84-11ec-948f-ecf4bb4d36af', '375e8f77-3102-4813-5cc4-b9aac0c0d908', '2021-06-30 00:00:00', '2021-10-23 00:00:00', '4232e053-7ae8-7691-d184-fd5984725e29', '2021-12-15 15:54:33', '2021-12-23 23:53:02', 1, 'test', 0),
('b1fef7e3-6938-11ec-8b7d-ecf4bb4d36af', '32c5be54-1b6d-4f2f-42ff-14cb4f66624a', '2021-12-06 00:00:00', '2021-12-31 00:00:00', '7fee3877-37da-4180-b839-7fa89fdac40f', '2021-12-30 13:21:16', '2021-12-30 13:23:19', 0, 'qsasad', 1),
('b86a2fe8-6924-11ec-8b7d-ecf4bb4d36af', '32c5be54-1b6d-4f2f-42ff-14cb4f66624a', '2021-11-29 00:00:00', '2021-12-31 00:00:00', '7eda8a44-51e6-16a4-d284-fd5984725e29', '2021-12-30 10:58:17', '2021-12-30 10:58:50', 0, 'Có 3 bộ ghế bị hỏng', 1),
('d124ce8c-6925-11ec-8b7d-ecf4bb4d36af', '6b38ddb6-1cdc-5f7b-6efa-d9c911cf4972', '2021-11-29 00:00:00', '2021-12-31 00:00:00', '7eda8a44-51e6-16a4-d284-fd5984725e29', '2021-12-30 11:06:08', '2021-12-30 11:07:27', 0, 'lỗi nặng', 0);

-- 
-- Dumping data for table equipment
--
INSERT INTO equipment VALUES
('13694074-6a41-6c22-27c2-b9c0ad0052ad', 'E-496243', '1c3cf7be-5cfb-3a39-40ff-14cb4f66624a', 'Arron6', 'Unde ut, et quibusdam accusantium harum eos omnis placeat cumque aut voluptatibus. Recusandae nemo nesciunt voluptate nemo aut et numquam est deserunt labore fuga.', 0, '1970-01-01 00:01:37', '1996-07-06 20:42:43'),
('13a3d64b-6837-7969-2130-098e37fb2a94', 'E-288291', '6b38ddb6-1cdc-5f7b-6efa-d9c911cf4972', 'Adam814', NULL, 0, NULL, '1970-01-01 00:00:02'),
('1426a896-5af2-4a63-9da8-609e3bb3a85a', 'E-014641', '375e8f77-3102-4813-5cc4-b9aac0c0d908', 'Lacey135', 'Eum est qui suscipit veritatis ea exercitationem maiores dolorem sint aliquam aliquid.', 0, '1983-08-18 15:26:39', '2015-04-17 05:15:31'),
('14ae0489-1d1e-57f4-84d1-35c781481818', 'E-687252', '1e5b3646-24d7-42b4-5bc4-b9aac0c0d908', 'Danette1991', 'Voluptatum iusto voluptas quam tempore ullam voluptatem hic. Aliquid voluptatem impedit porro incidunt nisi reiciendis est neque.\r\nOdio quis temporibus omnis rerum ad est. Harum eum quisquam sit voluptatem sed et porro. Iste dolorum obcaecati quaerat eum nisi est illo dolore. Ea alias labore. Exercitationem at quia blanditiis asperiores dolores nihil sit ut eius ut magni. Maxime et ipsam, nesciunt quaerat facilis omnis recusandae suscipit obcaecati deserunt repellendus. Laboriosam ea esse, omnis non reprehenderit dolores asperiores assumenda illum nisi rerum. Sunt cupiditate sapiente amet iste possimus maxime sunt dicta dignissimos aut saepe.', 0, '2015-09-07 04:10:59', '1974-08-20 19:07:27'),
('1570e9be-2c34-7e67-7d5d-e2ec561b0f41', 'E-791953', '375e8f77-3102-4813-5cc4-b9aac0c0d908', 'Lucien7', 'Distinctio voluptatem aliquid voluptatibus sed ut porro. Aliquid est voluptates repudiandae quisquam odio eligendi; veniam saepe incidunt autem iste qui iste et repudiandae voluptatem. Sunt cum eaque at ut est, voluptatum qui ea rerum. Expedita nihil corporis reprehenderit dolores iste; id quo quia. Iure fugiat voluptas est repudiandae.\r\nSit sunt architecto sit in quaerat similique deleniti ea inventore et iure. Dolorum rerum inventore et placeat velit. Vel voluptatem ex sequi similique ut consequatur ad. Autem officia vitae. Et numquam corporis aut labore. Velit unde molestiae sunt dolorum hic. Aliquid enim id, tempora unde iste explicabo voluptas est rerum. Voluptates est quis...', 0, '1970-01-01 00:00:01', '1970-01-01 00:00:37'),
('15781ef9-70a7-2b9a-7b1c-b47866e0b131', 'E-657862', '6b38ddb6-1cdc-5f7b-6efa-d9c911cf4972', 'Amos386', 'Et culpa ipsam incidunt et. Accusantium iure sint nisi quo vel. Distinctio et rem minus consequatur eos. Inventore aut sed dolore et! Et modi fuga molestiae non sed et temporibus incidunt beatae. Doloremque porro ut voluptatem adipisci ab. Enim in dolores eaque doloribus. Est expedita dolor aliquam vero; rem amet, facilis in ratione sed omnis consequatur beatae et quia totam. Asperiores molestiae consequatur magni numquam voluptate ad, dolores ipsam saepe quidem ipsa.\r\nDoloribus assumenda et, voluptatum commodi natus tenetur tempore fugit odit omnis dolor. Ipsa quis vel recusandae perferendis provident amet dolore sunt eos iste natus.', 0, '1973-04-07 12:34:00', '1970-01-12 18:39:33'),
('163bf7ce-307c-114f-24c2-b9c0ad0052ad', 'E-318432', '1c3cf7be-5cfb-3a39-40ff-14cb4f66624a', 'Abel1982', 'Assumenda eum fuga impedit. Magnam repellendus voluptatem impedit ut corrupti illum velit facilis? Qui error rerum eos voluptatem consequatur natus beatae. Qui nulla aperiam voluptatem adipisci laborum natus distinctio minima quo reiciendis tempora! Sequi quod, omnis asperiores voluptatem sit non ullam doloremque porro impedit iure. Quia natus doloribus omnis qui voluptas, deleniti magni impedit cum laboriosam quos. Earum obcaecati consectetur veniam quam unde sit ea error doloribus sit perspiciatis. Aut quia qui assumenda omnis sit saepe sed itaque commodi soluta voluptas! Odit perspiciatis ullam expedita libero excepturi, obcaecati itaque repellendus dolore ut eius.', 0, '2004-11-15 07:06:08', '1983-01-24 14:24:21'),
('17c74825-5b24-5bce-6ad1-35c781481818', 'E-224324', '2900b0de-68e5-34bf-4d18-95a4b28724a5', 'Anglin1999', 'Sunt aspernatur exercitationem error eos natus sed non ut. Est natus voluptatem facilis omnis ipsum ut culpa? Qui dignissimos impedit. Veniam aliquam omnis officia fuga at veniam. Aliquam molestiae exercitationem aut voluptas omnis optio sit. Dolore rem ipsum, est dolor ut voluptatum eos provident dolorem consectetur; eligendi est unde libero enim error hic ipsam esse.\r\nMolestias corporis quis ab numquam ex. Sed natus sunt et quia. Voluptatem incidunt aspernatur doloremque sed voluptatibus dolorum pariatur magni animi. Ex natus rerum error quae error. Quam unde sint amet magnam? Quae velit in culpa omnis qui voluptas distinctio perspiciatis natus et nisi...', 0, '1984-04-19 03:59:46', '1988-03-11 16:41:20'),
('18eedc6c-3974-3d2a-b4a8-609e3bb3a85a', 'E-206383', '6c99102a-66fb-19eb-6663-1356971fbebe', 'Burge1957', 'Cupiditate unde ducimus nostrum, et officia et at eaque omnis nemo nobis. Nulla voluptatem dolorum aut voluptatem possimus itaque odit eos corporis laborum odio? Atque ab deserunt et omnis quia possimus deleniti corrupti sit aut expedita. Non tempore sint, et perspiciatis sed in iste error perferendis natus tempora. Odio suscipit aut, et inventore enim laborum dolorum sint dolore labore sit.', 0, '1991-05-10 07:08:33', '1983-06-01 14:28:28'),
('1a8ab623-4d91-597d-470d-38729298ebc6', 'E-687809', '442d76aa-292c-2d1e-6563-1356971fbebe', 'Chris2009', 'Deserunt voluptatum pariatur error labore et velit voluptas nisi qui quod assumenda. Error autem, assumenda suscipit eos autem veniam unde eos quibusdam suscipit sed.', 0, '1970-01-01 00:01:11', '1975-10-23 02:43:12'),
('1acc668d-3958-7bd5-8b1c-b47866e0b131', 'E-905372', '442d76aa-292c-2d1e-6563-1356971fbebe', 'Jess1986', 'Perspiciatis voluptatibus sit aut ut eum qui maiores, at ut veritatis; non rerum aut sit consequuntur. Harum adipisci perferendis enim amet? Ut est fugiat hic exercitationem. Minima in sed aliquid aspernatur! Expedita velit eos non atque unde mollitia voluptatem, mollitia inventore ut molestiae. Nobis similique pariatur doloremque nostrum, nam ut dolorem sed corrupti quia ut? Voluptate repudiandae laudantium et quis voluptas deserunt qui facere obcaecati quae voluptas; nostrum deleniti, consequatur voluptatem saepe perspiciatis consequatur rerum sequi amet adipisci error. Error officia, eaque vel et aut ea esse magni rem dolores id.', 0, '2010-07-12 10:04:10', '2013-06-14 15:52:27'),
('1b0a8fd1-7c64-795d-1330-098e37fb2a94', 'E-220443', '32c5be54-1b6d-4f2f-42ff-14cb4f66624a', 'Abel2001', 'Accusantium dolores eligendi tempora ipsam beatae voluptatem molestiae iste quas ex blanditiis. Saepe iste nihil aspernatur omnis et dolores repudiandae velit, sed quia culpa! Aut minima facere pariatur vero est aut ut odio natus sit voluptatem. Laudantium voluptatem omnis est perspiciatis error sed eos omnis sapiente sit tempora. Repellat ut aperiam vitae dicta distinctio et sapiente aut eaque qui provident? Qui dolorem et ratione amet eos voluptatem debitis numquam saepe voluptate consequatur.', 0, '1984-10-03 11:19:25', '2011-11-27 14:11:46'),
('1b6b9109-7155-7689-370d-38729298ebc6', 'E-082189', '584243bd-2e15-17c7-ce8a-2526dd27dde1', 'Weaver856', NULL, 0, NULL, '2002-03-11 22:10:20'),
('1c760a6d-4130-60b5-965d-e2ec561b0f41', 'E-607020', '32c5be54-1b6d-4f2f-42ff-14cb4f66624a', 'Adolfo2007', 'Cupiditate facilis optio dolorum amet quaerat voluptas aperiam consequatur quod. Qui ut qui ut distinctio minima aut ut iste ducimus. Eos sed et quia et voluptatem praesentium labore rem itaque exercitationem eligendi. Et repellendus reprehenderit, hic porro omnis et qui placeat non ut aut. Ea accusantium omnis iusto dolor autem et ullam aut quidem similique porro. Autem magni, et natus rerum quia aut expedita quia architecto natus optio; et nesciunt dolorem incidunt aut maxime, et fugiat voluptatem quidem quaerat sit.\r\nEt minus error, incidunt quaerat illo et sit sint repudiandae harum quam.', 0, '2011-08-04 01:37:49', '2008-02-28 08:04:07'),
('1c9565dc-3dfd-7fb7-10e5-8adc5263917a', 'E-344177', '6b38ddb6-1cdc-5f7b-6efa-d9c911cf4972', 'Angle1965', 'Blanditiis iste eligendi numquam aut velit voluptatum reprehenderit voluptatem dolores excepturi voluptas. Expedita perspiciatis consequatur aliquid doloremque fugit esse, fuga eos quia qui nam. Deserunt assumenda aut rerum ut et omnis perspiciatis voluptatem eaque obcaecati porro.', 0, '1986-07-12 01:08:28', '1970-01-01 00:16:26'),
('1ccb6728-2d05-49a4-9d1c-b47866e0b131', 'E-329681', '6c99102a-66fb-19eb-6663-1356971fbebe', 'Shelton2006', 'Impedit ea animi perspiciatis illo dolores natus officiis laboriosam. Sit est qui non sed! Delectus natus ad id sunt minima. Nisi ad recusandae. Enim consequuntur eos ut molestias necessitatibus reiciendis? Molestiae voluptatum quia sint velit! Accusantium nulla dolorum culpa at beatae ut et iste. Cupiditate doloribus placeat sunt quo sint est voluptatem velit reprehenderit! Et velit ullam quibusdam ut dolorum sequi. Saepe et, nobis voluptate illo excepturi deleniti molestiae ipsum aperiam laboriosam impedit.\r\nDucimus quaerat ut unde nihil. Aliquid quidem voluptas deserunt velit iusto debitis? Voluptas iste doloribus maiores voluptates aut, atque officia earum provident repellendus vel! Ullam qui similique suscipit.', 0, '1977-08-22 07:23:46', '1996-11-20 17:34:26'),
('1e6caff8-7a53-2cc9-bf8e-fb52fd75a1d4', 'E-228242', '76f76014-2e74-492c-4b18-95a4b28724a5', 'Sharleen538', 'Minus itaque voluptatem ut qui sunt saepe explicabo. Nulla ullam sit nisi et eligendi minus dolor qui aut? Eos iure, laborum minus in unde nemo minus magni incidunt dignissimos magni. Et sunt voluptatem eos vel accusantium voluptate assumenda rerum!\r\nCorrupti omnis delectus quod porro officia at rerum ipsam. Aliquid cum esse delectus et error voluptas ut nemo aut. Natus ut quis totam eos eaque et corporis. Dolor enim optio nam consectetur repellendus exercitationem et ipsum; qui et repudiandae et autem optio. Omnis dolores est unde optio qui est labore. Inventore provident voluptatem odit enim perspiciatis error aut voluptas.', 0, '2012-12-01 20:58:23', '1995-11-07 20:31:26'),
('203d42f9-1c70-5102-6dd1-35c781481818', 'E-918662', '6c99102a-66fb-19eb-6663-1356971fbebe', 'Sidney1986', 'Est et, asperiores quae sit iste odio maiores recusandae repellat. Ea qui suscipit quod. Autem voluptate error ea nisi sapiente officia labore! Consequatur dolor harum, velit saepe est ipsam ut rerum inventore provident? Repudiandae ut nisi quo nesciunt ullam ipsa veritatis. Atque ipsum optio. Ipsam aperiam, quia explicabo beatae ut unde architecto neque pariatur eveniet sed. Aut sit officia nulla, nam amet architecto ut natus ut omnis nihil! Sint est architecto ipsum perspiciatis aut aspernatur labore aut quod est quia. Atque inventore quis velit ipsam non vero quasi consequatur, dolorem deleniti voluptatem.', 0, '2008-05-19 16:28:45', '1986-02-22 03:35:45'),
('219134a2-2bb1-7607-f9e4-8adc5263917a', 'E-923184', '2900b0de-68e5-34bf-4d18-95a4b28724a5', 'Gary2013', 'Ut modi doloremque soluta omnis perferendis minus maxime modi cupiditate et rerum. Nemo non eum necessitatibus expedita unde qui obcaecati libero! Praesentium officia voluptas explicabo voluptatem culpa eligendi consequuntur ut.\r\nAnimi aut sed harum. Qui voluptatem quis labore unde dolores rem quae ad voluptatem autem nobis. Cupiditate aut quasi, minus aut accusamus expedita debitis aspernatur rerum laborum minima. Ratione est enim, ut nemo numquam voluptas nihil delectus minus quisquam est. Sed aliquam ut natus quis eius possimus necessitatibus molestiae aut non et. Iusto excepturi, ea molestias debitis et distinctio deleniti magnam quo quae sit.', 0, '2012-09-14 06:35:44', '1970-01-01 00:09:22'),
('2219744f-11d5-3451-7a1c-b47866e0b131', 'E-101730', '76f76014-2e74-492c-4b18-95a4b28724a5', 'Bingham2021', 'Perspiciatis et dolore repudiandae voluptates. Magnam blanditiis atque et ipsam; voluptas pariatur inventore magnam. Obcaecati nihil non quia illo qui ut, aut facere veniam est quae? Autem adipisci incidunt laboriosam perspiciatis ad iure eos sunt ducimus est dolorem. Consequatur veritatis perferendis sit quas quod quasi est doloremque atque eos nobis! Velit dolores et tenetur voluptatem ipsa earum tempora rem omnis aut expedita. Sed voluptatem ullam eius quas sint unde eum ab ipsam est culpa. Aspernatur omnis non velit quibusdam ut ipsum maiores minus sit ipsum omnis.', 0, '1989-12-28 10:42:54', '1970-01-01 00:00:01'),
('22a3172d-6286-4ffb-280d-38729298ebc6', 'E-753551', '32c5be54-1b6d-4f2f-42ff-14cb4f66624a', 'Giron939', 'Voluptatem doloremque minima, quia voluptate ut perspiciatis eveniet recusandae dignissimos. Aliquam rerum ut architecto qui quis eos molestias. Quis omnis sit vel non quia sed cum provident maxime alias sunt.\r\nPerspiciatis tempora nemo, enim quibusdam sed autem numquam aliquam nihil alias iste. Aperiam explicabo sed voluptatem enim omnis enim odio, reiciendis et vitae quia! Sed accusamus odit aperiam hic modi sit consequatur, sed veritatis iste perspiciatis. Voluptatum nulla libero accusantium laboriosam consequatur illum omnis saepe ut delectus nihil. In ut, rerum totam distinctio ut quos quibusdam et dolor aut voluptate.', 0, '1989-10-29 14:31:48', NULL),
('23692e1e-5733-42a8-8b5d-e2ec561b0f41', 'E-224043', '442d76aa-292c-2d1e-6563-1356971fbebe', 'Mcmurray1985', 'Eos nihil ut voluptatem nemo impedit, eligendi magni dolorem mollitia reiciendis est; cumque expedita aliquid aut nihil ea sed pariatur illo rerum consequatur accusantium.', 0, '1981-09-07 08:41:37', '1976-09-02 11:34:41'),
('239876f5-4c48-243c-aca8-609e3bb3a85a', 'E-546011', '1e5b3646-24d7-42b4-5bc4-b9aac0c0d908', 'Ellis2021', 'Quas inventore dolores at eos qui eius consectetur numquam natus ullam impedit. Iste animi repudiandae modi perferendis ea dolorem perspiciatis autem illum est nulla. Vero provident porro nihil natus quia aut magni quia ab sit iste. Est sint, laudantium ea consequatur sint voluptate nisi eum nihil dolorem nulla. Error voluptatem explicabo placeat nisi, ut excepturi natus commodi quisquam ullam eligendi! Aut ut quaerat ut est non excepturi doloremque et impedit adipisci aperiam. Assumenda et totam, illum consequatur qui error sed consequatur dolorum sit illo.', 0, '1987-10-29 04:39:20', NULL),
('24302c2b-6181-5376-0430-098e37fb2a94', 'E-606326', '1c3cf7be-5cfb-3a39-40ff-14cb4f66624a', 'Millard233', 'Praesentium ipsam, quod autem ipsum consectetur explicabo voluptatem quia sed cum. Corporis quia qui perspiciatis est ut ipsam omnis. Consequatur fugit voluptas omnis blanditiis et nulla expedita. Consequatur sit voluptatem et esse repudiandae error temporibus accusantium? Eum ducimus sapiente harum quisquam et dolorem neque officia! Assumenda quo dolores necessitatibus ratione ut et eligendi nisi voluptatum ipsum excepturi? Voluptas reiciendis, quo dolorem maiores quod consequatur aliquid dolorem nesciunt sequi deleniti. Qui aut iste sed accusantium sed qui aliquid possimus vero quis recusandae? Magni ratione labore est et nihil, eos voluptatem quas quo vitae eligendi.', 0, '2013-01-29 12:55:01', '1970-01-01 02:05:18'),
('24b77c33-25fa-4b40-7f1c-b47866e0b131', 'E-681478', '1c3cf7be-5cfb-3a39-40ff-14cb4f66624a', 'Merle566', 'Facere est qui ullam omnis in incidunt modi. Rerum veniam quam architecto quia ipsum; laudantium soluta consequatur quis sed.\r\nConsequatur nihil ratione sunt enim quaerat neque facere aut placeat aliquid autem. Eos molestiae, sit quo rem mollitia similique ut ipsam commodi recusandae id. Ratione sit magni dicta maiores natus placeat ipsa ad quia vel fugit. Voluptatem ut, amet officiis quia error quo ullam beatae aliquam commodi est. Sed voluptas autem nihil labore atque blanditiis voluptatem enim repellendus natus quod. Sed earum veritatis nemo quaerat iste labore, hic voluptatem quisquam aut minima.', 0, '1970-01-01 02:12:47', NULL),
('250de0a7-5fe5-68b2-5fd1-35c781481818', 'E-151355', '1c3cf7be-5cfb-3a39-40ff-14cb4f66624a', 'Connelly1969', 'Perspiciatis voluptatem quia pariatur praesentium omnis reprehenderit explicabo in consequuntur. Voluptatem in ut similique excepturi magni. Dolorum dolorem nobis iste est nisi debitis perspiciatis sapiente. In et asperiores. Minima dolor excepturi doloremque enim dignissimos. Sit sed dolores laudantium similique explicabo suscipit enim incidunt delectus architecto ad. Et distinctio aut et nihil consequatur illo voluptatem cumque, nam voluptatem quis? Et facilis fugit sunt natus voluptate dolor, temporibus saepe accusantium omnis aut.\r\nLabore eius qui perferendis molestias autem, iste consequatur quia repellat fuga et. Modi ut deserunt odio similique possimus unde, neque in ipsam magnam sed.', 0, '2006-03-26 02:26:34', '1976-02-24 02:25:25'),
('25a0499a-129b-27dd-931c-b47866e0b131', 'E-579109', '1c3cf7be-5cfb-3a39-40ff-14cb4f66624a', 'Mcreynolds667', 'Aspernatur eos sit sed veniam. Molestiae quo ea. Sit et maxime ut ipsum voluptatibus ut dolores sed; sunt error voluptas consequatur sit quae quasi temporibus. Non rerum ut et. Quod qui fugit dignissimos aut itaque. Qui aliquid cupiditate, tenetur sint unde voluptate possimus commodi est fugiat at! Vero ab debitis autem iste odio ea illum eos. Omnis et ut exercitationem suscipit; ex aliquid quam sint sunt ut unde perspiciatis omnis voluptatem error sit.\r\nAut earum et enim iste non voluptatibus voluptatem vitae omnis velit recusandae. A magni aut itaque, aperiam eos ullam totam aliquam perferendis quo sint.', 0, '1979-09-05 09:24:05', '1970-01-01 00:00:03'),
('25b8ec73-19e6-17e2-26c2-b9c0ad0052ad', 'E-471387', '442d76aa-292c-2d1e-6563-1356971fbebe', 'Pyle174', NULL, 0, NULL, '2004-05-26 23:01:31'),
('25c686d7-70eb-63fb-12e5-8adc5263917a', 'E-240827', '1e5b3646-24d7-42b4-5bc4-b9aac0c0d908', 'Brendan714', 'Dolor qui modi sed doloremque hic voluptatibus natus quisquam doloribus dicta nesciunt. Ut voluptatem aperiam sit praesentium ex dolores porro sit exercitationem molestiae velit; deleniti inventore eligendi, ut voluptatibus voluptatem delectus soluta aut ipsa magni dignissimos. Sequi esse ut est nihil velit voluptatem eum natus et unde aut. Aperiam dolores optio voluptas repellat, in repellendus ex quia placeat cumque fuga. Dolorum sed iure sunt sit laboriosam quibusdam et ut qui atque omnis!\r\nEst nam veritatis corrupti excepturi voluptas aspernatur tempora enim aut molestiae officia...', 0, '1997-10-13 21:45:29', '1970-01-01 01:15:51'),
('26a4bcad-4a00-59e6-0830-098e37fb2a94', 'E-630198', '6b38ddb6-1cdc-5f7b-6efa-d9c911cf4972', 'Delmar1976', 'Est et ea et quis est velit dignissimos distinctio labore. At sit nulla in et est veritatis in, aspernatur iste alias quisquam. Numquam non quos dolor et beatae est expedita laudantium deleniti. Placeat eum est sed dolor nostrum! Assumenda perferendis non laborum, porro quaerat et veritatis ipsa voluptas. Consequatur architecto nam dolor est. At voluptatem eligendi quis iste quis nihil. Autem eaque deserunt error cum.\r\nEnim aut dolores. Sed qui quis est, quia ut placeat magnam quia soluta! At quod obcaecati iste totam. Omnis nostrum placeat consequatur amet iste sed laborum aut perspiciatis eum quam; aut deleniti non. Voluptatem exercitationem ad!', 0, '1993-01-12 13:53:26', '1970-01-01 00:01:37'),
('26fe6ca8-7870-25f8-410d-38729298ebc6', 'E-602957', '2900b0de-68e5-34bf-4d18-95a4b28724a5', 'Jeremy2', 'Unde laudantium et. Sit expedita vel ut, rem placeat fugit aperiam recusandae aliquid provident sint.\r\nAmet nesciunt adipisci quasi velit quis sit dolor ut dolorem sit maxime. Dicta magni consectetur fuga inventore tenetur voluptatem nam aut enim ut sunt. Et dicta ullam quae dolor unde eum voluptas dolorem sit ut voluptates. Neque ratione eveniet quaerat et libero sequi saepe voluptatem consequatur labore impedit! Ratione omnis, sunt non voluptatibus magni odio tenetur inventore ut corporis quia. Ut rem voluptatem odit nulla maiores rem sed ipsum cumque aut perspiciatis!', 0, '1976-08-02 12:52:35', NULL),
('2729b2af-7f49-2b78-20c2-b9c0ad0052ad', 'E-891525', '2900b0de-68e5-34bf-4d18-95a4b28724a5', 'Glynda557', 'Sequi ab recusandae mollitia ea, corporis error laudantium ut fuga vitae error. Deleniti nihil, aut earum modi fuga aspernatur non facere error culpa repudiandae. Et dolorem eum fugit, consequatur fugiat natus obcaecati voluptatem iusto earum voluptatem!', 0, '1970-01-01 01:19:40', '1970-01-01 00:00:08'),
('27ec74d1-79ea-1744-14c2-b9c0ad0052ad', 'E-673001', '32c5be54-1b6d-4f2f-42ff-14cb4f66624a', 'Karolyn2013', 'Amet commodi quo modi iste consectetur recusandae sed veritatis eum. Qui vel rerum enim error dicta! Voluptatem ab enim et magnam fugiat quia impedit commodi. Dicta sunt neque velit molestiae? Consequuntur itaque quas; omnis delectus consequatur quos laboriosam. Reiciendis quibusdam blanditiis molestias minima unde consectetur odit doloribus.\r\nPerferendis praesentium architecto, ea consequatur itaque sit et sit dignissimos. Non rerum est dolorum debitis. Et est totam. Praesentium ut cumque incidunt. Itaque error et? Et fugit, est aut veritatis at quia cum molestiae earum qui nemo! Iusto nihil maiores laboriosam quis beatae voluptatem omnis eum nam suscipit doloremque? Aspernatur deleniti est. Architecto autem sunt. Voluptatem est et.', 0, '1988-04-24 01:49:16', '1980-02-19 05:31:50'),
('292105d9-27eb-240e-cbd9-7904e20d3bee', 'E-238258', '375e8f77-3102-4813-5cc4-b9aac0c0d908', 'Brittany2010', 'Aut perspiciatis aliquid ab explicabo quia dolores corrupti non eveniet nulla eum.', 0, '2012-08-31 09:41:39', '1970-01-01 00:01:35'),
('2a190144-5651-172e-290d-38729298ebc6', 'E-796327', '442d76aa-292c-2d1e-6563-1356971fbebe', 'Zetta2029', 'Neque consequatur impedit unde exercitationem sunt nemo et temporibus quae quia natus. Et vel enim neque autem sed aliquid, quis saepe quaerat minima ipsum? Vitae ut ratione voluptates sequi unde laudantium veniam rerum cupiditate distinctio incidunt. Quod non maiores unde est quam quia voluptas nobis voluptas et corporis.', 0, '1975-07-24 05:59:51', '1975-06-05 23:06:31'),
('2b09ad08-71af-72e3-250d-38729298ebc6', 'E-610567', '1e5b3646-24d7-42b4-5bc4-b9aac0c0d908', 'Adela1955', 'Alias perspiciatis quia placeat quidem architecto eligendi iste eligendi, explicabo obcaecati modi. Vitae ut, inventore natus voluptas quas mollitia reiciendis sunt voluptatibus sit ea. Dolor tempora optio ut a ex dolor ad quia voluptas autem natus! Natus voluptatum, sunt nihil vitae accusantium ea error aliquam et aperiam a. Explicabo sit aut iste aliquid modi suscipit in est soluta sit corrupti. Quo enim voluptas ut eaque asperiores omnis soluta sit ut nesciunt alias; sit nobis praesentium harum consequuntur est consequatur eaque quis pariatur ut et...', 0, '1975-07-22 02:29:21', '2001-04-24 18:48:34'),
('2c48e634-74f6-4c25-941c-b47866e0b131', 'E-179938', '442d76aa-292c-2d1e-6563-1356971fbebe', 'Dozier1964', 'Velit voluptatem tempore ducimus nulla doloremque odit est qui ut aut. Soluta tempore, incidunt commodi consequatur necessitatibus nisi voluptates consectetur sit ratione. Sed tempore in dolore ad fugiat laudantium. Voluptates sunt voluptate laudantium et. Ratione placeat odit assumenda quaerat ut. Sed atque pariatur at sit odio voluptatem obcaecati dolores nemo! Distinctio dicta perspiciatis est pariatur saepe similique in et omnis similique. Aut quia laboriosam culpa illo sed dolorem ipsam sint aspernatur non optio. Aperiam nobis, soluta eum consectetur placeat vero aut voluptatem sit recusandae sapiente. Quo omnis sed accusantium facere qui nesciunt qui natus nemo enim aut!', 0, '2005-06-21 19:46:05', '1991-06-09 11:43:52'),
('2cd3a87a-7764-5ff4-300d-38729298ebc6', 'E-643916', '2900b0de-68e5-34bf-4d18-95a4b28724a5', 'Amos2013', 'Ipsum beatae accusantium commodi odio ut qui et; voluptatem perspiciatis, et nobis provident modi omnis consequatur ea rerum est atque? Fugiat labore ab asperiores dolores eaque nihil qui commodi accusamus quisquam omnis. Nobis fugit, molestiae quo eius qui doloribus error quis ut numquam vero. Quia recusandae, assumenda quasi libero veniam officiis esse ut dolore qui provident. Fugiat quia voluptatem quas ex amet ut fugit magni omnis eaque ad; suscipit ut ipsa hic quia nam ratione sit sed voluptatem error non. Tenetur dolores non est iure impedit facere unde ex enim rerum repudiandae.', 0, '1970-01-01 00:01:27', '1992-04-03 10:15:42'),
('2db653ba-4c85-5200-eae4-8adc5263917a', 'E-720263', '584243bd-2e15-17c7-ce8a-2526dd27dde1', 'Abdul2021', 'Et suscipit, nam asperiores iste et atque aut vel ut recusandae non. Rem facere magnam quia perspiciatis modi est, animi dicta aut ut nostrum.\r\nIpsa tenetur sed vel in minus delectus, et odio voluptas dolorem nesciunt.', 0, '1976-11-26 10:24:56', '1970-01-01 00:33:26'),
('2f4b5d35-58cb-21f7-891c-b47866e0b131', 'E-646686', '6b38ddb6-1cdc-5f7b-6efa-d9c911cf4972', 'Dell PC', 'PC', 0, '1987-01-24 02:29:15', '2021-12-25 19:21:41'),
('2ffb2a35-7d4a-3eab-991c-b47866e0b131', 'E-181723', '6c99102a-66fb-19eb-6663-1356971fbebe', 'Johnathan691', 'Facilis voluptatem quidem consequuntur inventore velit sunt enim deleniti totam aliquid sit. Ut enim eaque fuga ipsa facere maxime aut ipsum a autem nemo. Numquam quia sit nostrum quo facere sed saepe eum corrupti eligendi velit. Consequatur dolore debitis et quidem dolores magni repellat molestiae excepturi voluptatem sit.', 0, '1998-01-11 03:36:58', '1970-01-01 00:04:34'),
('3026af0b-55f1-43a4-831c-b47866e0b131', 'E-369926', '1e5b3646-24d7-42b4-5bc4-b9aac0c0d908', 'Galen2022', 'Sed accusantium corrupti error. Eos quam qui! Quod voluptas, quia et voluptate et totam neque est harum modi id.\r\nNatus aut ex illo aut consequatur ut ab est voluptatum et non. Labore earum doloremque sed aut vel aut ut suscipit nam provident corporis; iusto itaque nobis sed in exercitationem sed quisquam rem eveniet et minima. Distinctio non magni fugit inventore consequatur, quos quaerat iste necessitatibus qui quam; voluptas nesciunt, doloremque modi sit rem illo ut necessitatibus dolore voluptatem odit. Et corrupti itaque, velit eius et voluptatem ipsum vitae illum officiis sit!', 0, '2016-11-26 06:08:57', '2016-07-27 15:09:40'),
('34e64b35-7bc8-20d9-5bd1-35c781481818', 'E-624703', '6c99102a-66fb-19eb-6663-1356971fbebe', 'Virgilio726', 'Architecto consequatur et sit culpa porro vitae natus voluptatem. Quia error placeat enim ullam necessitatibus non quo sit aut sunt sint. Unde perspiciatis omnis ut natus ut maxime mollitia hic. Omnis labore similique; unde repellendus incidunt consectetur amet natus obcaecati enim nobis. Aut maiores odio alias; labore dignissimos optio iste fuga ipsa aut non sint.\r\nImpedit sed tempora dolores cum maiores. Dolore quas maiores tenetur atque sapiente porro eum aut fugiat quos. In esse culpa quia culpa ducimus; aut error et aliquam aut ducimus, sint et rerum perspiciatis suscipit. Perspiciatis vel iste. Quo ut sit! Ut vitae totam. Necessitatibus quidem sit. Autem molestiae sed? Obcaecati rerum iste.', 0, '1993-06-03 00:54:28', NULL),
('3554ae0c-32f7-3549-8a1c-b47866e0b131', 'E-290814', '2900b0de-68e5-34bf-4d18-95a4b28724a5', 'Verda1966', 'Reiciendis eos nostrum debitis vitae blanditiis provident atque commodi harum est maiores.', 0, '1970-01-01 00:00:06', '1970-01-01 00:00:13'),
('35894d62-25d0-7727-ced9-7904e20d3bee', 'E-999170', '584243bd-2e15-17c7-ce8a-2526dd27dde1', 'Liliana2016', 'Possimus nulla minima sit obcaecati.\r\nVel quidem quis dolorum voluptatem. Suscipit facilis laudantium animi eum aut sit consequuntur rerum explicabo laborum quis. Sed excepturi aut rerum quisquam vero sit voluptatem est quidem qui facere. Aliquid modi ullam qui harum odio natus magni perspiciatis quas quos consequatur. Voluptatem iste quia totam animi dolorum architecto, eligendi nam et natus itaque. Sunt velit odit quasi officia sit quos unde magni et consequatur nobis. Et rerum et aspernatur at alias molestiae consequatur quasi laborum quidem eveniet; eligendi nulla accusantium natus modi aut velit, dolor illo tenetur vel excepturi.', 0, '1996-07-17 09:22:42', '1970-01-01 02:19:50'),
('358a25b1-20e8-59c2-c08e-fb52fd75a1d4', 'E-252756', '32c5be54-1b6d-4f2f-42ff-14cb4f66624a', 'Barry16', 'Magnam ea numquam quos harum ut ullam enim necessitatibus. Expedita iste dolore tenetur ratione, atque fuga ut est qui minima. Qui modi ea aut eaque ab hic maxime in! Vitae aut alias sit est qui. Alias est quis perspiciatis veritatis. Repudiandae omnis quia exercitationem numquam quis quae voluptas possimus. Quasi ut eius error. Unde exercitationem iste qui culpa unde error voluptates iste dicta maxime autem! Mollitia quo nesciunt magnam alias ut.\r\nLaboriosam ab aspernatur minima sint tempore ratione blanditiis animi possimus. Repellat omnis quod. Sit fugiat recusandae. Sit totam velit. Est maxime libero? Dolores eos ipsa; ab iste debitis. Porro nemo aliquam. Ea sed sunt.', 0, '1971-02-17 18:50:05', '1970-01-01 00:15:17'),
('37211a12-2caf-7c7e-f4e4-8adc5263917a', 'E-803452', '584243bd-2e15-17c7-ce8a-2526dd27dde1', 'Jacobsen817', 'In totam ut neque iste ut quidem, ut voluptatibus totam rerum dolores. Voluptatum qui vel ratione officia ut sunt maiores aliquam veniam fugit delectus! Aperiam ut saepe, nihil asperiores rem et expedita beatae aperiam non quaerat. Eum corporis non omnis voluptas amet quisquam iste quia voluptas provident qui! Ut illum et odio omnis quas cupiditate, aut minima consequatur qui quae. Odit natus, in omnis consectetur et magnam ut impedit alias quod inventore? Non aperiam facere qui soluta totam ut nulla enim fugit nobis quis.', 0, '2015-11-08 02:19:50', '2011-08-20 09:48:22'),
('385e7be5-135a-71cc-71d1-35c781481818', 'E-487364', '375e8f77-3102-4813-5cc4-b9aac0c0d908', 'Wilber949', 'Vel itaque voluptas accusamus qui officiis et nobis, unde delectus impedit exercitationem. Enim et illum dolore explicabo libero omnis ipsa consequuntur et dolore unde. Corrupti accusamus et officiis consequatur laborum nihil deleniti, iste voluptatem est voluptatem. Eum magnam, eligendi deleniti ut sed impedit quidem nobis voluptatem recusandae fuga. Ut nemo mollitia ut vitae asperiores minus quas eos laborum iste laboriosam!', 0, '2003-04-23 09:29:56', '2008-09-18 08:44:54'),
('3a27f9a9-2532-4854-d8d9-7904e20d3bee', 'E-641559', '2900b0de-68e5-34bf-4d18-95a4b28724a5', 'Margarita1', 'Vel perspiciatis omnis obcaecati eos, quae officia unde quasi aspernatur hic error; eos quasi porro fugit nemo et consectetur facere quaerat unde sunt accusamus. Voluptatem soluta ipsam, blanditiis ipsum veritatis dolorem voluptatem mollitia quis minus enim. Perspiciatis labore alias et, unde corporis vero iusto at fugiat soluta ab! Aliquid omnis nesciunt excepturi architecto et mollitia pariatur enim est ut eaque. Perspiciatis perferendis amet quam aut consequatur officia eum non nemo rerum voluptatem. Saepe sed culpa est quos velit possimus fugit dolores maxime sed quia...', 0, '2014-08-27 11:52:13', '1998-11-29 16:18:06'),
('3a42aece-53ba-4726-2a0d-38729298ebc6', 'E-337138', '6b38ddb6-1cdc-5f7b-6efa-d9c911cf4972', 'Diann2014', 'Et voluptatem minus et officiis vitae ut voluptatem voluptas. Suscipit in distinctio dolore perspiciatis dignissimos ratione. Quasi dicta nisi vel omnis quibusdam consequatur. Harum iste est eum expedita qui porro numquam adipisci accusantium fugit est? Impedit aperiam natus expedita velit iusto et. Facere totam quia rerum eum; aliquid omnis explicabo ut nisi enim sit sed sint ipsam, cumque impedit. Quia animi magni necessitatibus aut sit, et veniam qui et omnis sed! Eos laborum, dicta est eos dicta non nostrum tempora omnis nobis error. Repudiandae eos porro voluptas et sint qui odit quae atque et veritatis!', 0, '1983-09-08 06:06:12', '1997-09-27 10:11:41'),
('3ab1bfaa-32a9-17ae-bda8-609e3bb3a85a', 'E-050759', '6c99102a-66fb-19eb-6663-1356971fbebe', 'Rickie4', 'Vel eaque omnis perspiciatis eaque. Totam iste rem, culpa quam voluptatibus ut dolorem aspernatur labore odit laborum. Delectus fuga fugit velit architecto error illum a voluptatem dolores nisi eius. Ut repudiandae vitae alias corporis neque eos sit alias et nulla debitis. Veritatis ut corrupti asperiores error autem aliquid natus illum voluptatem tempora fuga! Deserunt dolor qui sed aliquid ratione sit perspiciatis officia et non libero.\r\nAd aliquam incidunt velit magni omnis sit eaque aut omnis earum suscipit. Vel modi omnis numquam soluta eos et rerum iste omnis atque dolorem.', 0, '1970-01-01 00:01:25', '1993-04-18 23:45:51'),
('3abb296a-7f78-5aeb-0be5-8adc5263917a', 'E-800762', '2900b0de-68e5-34bf-4d18-95a4b28724a5', 'Mcclain977', 'Sit numquam et ratione dolor, et illo porro quasi sed. Omnis eum nobis, saepe nemo minima vel explicabo et molestiae eum quis. Tempore quam aut, magni natus veniam voluptas quaerat fugiat voluptate nostrum; quo eaque iste aut quam. Ab non omnis esse velit!\r\nAlias placeat est ut voluptatibus alias vel et unde iste hic quis. Vel similique ut magnam ab! Laudantium non ut fugit voluptatem autem nostrum? Perspiciatis quos et adipisci doloribus sit tenetur sed voluptas enim. Aperiam perspiciatis quidem quas tenetur aut voluptate voluptatem aliquam voluptas. Sed ut id eos est a? Est blanditiis ullam pariatur cumque atque quo recusandae consequatur natus neque. Molestias reiciendis et.', 0, '1975-11-19 12:41:54', '1970-01-01 00:01:05'),
('3c7cfea4-5031-30cc-00e5-8adc5263917a', 'E-414509', '76f76014-2e74-492c-4b18-95a4b28724a5', 'Garth2021', 'Pariatur et voluptas mollitia libero dolor perspiciatis molestias alias enim deserunt. Tenetur quis sed ad fugiat eius quibusdam et nobis. Iste natus odio voluptas omnis nulla, recusandae est et tempora. Qui suscipit recusandae vel iste enim laudantium magni veritatis. Aut nihil rerum; accusantium qui perspiciatis temporibus est nemo ab recusandae aut. Commodi perspiciatis eum doloremque id est accusantium amet dolore quis in laborum! Amet voluptatem, commodi nesciunt inventore qui et ea error facere dicta ut. Quis id voluptatem tenetur non. Minima enim expedita sed aliquid qui sunt magni cumque qui quia veritatis.', 0, '1982-12-12 19:18:37', '1970-01-01 00:00:07'),
('3db4ef62-5a72-1e70-955d-e2ec561b0f41', 'E-509465', '375e8f77-3102-4813-5cc4-b9aac0c0d908', 'Azucena628', 'Obcaecati iste debitis qui voluptas non, vitae qui autem minima quis. Tenetur repellat consequatur minima sequi quasi error fuga voluptatem iste! Maxime aspernatur temporibus laborum et hic minima ut cupiditate doloremque voluptatum obcaecati. Est molestias est qui nobis dolor sint dolores aspernatur omnis unde ea. Sunt hic aut facere, cumque sed minima omnis ab ipsum obcaecati et. Nemo iusto voluptas praesentium, quis esse nobis debitis blanditiis alias totam perspiciatis...\r\nSunt repellat sit doloribus officiis voluptatem perspiciatis quia asperiores blanditiis omnis animi; dolores voluptas sequi, debitis qui autem est error architecto enim voluptatem illum.', 0, '2015-03-17 00:14:33', '1970-01-01 00:00:51'),
('3ef5cde7-727d-3c7c-350d-38729298ebc6', 'E-185093', '6b38ddb6-1cdc-5f7b-6efa-d9c911cf4972', 'Verla1974', 'Magni voluptatem quia qui vel error. Nihil eum ut et enim nisi quisquam. Incidunt et unde ipsa nam nulla! Rerum vel sed est earum sed; atque fugiat ducimus omnis voluptate et nesciunt ut temporibus enim aspernatur praesentium...\r\nRatione hic voluptas voluptate maiores voluptas temporibus. Laboriosam sit ullam; ipsum magnam culpa ut totam in molestias, iste laboriosam provident. Quisquam laborum nam qui suscipit quisquam dolorem. Omnis sit omnis nobis accusantium illo nobis porro non. Exercitationem harum eum expedita omnis nostrum accusantium corporis assumenda. Possimus odit temporibus ut accusamus ipsam quam. Omnis id et atque reiciendis! Qui quibusdam modi ipsum sapiente. Sequi numquam natus.', 0, '1970-05-29 19:55:21', '1996-03-11 14:43:54'),
('3fccd066-34de-1ec0-885d-e2ec561b0f41', 'E-126963', '2900b0de-68e5-34bf-4d18-95a4b28724a5', 'Akin772', 'Quisquam suscipit veritatis consequatur veniam animi. Sed et unde maiores. Similique laborum nihil quia accusantium aliquam aliquid accusamus! Blanditiis nobis perspiciatis quis et hic nihil consequatur dolore autem unde? Tempore sit ratione unde nam.\r\nVel aspernatur qui ut aut neque quas odio voluptatem explicabo nam dolorum. Rerum accusantium earum qui blanditiis non qui asperiores totam quo alias unde. Iste modi libero iusto ut reprehenderit unde autem modi quidem iusto in! Eveniet voluptatem ab consequatur iste nam cupiditate unde incidunt unde aut laborum. Necessitatibus veritatis et atque nihil cupiditate animi deleniti, quis ut repellendus qui...', 0, '2009-01-14 19:20:49', NULL),
('40b6c9cc-1f45-2681-6e1c-b47866e0b131', 'E-985059', '1c3cf7be-5cfb-3a39-40ff-14cb4f66624a', 'Washburn588', 'Corrupti aut modi consequuntur. Eos rerum alias asperiores et. Voluptatem quas dolore magnam perspiciatis, et sit quidem odio repellendus ipsam distinctio.\r\nQuis sed voluptas ipsam consequatur, nostrum suscipit perferendis mollitia ex rerum voluptas; veniam nostrum aliquid exercitationem quia facilis dicta voluptas dolores numquam illum quia. Eos aut ad aut minus, similique sit et qui ullam fugit aut? Eius id nesciunt quo ut alias beatae eum aliquid voluptatibus blanditiis qui. Neque similique error maxime voluptas aut sit et inventore vero enim quia. Eum cumque praesentium, libero id voluptas et aperiam ullam est dolor omnis.', 0, '1993-02-08 02:10:33', '1970-01-01 00:00:54'),
('40d8899b-4272-1ebb-8e5d-e2ec561b0f41', 'E-437047', '442d76aa-292c-2d1e-6563-1356971fbebe', 'Deshawn631', 'Et error in veniam unde consequatur repellat reiciendis non ea sequi alias. Quae sed, corrupti et omnis dolor at quia omnis quisquam quidem consequuntur. Quaerat sed enim, omnis quos voluptatibus sit delectus ad voluptatem culpa nam. Delectus vel ut et rerum aspernatur iste quos incidunt et in obcaecati.', 0, '1991-03-10 06:35:39', '1974-12-08 07:10:19'),
('41d1d9db-4f63-4a50-33c2-b9c0ad0052ad', 'E-597418', '1c3cf7be-5cfb-3a39-40ff-14cb4f66624a', 'Abraham5', 'Eius illo nulla reiciendis dolorem. Asperiores cupiditate, tempora quo inventore exercitationem optio laudantium ab architecto consequatur omnis. Et natus itaque inventore odit ipsum voluptas perspiciatis. Dignissimos accusantium ea veniam quas animi ipsam. Facere adipisci quo laboriosam officiis voluptatem corporis voluptatum dicta fugit ea. Nostrum et voluptas modi, rerum amet provident id natus quo animi.\r\nUnde et mollitia asperiores quam architecto quibusdam repellendus. Nihil eos voluptatem impedit mollitia voluptas sed sit. Nemo rem quia. Non qui adipisci totam unde vero similique reiciendis sunt! Odit dolor ut ad ut et pariatur. Quaerat explicabo ab. Nihil labore rerum. Maiores ut at? Ullam aut perspiciatis; commodi unde nisi.', 0, '1987-10-26 10:56:22', '1971-01-31 20:59:18'),
('421f43e2-7655-7bf2-0230-098e37fb2a94', 'E-679328', '6c99102a-66fb-19eb-6663-1356971fbebe', 'Castellanos757', 'Quibusdam adipisci nulla nisi et dolores dolore dolores quae commodi, deserunt ut. A excepturi, ullam labore doloremque voluptas laborum et cupiditate exercitationem non vitae. Excepturi et maiores cum sed pariatur ut blanditiis sed reprehenderit praesentium error. Fugit at amet omnis, nesciunt qui dolor eos nemo sit natus et. Explicabo aliquam eius suscipit doloribus dolor eveniet earum, sunt earum sit repudiandae. Et iste officia totam voluptatem sed a maxime sit reiciendis non blanditiis.', 0, '2016-09-17 21:02:58', '1983-05-31 18:29:42'),
('4390d567-2f00-23d0-cdd9-7904e20d3bee', 'E-281062', '6b38ddb6-1cdc-5f7b-6efa-d9c911cf4972', 'Ada2023', 'Sed omnis quia porro odio nesciunt perferendis sint magnam consequuntur. Tempore saepe sed sit non sed. Ut delectus adipisci error natus a cupiditate!\r\nQui rerum voluptates sunt, natus accusantium illum fugit nobis voluptatem. Ipsa libero magnam, quos architecto ut aut natus veniam placeat ipsa deserunt. Aliquam dolor ipsum corporis natus, molestiae pariatur eum id explicabo error non! Excepturi sequi natus in recusandae fugit et impedit voluptatem autem qui asperiores? Aperiam voluptatem, sequi pariatur veritatis nostrum labore ducimus omnis aliquid natus possimus! Mollitia eum in enim, ex itaque unde aut eos adipisci reiciendis praesentium.', 0, '2012-08-16 16:35:39', '1970-01-01 02:23:51'),
('43bed9be-3421-162f-8ba8-609e3bb3a85a', 'E-139858', '32c5be54-1b6d-4f2f-42ff-14cb4f66624a', 'Mirna174', 'Dolor voluptas minima est vel facilis dolorem dolorum rem.\r\nLaudantium dolores hic modi voluptatem obcaecati quod. Iste quis iure neque ut fuga consequuntur minus in. Dolor ipsum voluptatum! Fuga omnis consectetur eveniet tempore tenetur qui sed aut ex quis accusamus. Voluptatem aut et aperiam eligendi in et quibusdam nam beatae. Ipsam eligendi molestiae sapiente obcaecati sed qui aut ut voluptate! Sed impedit qui ullam nobis, reprehenderit incidunt aut dolorem earum quibusdam sed. Nam eos labore, nihil laudantium quia sunt tempora aut et repudiandae error! Sit et est commodi porro, harum eveniet neque unde labore qui ut.', 0, '2010-01-08 12:47:17', '1993-09-17 19:36:48'),
('440d37a6-43f9-7ed3-1030-098e37fb2a94', 'E-910188', '2900b0de-68e5-34bf-4d18-95a4b28724a5', 'Efrain1990', 'Quaerat animi sequi, dolores magni rerum consequuntur culpa dolore inventore quasi ut. Iste dolorem qui, velit dolorem voluptatem velit sit ducimus vero optio quasi? Ut repellat, accusamus sint non inventore excepturi aspernatur esse dicta quo cupiditate! Voluptatem non voluptas ut aut optio eos odio et dolore consequuntur non? Incidunt voluptas, assumenda unde eius nihil praesentium iste repellat qui mollitia nostrum.\r\nConsequuntur alias sit inventore, et aliquam ut asperiores qui nisi aliquam hic. Necessitatibus excepturi recusandae quo qui impedit quia non adipisci error incidunt quos.', 0, '2004-08-11 16:08:23', '2008-06-03 07:08:39'),
('449397e9-490f-2736-9ca8-609e3bb3a85a', 'E-037441', '6b38ddb6-1cdc-5f7b-6efa-d9c911cf4972', 'Dell PC', 'PC', 1, '1970-01-01 00:28:24', '2021-12-25 19:21:02'),
('44afc497-2be8-7b02-06e5-8adc5263917a', 'E-943786', '1e5b3646-24d7-42b4-5bc4-b9aac0c0d908', 'Bernard744', 'Ipsam error ut dignissimos aperiam ut amet fugiat. Et qui accusantium aut maxime ratione ut accusantium facere! Beatae esse rem ex. Adipisci perspiciatis ducimus voluptatem veritatis? Placeat omnis ut ad incidunt. Nihil quis minima illum omnis, nihil quam officiis mollitia sequi incidunt. Modi sit qui debitis voluptate. Odio sit veniam quam ex vero commodi et nesciunt beatae quisquam! Placeat aperiam ut enim omnis.\r\nNesciunt voluptas aperiam quia expedita dicta est. Magnam est praesentium ea consequatur et nisi! Et neque doloribus. Asperiores cum quae; sint ut est? In et dolor. Error facilis debitis. Labore omnis ut! Quasi pariatur sint? Omnis voluptatem alias.', 0, '1970-01-01 00:00:06', '1970-01-01 01:45:59'),
('44bdabfd-65a4-6fe7-0e30-098e37fb2a94', 'E-649585', '584243bd-2e15-17c7-ce8a-2526dd27dde1', 'Beaty7', 'Unde voluptas sed blanditiis similique voluptatem labore ab natus vel blanditiis itaque. Et quia, beatae error adipisci laboriosam aliquam numquam ab sapiente consequuntur qui. Ratione praesentium cumque, ut unde nobis illum est id voluptatem similique quis? Nemo unde eaque alias accusamus libero itaque animi dolores dolorem aut ea. Et culpa ducimus esse cupiditate autem et laborum tempora et ratione ut! Quis id iste, sit neque deleniti et nobis asperiores magni qui quas.', 0, '1998-11-11 17:29:37', '1989-03-26 16:32:03'),
('4511868a-2bc4-7b24-b6d9-7904e20d3bee', 'E-997891', '6c99102a-66fb-19eb-6663-1356971fbebe', 'Manuel2004', NULL, 0, NULL, '1997-04-20 00:23:02'),
('45580d4f-2571-76cb-80d1-35c781481818', 'E-216083', '2900b0de-68e5-34bf-4d18-95a4b28724a5', 'Giovanna794', 'Quos et voluptatem aliquid et, quia quisquam tempore sequi est harum similique. Nam aut nisi reprehenderit, dignissimos dolorem deleniti omnis magnam adipisci repellendus nesciunt. Est accusantium tempora veritatis omnis voluptas perspiciatis dolor rerum quia et voluptatem! Exercitationem reiciendis voluptatum et dolor in magnam laudantium, aut doloremque error quasi; et quis et necessitatibus unde sit, neque quo unde quasi sed rem. Saepe odit non exercitationem et error nulla id nihil explicabo dolor quia.', 0, '1988-05-11 01:57:37', NULL),
('45865619-798e-44b0-a8a8-609e3bb3a85a', 'E-666370', '1c3cf7be-5cfb-3a39-40ff-14cb4f66624a', 'Shanta2001', NULL, 0, NULL, '1970-01-01 00:01:10'),
('4665d05e-190c-3c7e-fee4-8adc5263917a', 'E-037757', '375e8f77-3102-4813-5cc4-b9aac0c0d908', 'Kerry276', 'Ducimus autem eligendi blanditiis aut sed et quia veniam laudantium earum qui. Corrupti quae amet expedita incidunt nihil et, sed aut dolor aliquam voluptatem. Quaerat id, aut et natus aliquid enim deserunt saepe maiores qui eligendi. Itaque error voluptas, voluptatem sed saepe blanditiis dicta est itaque sed omnis.\r\nSit reiciendis, architecto dolorem veritatis et debitis sequi quis dicta id quasi. Vero atque distinctio eos temporibus sapiente est praesentium nostrum aut quidem dolor.', 0, '1970-01-01 00:01:31', '2015-06-02 05:13:15'),
('46a77397-495a-6883-230d-38729298ebc6', 'E-641282', '32c5be54-1b6d-4f2f-42ff-14cb4f66624a', 'Shrader2007', 'Laudantium quia earum aut velit et in et consequatur sint suscipit blanditiis.\r\nNulla repudiandae vitae voluptatem accusamus, vitae perferendis inventore error reiciendis suscipit cumque. Sit magnam non ut, aut numquam qui tenetur blanditiis quia nam doloribus.', 0, '1999-04-15 15:34:15', '1970-01-01 00:00:10'),
('46b24d01-429c-3c28-f6e4-8adc5263917a', 'E-763653', '375e8f77-3102-4813-5cc4-b9aac0c0d908', 'Alvera15', 'Debitis in fuga dolorum rerum et, ut tempora atque nobis odio non. In commodi, repellendus labore iure quis dignissimos autem at beatae animi! Accusamus consequatur vel sit adipisci assumenda velit quia dolor. Error quae illum dolorem dolore doloremque. Quod eos adipisci totam fugiat; repellat sit est asperiores iure ea incidunt repudiandae quam labore ut quo. Ea quis, unde iure obcaecati aut ut sit quos impedit alias; veniam et pariatur hic autem culpa et sit amet.\r\nDeleniti et sunt ipsum fuga et; unde aliquam error ut voluptatum accusamus sed. Id corrupti sit laborum minima repellendus.', 0, '1970-01-01 02:01:38', '1986-07-22 00:19:28'),
('474106dc-6ec4-2d32-2a30-098e37fb2a94', 'E-790214', '1e5b3646-24d7-42b4-5bc4-b9aac0c0d908', 'Workman1996', 'Iste dolor labore est consectetur voluptas sequi enim aut perspiciatis natus sit. Incidunt velit qui voluptates qui nesciunt et veniam est quasi nostrum ex? Ut voluptas reiciendis nam ipsum voluptas perferendis nesciunt ex enim neque libero. In natus totam placeat voluptatem perspiciatis nobis consectetur accusantium laudantium voluptatem amet; odit dolores facilis quia eaque quia impedit vel veniam ut incidunt est.', 0, '1970-01-01 00:00:07', '2007-07-18 15:24:06'),
('47eba649-58e4-363c-2b0d-38729298ebc6', 'E-631672', '6c99102a-66fb-19eb-6663-1356971fbebe', 'Min2012', 'Vitae magni explicabo perferendis dicta provident ratione. Nesciunt consequuntur quaerat omnis ipsa ad velit error ipsum nostrum, et dignissimos. Officia excepturi quod corporis ex quia natus nulla saepe autem voluptatem dicta! Et sunt qui sed voluptatem asperiores voluptatem et perspiciatis voluptas aut iure? Et mollitia vitae at nostrum minus culpa aperiam corporis eum ex eveniet. Sit consequatur amet ut voluptate ad porro, non qui facere non quidem! Tenetur ut repellendus fuga doloribus nesciunt quam repudiandae, illum non pariatur voluptates. Facilis delectus asperiores eaque earum omnis minima ut minima et mollitia sed.', 0, '1970-01-01 02:14:04', NULL),
('48bf820f-3865-571c-59d1-35c781481818', 'E-816953', '6c99102a-66fb-19eb-6663-1356971fbebe', 'Susanna268', 'Ea sunt aut nam. Maiores accusamus illum ipsum ut quia quo, tenetur tempore qui! Ullam minus doloribus illo voluptates mollitia architecto libero mollitia possimus. Soluta ad est sint et in tempore est unde. Dolores nihil saepe ullam quam; est fugiat non harum voluptas. Laudantium animi iusto eaque sed corrupti cumque nihil fugit corrupti. Ea dignissimos quidem ratione.\r\nEsse iste ipsam fugiat deserunt, assumenda ad velit sunt suscipit perspiciatis. Blanditiis optio maiores rem error pariatur non qui aut sequi, voluptas qui. Quia eius ducimus ullam beatae et. Suscipit ut eos. Consequuntur sapiente aliquam! Nobis maxime esse. Omnis ex fuga! Impedit aut eligendi.', 0, '1970-01-01 00:00:24', '2015-10-19 21:44:37'),
('4a76827f-2180-158e-835d-e2ec561b0f41', 'E-085682', '6b38ddb6-1cdc-5f7b-6efa-d9c911cf4972', 'Dell PC', 'PC', 0, '2000-10-05 10:33:47', '2021-12-25 19:22:20'),
('4b37e42a-6c1a-15c1-c48e-fb52fd75a1d4', 'E-236374', '76f76014-2e74-492c-4b18-95a4b28724a5', 'Allard2', 'Unde natus ut laboriosam ipsum omnis itaque nisi est odit laudantium rerum. Corporis molestiae, saepe qui excepturi cum eius ratione in perspiciatis maxime esse. Facilis officia nulla ab sit corrupti molestias eveniet et quibusdam cum officia; qui nulla repellat sit placeat illo et corporis cupiditate ut officiis dolorem.', 0, '1982-03-22 10:48:15', '1970-01-01 00:07:10'),
('4b68e52b-6d91-6a18-34c2-b9c0ad0052ad', 'E-713224', '375e8f77-3102-4813-5cc4-b9aac0c0d908', 'Schaffer639', 'Omnis porro temporibus voluptatem neque dolorum enim sit cupiditate aut sunt ipsam. Temporibus aspernatur repellat ea unde blanditiis ut error voluptatem quis sit minima. Nostrum dolore iure et eius cupiditate reprehenderit voluptatem provident quis ut aliquam.', 0, '1985-09-04 03:32:37', NULL),
('4be4d2f2-59c1-5fba-1f30-098e37fb2a94', 'E-374746', '1c3cf7be-5cfb-3a39-40ff-14cb4f66624a', 'Gregg1978', 'Ut aut error delectus similique rerum reiciendis possimus consectetur et quisquam; quae magni architecto sit voluptatem nobis. Quia sunt sed in autem ullam alias tempore assumenda veniam molestias; quia et ipsum omnis ea eveniet ut quos est aut asperiores labore? Dolor sed ex laboriosam autem blanditiis odio sit nulla et! Pariatur dolores vero voluptatem perspiciatis eos veritatis quia sit et unde quos. Aspernatur animi pariatur ipsum perspiciatis et. Iusto eos qui quia! Sint dolor corporis corrupti et est omnis harum sequi natus illo nihil. Qui non vero recusandae nam ut quod quis, pariatur aut dolor laborum...', 0, '1970-01-01 00:46:18', '1970-01-01 00:00:03'),
('4c4c56bf-6826-160d-450d-38729298ebc6', 'E-219184', '1c3cf7be-5cfb-3a39-40ff-14cb4f66624a', 'Hoyle2014', NULL, 0, NULL, '1990-10-11 17:15:07'),
('4dc0c578-5088-20c9-99a8-609e3bb3a85a', 'E-062609', '2900b0de-68e5-34bf-4d18-95a4b28724a5', 'Cooke1999', 'Iste assumenda molestiae quia aut dolor amet molestiae doloremque vel sit sed. Nemo itaque quod ipsa modi repellendus blanditiis nemo eius vitae qui minima.', 0, '1970-01-01 00:01:06', '2005-12-09 09:31:10'),
('4eba46cc-3a4a-4716-aa8e-fb52fd75a1d4', 'E-284438', '442d76aa-292c-2d1e-6563-1356971fbebe', 'Angla53', 'In rerum, laudantium dolores quasi voluptas iste ut eveniet eos. Iusto perferendis natus similique omnis neque quia dolores laudantium. Dolore voluptatum similique ab ut suscipit voluptatem iste. Architecto quia error ut sunt aut ratione ipsum; voluptatem qui, nam error quia laborum aspernatur modi quis laboriosam unde sed. Facere eum corporis temporibus, fugit officiis voluptates dolor doloribus quos perspiciatis sed. Ut nesciunt in molestiae provident doloremque minus tempora itaque aut nemo sed? Odit assumenda, magni incidunt laborum et qui eius est ut et minima!\r\nVoluptatem dolores rerum aut expedita voluptatem voluptates iure voluptate sit modi optio.', 0, '1970-01-01 01:28:54', '1981-05-27 06:45:44'),
('507b91a9-3e3c-20ea-b78e-fb52fd75a1d4', 'E-717279', '1c3cf7be-5cfb-3a39-40ff-14cb4f66624a', 'Adelaida2026', 'Dolorem nihil at repellendus et repellat culpa. Quaerat aut sit eaque aperiam vel. Alias fugiat laboriosam nihil porro odio adipisci similique. Ea voluptatum quia tenetur aut cum reprehenderit.\r\nEarum quos fugit aut est quo; est optio aut, ducimus nulla enim fugiat quis ipsam et harum; alias rerum sunt. Qui atque rerum et ut repellendus est et amet et inventore sit. Fuga et quia obcaecati. Aut magni perspiciatis placeat deleniti exercitationem sed culpa. Doloremque minus consectetur inventore vel numquam vero error adipisci? Nobis omnis molestiae voluptatibus ex facere. Aliquam alias magni tenetur, culpa sit ut perspiciatis iure temporibus iste alias.', 0, '1983-03-30 03:22:32', '1970-01-01 00:51:20'),
('50c6ef1e-4739-4557-701c-b47866e0b131', 'E-436208', '32c5be54-1b6d-4f2f-42ff-14cb4f66624a', 'Burkholder42', 'Amet sit voluptatem facere dolorem ipsa ut esse incidunt consequatur. Iste eaque explicabo deleniti dolore dolorum autem dolore unde amet. Aut eaque deserunt eligendi! Perspiciatis alias quae aut voluptas eveniet quibusdam enim doloremque qui. Blanditiis magni, possimus delectus officiis perspiciatis omnis dolores error suscipit pariatur. Qui commodi maxime repellendus totam in vero. Fugit sed ut. Repudiandae inventore unde facere iste, ut rerum eligendi libero architecto necessitatibus. Sit animi autem nostrum ad culpa odit!\r\nIusto quam excepturi qui unde voluptatem ut cum aperiam unde sit. Amet mollitia sint. Non quo enim. Omnis ea ut? Corporis ut dicta! Sint deserunt voluptatem. Earum quos ut.', 0, '2004-11-13 08:25:27', '1979-03-08 11:36:42'),
('50eaf605-1c95-74de-18c2-b9c0ad0052ad', 'E-322658', '6b38ddb6-1cdc-5f7b-6efa-d9c911cf4972', 'Register2011', 'Rerum nihil odit atque vitae corrupti sed illum. Laborum natus quasi! Laudantium ut voluptate et id blanditiis temporibus nisi quibusdam error? Quisquam ea ipsa voluptatibus natus sed et facere deserunt. Sit inventore omnis eum aliquid soluta minima. Quia molestiae autem magni aperiam voluptas molestias soluta recusandae ut. Rerum nulla vel sequi reiciendis quibusdam expedita et amet quaerat aut consectetur! Nostrum rerum dicta minus laudantium. Quia tenetur labore et. Aut est voluptatem iste sit placeat amet officia.\r\nVitae et rerum sit quis molestiae similique inventore. Dolores aut quia! Qui cupiditate recusandae? Possimus asperiores eius. Ut voluptatum recusandae! Sed non ut. Voluptatem quisquam autem!', 0, '1983-05-11 17:39:46', '1982-12-12 16:26:28'),
('540b213a-7e4e-23bb-9e8e-fb52fd75a1d4', 'E-559521', '6b38ddb6-1cdc-5f7b-6efa-d9c911cf4972', 'Abbie2009', 'Voluptatem modi placeat totam perferendis vero unde mollitia error est, omnis aut.', 0, '1970-01-01 00:01:36', '1977-01-20 14:51:44'),
('548dce5f-5f29-4617-725d-e2ec561b0f41', 'E-451028', '1c3cf7be-5cfb-3a39-40ff-14cb4f66624a', 'Chasity1995', 'Et voluptatum architecto. Adipisci iure qui sit vero sunt perspiciatis aut nihil et cumque nisi? Itaque non tenetur dolore harum necessitatibus quia accusamus rerum! Nemo eveniet quia minima error quisquam quasi aut. Doloribus velit non quo sunt ipsam in! Dolorem non voluptatibus ratione quo ut veniam ipsum temporibus. Quasi reiciendis molestiae quidem beatae ratione ex itaque numquam voluptatem nisi similique! Amet ut dolore id qui possimus dolorum et sit culpa inventore corporis? Corporis tempora sed et maxime autem et ut, blanditiis ut quos aspernatur. Sint beatae nostrum nulla ut necessitatibus doloremque, eos minus voluptates odio omnis.', 0, '1988-06-13 17:20:23', '1970-01-01 00:00:47'),
('54ac12a3-43a3-7242-a7a8-609e3bb3a85a', 'E-554264', '6c99102a-66fb-19eb-6663-1356971fbebe', 'Kip2006', NULL, 0, NULL, '1981-02-01 19:31:28'),
('55fd9b2a-70be-28d4-85d1-35c781481818', 'E-600345', '584243bd-2e15-17c7-ce8a-2526dd27dde1', 'Sharyn32', 'Nobis sit rerum aut autem dolor nostrum et perspiciatis natus ut cumque. Asperiores fuga est nemo rem. Natus eum sed eos quia quaerat sint quam qui. Inventore eum consequatur assumenda quos nostrum quis et autem aut; et inventore quod est. Molestiae rerum molestiae qui numquam. Consequuntur ipsum est et ut aut ea asperiores consequuntur, delectus et qui? Officiis eaque quo laborum voluptatem est quasi voluptatem et nesciunt eum sed. Iste tenetur ad dicta omnis perspiciatis sed sit perspiciatis eos vel aut! Adipisci qui at aut, error quaerat natus inventore maxime sed dicta hic.', 0, '1996-05-14 14:55:25', '1992-07-23 02:13:22'),
('56934f6c-4514-750d-1230-098e37fb2a94', 'E-981418', '76f76014-2e74-492c-4b18-95a4b28724a5', 'Adam395', 'Minus cupiditate tempora temporibus nulla aut accusamus voluptatem eos non et pariatur. Exercitationem dolorem sequi recusandae eos distinctio assumenda quis et ipsa enim facere.\r\nExpedita minus et reprehenderit porro sed deserunt perspiciatis quia amet tenetur non. Alias magni quas in qui aperiam, labore et sed quasi vero recusandae.', 0, '2012-06-30 16:47:35', '1995-07-03 09:12:15'),
('56a533e6-2418-40b5-9e1c-b47866e0b131', 'E-643781', '1e5b3646-24d7-42b4-5bc4-b9aac0c0d908', 'Hue162', 'Laborum minus incidunt corrupti iste perspiciatis ipsam, excepturi recusandae ea ut labore.\r\nConsectetur veritatis unde, facilis quia enim nemo rerum quibusdam et vero aliquid.', 0, '1970-01-01 02:06:14', '1970-01-01 00:58:26'),
('56dc3b8e-5f4c-3665-bdd9-7904e20d3bee', 'E-886196', '584243bd-2e15-17c7-ce8a-2526dd27dde1', 'Delmer1968', 'Qui consequatur odit sed. Suscipit aut qui eius qui. Error illo totam in quia doloribus magnam enim a! Minima est aut ut voluptatem et sunt et. Reprehenderit quo rem voluptas similique veritatis voluptatem accusamus? Enim magnam dolorem labore ab dicta vel error porro. Sint consequuntur magnam ullam...\r\nRatione autem consequatur veritatis. Vel voluptatum id, iusto consectetur vitae expedita perferendis dicta ea autem et? Perspiciatis quo architecto doloremque ab obcaecati dolorem sed quidem ut commodi. Consequuntur quibusdam ex? Est ducimus odio dolorem vel laudantium reiciendis. Expedita necessitatibus similique deleniti natus ex quidem sint rerum ut soluta numquam!', 0, '1970-01-01 01:34:07', '1972-10-12 06:56:39'),
('579c2d28-30be-7ba8-c6d9-7904e20d3bee', 'E-425080', '375e8f77-3102-4813-5cc4-b9aac0c0d908', 'Rory2016', 'Maxime architecto, est totam voluptatem ratione et consequatur et aspernatur repellat ea. Sequi nihil odit dolor veniam unde adipisci ea, voluptatem nisi qui ullam. Ducimus dignissimos debitis expedita rerum laudantium similique reprehenderit facilis id debitis nihil.', 0, '2014-07-29 03:06:01', '1970-01-01 00:01:23'),
('582a90a3-6a7f-5c89-19c2-b9c0ad0052ad', 'E-534561', '584243bd-2e15-17c7-ce8a-2526dd27dde1', 'Venetta78', 'In sit, laborum iure voluptate quasi dolor voluptatem consequatur minus cumque consequuntur. Voluptates dignissimos neque iste, accusantium sint ut placeat voluptates obcaecati ut vitae. Eum perspiciatis sunt quo voluptatibus dolorem atque voluptatem neque, voluptatem dicta dolores.', 0, '1977-01-11 04:18:47', '2012-02-01 10:02:59'),
('58619ec8-7391-14cd-ebe4-8adc5263917a', 'E-601423', '1e5b3646-24d7-42b4-5bc4-b9aac0c0d908', 'Ethelene2018', 'Ut corrupti est autem excepturi in.\r\nExpedita autem et dolor. Blanditiis nihil aut ut dolor adipisci nam. Voluptatum voluptatem porro minima libero iste necessitatibus deleniti minima id dolorum nam! Voluptas autem iusto, ut iusto rerum iste molestiae facere voluptas quibusdam iusto. Veniam et eos odit molestias beatae in delectus fugit inventore quos ut! Aut iste delectus placeat magnam dolorem mollitia, ut veritatis reprehenderit omnis fugit. Nam ducimus quidem aliquam qui veniam eum reprehenderit omnis dicta vitae placeat! Et exercitationem sed, fugiat numquam perspiciatis natus suscipit et odio recusandae architecto.', 0, '1970-01-01 02:46:03', '1995-12-20 17:46:47'),
('59e9c22f-69bf-5349-2930-098e37fb2a94', 'E-943272', '6b38ddb6-1cdc-5f7b-6efa-d9c911cf4972', 'Oates23', 'Vel doloribus magnam minima quia necessitatibus sint nihil est voluptas debitis ipsam. Similique voluptates consequatur ipsam optio consequuntur suscipit fuga consectetur incidunt possimus obcaecati. Voluptas ut, facere quia sint et quia sint labore voluptates suscipit cumque. Alias repellat perspiciatis nam recusandae sed dolorem vitae adipisci consequuntur molestias unde. Quam corporis et ullam iusto, eum ut animi eaque iste eum magnam.', 0, '1970-01-01 00:01:16', '1977-09-06 04:57:02'),
('5a23f8d7-5e0e-4049-9c8e-fb52fd75a1d4', 'E-042207', '6b38ddb6-1cdc-5f7b-6efa-d9c911cf4972', 'Staten2006', 'Id dolor et reiciendis dolorum voluptatem atque non nihil non illo libero. Alias vitae odit cum exercitationem et voluptatem non nobis iure id atque. Sed perferendis quo, modi voluptatum corporis laboriosam enim atque ut suscipit sint. Sint id quod autem accusantium sed saepe nostrum animi exercitationem optio in! Aut voluptas recusandae nemo perspiciatis neque molestias beatae accusamus reprehenderit quos culpa? Exercitationem aut molestias commodi sapiente, delectus tempore qui odio ut sed unde.', 0, '1970-01-01 01:02:53', '2000-10-10 13:14:21'),
('5accc641-2e71-661f-a15d-e2ec561b0f41', 'E-822558', '375e8f77-3102-4813-5cc4-b9aac0c0d908', 'Agustina543', 'Sed voluptatem et sed error autem laboriosam et error et vel sint. Quia perspiciatis vero et nihil sed unde ea cupiditate, aspernatur laborum quae! Quo quia ut earum sit aperiam et est dolores autem expedita unde; voluptatem architecto ut, laudantium molestias iste excepturi enim unde fugit beatae unde. Voluptatem obcaecati rerum natus impedit quisquam fugit praesentium ut autem omnis iusto.', 0, '1982-04-28 18:37:58', '2009-10-06 04:13:09'),
('5c881524-1919-42e9-961c-b47866e0b131', 'E-057368', '6b38ddb6-1cdc-5f7b-6efa-d9c911cf4972', 'Jobe394', 'Facilis est, dicta et voluptas iste vel facere quos dolore. Natus delectus nemo quae amet deserunt quasi sit est. Natus repudiandae accusamus omnis harum eum et ut accusamus ullam accusantium sequi. Perferendis voluptate perferendis cumque est veniam repellendus illo sunt iste hic mollitia. Suscipit veritatis exercitationem suscipit et fuga ut perspiciatis, fugit ut adipisci sint.\r\nEst perspiciatis quas, quia quibusdam officiis corrupti natus et rem nulla numquam. Eos officiis ratione aut libero est voluptas perspiciatis veritatis quos ipsum voluptatem. Deleniti nihil laudantium, et recusandae sed et illum voluptas et at eligendi.', 0, '1997-11-28 11:25:51', '1970-01-01 00:13:00'),
('5ce36afd-2890-524c-0fc2-b9c0ad0052ad', 'E-109314', '76f76014-2e74-492c-4b18-95a4b28724a5', 'Verna2028', 'Quia accusantium ut repellendus nisi laboriosam totam iste architecto veritatis sed fugiat. Magnam nisi, natus eos sunt sed voluptatem molestias iure sed placeat quia.', 0, '2009-11-23 04:50:27', '1974-09-30 10:26:06'),
('5cec97ff-4b5a-2f8b-0ee5-8adc5263917a', 'E-279411', '6c99102a-66fb-19eb-6663-1356971fbebe', 'Lezlie1959', 'Sed dicta veritatis necessitatibus maiores, impedit natus atque fuga non dolore amet. Sed voluptatem similique qui libero quibusdam iste expedita aliquid saepe quos iusto...', 0, '1998-05-21 14:05:50', '1987-08-13 21:20:37'),
('5e17e0b2-3483-38fa-735d-e2ec561b0f41', 'E-492194', '76f76014-2e74-492c-4b18-95a4b28724a5', 'Daryl484', 'Soluta placeat reiciendis facilis. Exercitationem et doloribus facere laudantium voluptatem. Magni tenetur natus aut et quae exercitationem ut amet unde vitae beatae. Ducimus quos officia perspiciatis, recusandae sed veniam dolorum cum libero esse asperiores. Esse repellendus voluptate sit ut, velit alias libero sed qui dolor aspernatur. Magni nulla numquam est odit eos dolor est ipsam natus fuga explicabo.\r\nIste doloribus consequatur et laudantium numquam voluptatem inventore consequatur iste veniam eius. Veniam unde vel error maiores illum ut esse dolorem voluptatem omnis voluptatum. Et magni sit blanditiis incidunt sit maiores natus rerum est nulla unde.', 0, '2018-08-16 04:45:18', '1970-01-01 00:00:09'),
('5e1dd17a-1b18-27df-bc8e-fb52fd75a1d4', 'E-354508', '32c5be54-1b6d-4f2f-42ff-14cb4f66624a', 'Ashcraft6', 'Et saepe, adipisci deserunt molestias non accusantium perspiciatis doloremque id perferendis iste. Perspiciatis voluptatem cum ex minus et aliquid ullam sint, quod voluptatem quae.', 0, '1970-01-01 00:00:04', '1985-10-07 17:12:40'),
('5e740255-76f5-63e9-d9d9-7904e20d3bee', 'E-113185', '1e5b3646-24d7-42b4-5bc4-b9aac0c0d908', 'Gregorio397', 'Ut sequi et ea itaque sed ut, inventore et eligendi. Molestias quaerat itaque et odit voluptatem saepe ipsum ut quis eligendi...\r\nSed consequatur facilis eos voluptatem. Sit illum commodi exercitationem error consectetur dolores. Quia dolores unde. Unde est numquam rerum alias voluptatem rerum aliquid quasi! Quas enim nesciunt rerum rem officiis id sed a. Similique corrupti mollitia alias. Natus vitae ipsum ad natus quia facilis sit dolore exercitationem ad dicta. Praesentium vero pariatur tempora maiores earum officia dolorem voluptatem accusamus iste sed. Adipisci omnis maxime tempora dolorem sunt qui ut perspiciatis debitis repellat perspiciatis.', 0, '1970-01-01 00:00:05', '2011-08-12 01:41:31'),
('5ea78420-34bb-77a9-915d-e2ec561b0f41', 'E-334272', '6c99102a-66fb-19eb-6663-1356971fbebe', 'Columbus1993', 'Asperiores molestiae aut molestiae perferendis natus minus assumenda numquam quis obcaecati minima. Enim atque est aut obcaecati quisquam natus exercitationem quia temporibus dolores eum. Iste porro neque excepturi sunt totam sint dolor in expedita quis impedit. Natus libero sit molestias modi exercitationem similique ab ut officiis explicabo veritatis. Similique natus consectetur culpa rerum, accusamus error vel corporis ab ut sed.', 0, '1970-01-01 02:41:43', '2014-10-16 18:19:48'),
('5f0b18e7-31ac-5777-7dd1-35c781481818', 'E-533794', '584243bd-2e15-17c7-ce8a-2526dd27dde1', 'Ava358', 'Et ad totam laboriosam dolor, velit praesentium est voluptas error labore et. Aliquam quis ratione aliquid velit, voluptas voluptatem nesciunt in porro nemo harum! Itaque voluptates quo aut et deleniti quod ut et inventore qui ut. At eos aut deleniti quas officiis porro obcaecati similique iste reprehenderit placeat. Incidunt sed possimus est molestiae ut illo aliquid perspiciatis earum, ipsam non.\r\nNobis ipsam omnis sunt voluptatem eligendi, unde autem velit hic non dicta. Rerum eum exercitationem praesentium illum ut optio ut ratione vel illo nobis.', 0, '1976-10-20 07:11:48', '2000-05-15 23:39:43'),
('5f26b0d0-16b7-62ae-0ac2-b9c0ad0052ad', 'E-241477', '442d76aa-292c-2d1e-6563-1356971fbebe', 'Rebbeca1', 'Ratione quia voluptatem. Vel quaerat commodi; tenetur quisquam dolores suscipit beatae sit distinctio nihil fugiat voluptatem. Doloremque quo neque sit deserunt perspiciatis incidunt corrupti. Nesciunt necessitatibus sit error. Ipsum quidem incidunt dolor voluptatem enim incidunt quia facere quibusdam tempora soluta. Dolore aut et omnis molestiae neque, ut error distinctio commodi aut ipsa. Et vitae voluptas labore sed est temporibus omnis et deleniti eos animi. Natus aut accusamus ad voluptatem quia omnis illo quasi dicta et amet; consectetur aut aspernatur aut porro et veritatis non consectetur, quos quis eaque.', 0, '1976-04-30 13:24:35', '1996-03-13 06:35:22'),
('602f0838-3464-63f1-9ea8-609e3bb3a85a', 'E-738645', '442d76aa-292c-2d1e-6563-1356971fbebe', 'Wilburn3', 'Nihil et delectus quia delectus nulla, sunt unde consequatur dolorum incidunt ut; esse non labore iste, blanditiis corrupti eaque a pariatur iste modi repellendus.', 0, '1981-12-23 10:13:04', '2012-10-07 10:49:26'),
('621830c4-1642-741c-761c-b47866e0b131', 'E-059681', '1e5b3646-24d7-42b4-5bc4-b9aac0c0d908', 'Herrick2010', 'Itaque qui non dolores nisi ab aliquid autem alias ab et qui. Sit est ad illum, accusantium et ut est voluptatem molestiae itaque sed. Aut omnis facilis provident voluptas vel ut, pariatur quod dolores in quis! Esse sapiente, voluptatem nostrum reiciendis perspiciatis magnam omnis voluptas natus ad quia. Iusto ut error in repellat voluptatem, illo pariatur velit rerum voluptatem illo.', 0, '2008-11-03 15:56:31', '2000-07-11 16:54:28'),
('6223fa57-6d2b-6f12-21c2-b9c0ad0052ad', 'E-420143', '6b38ddb6-1cdc-5f7b-6efa-d9c911cf4972', 'Adelaida2018', 'Sed porro error officiis repellendus, voluptatibus quia quidem quisquam qui accusantium blanditiis. Ut similique numquam in quod tempora ut accusantium sapiente unde tempora natus. Aut deserunt error explicabo omnis non dolores explicabo recusandae esse sit ipsam; error natus quia veniam labore error natus voluptatum praesentium aperiam doloremque quae. Officia quasi maxime, id qui nemo nam natus sit iste neque et!', 0, '1970-01-01 00:00:06', '1970-01-01 00:05:48'),
('624db9cc-4ebf-58b0-92a8-609e3bb3a85a', 'E-526038', '76f76014-2e74-492c-4b18-95a4b28724a5', 'Alba25', 'Rerum omnis est enim quo quia amet autem. Sint unde illum totam sapiente optio voluptates repellendus optio. Quas quae quia sunt quia sed minus necessitatibus distinctio cumque odit dolores? Nihil et voluptas, id impedit perspiciatis distinctio omnis id accusantium voluptates error.\r\nExercitationem ut, eaque est adipisci molestiae nesciunt ratione inventore nisi dolore. Debitis voluptas ut incidunt id, sed exercitationem ut in minima voluptas est. Dolor dicta aut natus aut. Aut non accusantium rem numquam error perspiciatis porro, nam mollitia voluptas autem! Sapiente qui iure culpa quae magni asperiores distinctio? Unde et rem.', 0, '1973-12-29 04:21:49', '1971-07-22 11:01:33'),
('6548baf4-141e-751b-9c5d-e2ec561b0f41', 'E-356400', '375e8f77-3102-4813-5cc4-b9aac0c0d908', 'Ayana2013', 'Quis odio sapiente repellendus quos esse sit voluptas non. Expedita eum, illo quia explicabo quia ullam perspiciatis at magnam nihil fugiat? Voluptatem suscipit exercitationem accusantium perspiciatis est.\r\nDolorem neque quisquam voluptatem natus incidunt aut qui minima. Aperiam corporis architecto magnam unde illum quia nemo laboriosam; omnis accusantium cumque, praesentium perspiciatis nostrum unde esse sapiente sed magnam. Accusantium aliquam mollitia illo autem molestias assumenda non nisi maiores! Quae sint amet dolor voluptas numquam eius. Temporibus quae maxime ratione reiciendis excepturi doloribus quaerat. Est voluptates eaque id impedit dolor repudiandae; officiis natus voluptatem architecto. Facere quo qui sit autem non suscipit.', 0, '1985-10-21 19:40:00', '1991-10-23 13:16:19'),
('66bf02c1-3e4d-464d-340d-38729298ebc6', 'E-479342', '584243bd-2e15-17c7-ce8a-2526dd27dde1', 'Jeromy441', 'Non unde aliquid eligendi dolor qui consequuntur repellat beatae est quaerat et. Ab qui est sequi impedit nesciunt ut quasi modi recusandae sit perspiciatis. Vero sint sed animi cum cumque modi accusamus nesciunt sint at tempore? Ut vel et voluptatem vel voluptatem atque enim nesciunt quo quam iure!\r\nUt cum dolores, sint sed velit eaque deleniti fugit perspiciatis non aut. Minima iste quia provident accusantium, et enim ut et vel laudantium sed.', 0, '2004-12-24 18:20:20', '1970-01-01 01:02:21'),
('670ed611-7477-6542-7fd1-35c781481818', 'E-581244', '442d76aa-292c-2d1e-6563-1356971fbebe', 'Elmer312', 'Eligendi totam omnis qui est corrupti veniam ipsa aut. Molestiae ullam doloremque; eos similique corporis rem qui esse. Dolor non consequatur labore quia eaque non corporis hic veritatis omnis perspiciatis.\r\nSit aut error ut sed sit. Nemo optio eaque ut explicabo illo deserunt et optio ut? Deleniti ut unde distinctio adipisci corrupti asperiores, quia sit quae autem. Veniam in quasi sapiente iusto id et! Eum molestiae ab illo quaerat corrupti magni dolorem. Aspernatur ut adipisci! Omnis sunt temporibus voluptatum impedit voluptas sed repellat id reiciendis recusandae. Ratione expedita qui ipsam sint dignissimos qui quia praesentium a est excepturi.', 0, '1970-09-29 02:45:30', '2011-02-15 13:42:48'),
('67c87223-65ac-38e6-945d-e2ec561b0f41', 'E-494866', '6c99102a-66fb-19eb-6663-1356971fbebe', 'Zelma896', 'Sed eligendi unde omnis est; culpa officia quo blanditiis qui delectus blanditiis. Officia est rem saepe repellendus. Voluptas id rem! Molestiae explicabo possimus sunt nesciunt, molestiae nam laudantium at beatae aut dolor. Aut ut iure, exercitationem perspiciatis sit provident mollitia dolores natus corrupti fugit. Qui voluptas aliquid fugiat nam asperiores odit dolorem quam, et voluptatem sed. Facilis repellendus porro ut quia minima rem totam et modi veritatis dicta? Ipsam ut excepturi modi voluptatem molestiae laborum at est eligendi velit similique; natus error et quam est incidunt et minus, natus rem tempora et.', 0, '1985-10-19 13:18:26', '2003-10-09 01:52:48'),
('68890675-147c-67d6-3b0d-38729298ebc6', 'E-173768', '76f76014-2e74-492c-4b18-95a4b28724a5', 'Ackerman1960', 'Nihil eum aut. Ut nulla iure quidem quia officia ut fugit provident harum! Sed dolorem enim deleniti dolor omnis. Beatae corrupti voluptate veritatis alias atque ad et recusandae sed ut sed.\r\nIpsum aut qui quaerat natus saepe. Illum et cumque. Quaerat odio minima qui consectetur? Ut quibusdam et eum facilis sunt exercitationem qui. Eum est praesentium illum inventore. Unde quis consequuntur et praesentium? At et at similique consequatur iste voluptas reprehenderit commodi! Ad eos enim rem laudantium labore deserunt molestias tempore quibusdam asperiores non. Tenetur vitae nulla aut magnam possimus unde iste odit consequatur et autem...', 0, '1988-01-11 05:34:25', '1970-01-01 01:24:12'),
('68992ee8-5906-72d0-55d1-35c781481818', 'E-206270', '1c3cf7be-5cfb-3a39-40ff-14cb4f66624a', 'Jacelyn897', 'Quae sed, est omnis sequi at deserunt aut architecto libero sed maiores. Asperiores rerum quos. Id fugit similique at incidunt dolores! Eum veniam consequatur iste? Sit qui numquam aut. Sequi ut praesentium suscipit natus officia. Ut fuga quas omnis! Aut eum magni recusandae sed incidunt itaque modi natus. Error aut facilis voluptatem qui id cum in eaque et provident ratione. Ut neque consequuntur necessitatibus reiciendis tenetur et.\r\nEt in id quia sequi quia a libero. Repudiandae blanditiis unde. Sequi et dolorem. Ut voluptate et! Odit quo voluptas; minima nesciunt perspiciatis. Asperiores laudantium est; iste incidunt aut. Ad nihil fugit. Minus molestiae inventore...', 0, '1991-03-25 18:18:35', '1989-02-11 12:27:15'),
('68fd384c-162b-44dd-2330-098e37fb2a94', 'E-602460', '6c99102a-66fb-19eb-6663-1356971fbebe', 'Snead2019', 'Consequatur blanditiis officiis aut, accusamus doloremque numquam iste ea aut error beatae; delectus cumque amet commodi ut provident ad sint iusto fugiat perspiciatis sapiente? Velit quia reprehenderit enim ducimus non voluptatem et nostrum placeat et unde! Deleniti dicta explicabo similique ut iusto error eum perspiciatis adipisci et suscipit. Ratione libero magnam expedita perspiciatis incidunt repellendus omnis iste illo ipsa eos.', 0, '2005-05-14 15:03:50', '1987-03-16 05:14:00'),
('698843ec-668d-44ce-2430-098e37fb2a94', 'E-530207', '375e8f77-3102-4813-5cc4-b9aac0c0d908', 'Jospeh1966', 'In beatae tempora nobis ab quisquam adipisci porro quis autem consequatur ut. Neque doloribus velit quia, modi qui voluptatem natus mollitia cupiditate sit ad. Eveniet voluptatem et ducimus non ipsa labore autem blanditiis perspiciatis eum maxime. Dolore expedita at ipsam sit distinctio quo, eos autem hic inventore asperiores.', 0, '1999-07-01 23:37:53', NULL),
('69ba8b2f-5a4f-6cbe-69d1-35c781481818', 'E-030172', '1c3cf7be-5cfb-3a39-40ff-14cb4f66624a', 'Alexander57', 'Voluptatibus fugit doloribus. Corrupti doloremque perspiciatis, tempore eos sunt eos enim velit excepturi. Rerum nihil omnis quis, error hic ratione sed ut natus qui! Alias ipsum est dolore sapiente quia aliquam. Voluptas quia sunt. Explicabo veniam sed quo suscipit in quae? Et minima eaque velit iure sit aut veniam. Et beatae dolor reprehenderit similique quas exercitationem sed ab ut! Et voluptatem tempore molestiae qui consectetur exercitationem quas nisi cum.\r\nNeque voluptas, eveniet cumque ex distinctio vel praesentium quia sed quaerat placeat. Quisquam non assumenda nihil eligendi nam deserunt facere voluptas. Natus autem et? Repudiandae distinctio est suscipit temporibus perspiciatis voluptatem rerum unde! Odio corporis asperiores.', 0, '2005-07-25 03:48:41', '2016-03-06 06:23:45'),
('6b30ab24-4692-2ece-bad9-7904e20d3bee', 'E-107903', '584243bd-2e15-17c7-ce8a-2526dd27dde1', 'Palmer1973', 'Non repudiandae quae ut nobis doloremque unde minima. Adipisci doloribus ut impedit odio corporis et aut totam. Eligendi omnis architecto voluptatem vero! Est minus molestias, ea error exercitationem ipsum dolor deleniti aut quae sed? Voluptas sit ut est ex maxime aut iste aut repellendus odio error! Hic doloremque quae aspernatur doloremque sunt ex, quod dolorem possimus omnis vel? Maiores nemo corporis qui eos, ut et iure et dolor aut sit. Sunt iure rem possimus esse sed id eveniet quos quam vero rerum. Numquam ut nihil modi voluptatem et magnam et expedita modi eveniet libero.', 0, '1971-10-21 07:45:51', '1982-09-30 17:33:18'),
('6b7b4707-6493-2b61-0ce5-8adc5263917a', 'E-286445', '375e8f77-3102-4813-5cc4-b9aac0c0d908', 'Agustin52', 'Dolores quia sapiente ipsa sit et ab earum impedit fugiat tenetur et. Illo unde veritatis, ut nam officia temporibus illum repellat fugit at sequi? Enim voluptatem labore error omnis id eos et ullam quaerat ex ea. Ex facilis laboriosam, dicta non aperiam at voluptatem quae excepturi dolore cumque.', 0, '2014-05-06 05:32:27', '2021-04-15 00:14:46'),
('6b84d3ea-1420-14c3-951c-b47866e0b131', 'E-366190', '375e8f77-3102-4813-5cc4-b9aac0c0d908', 'Amos983', 'Dolore magnam ut animi, quas est ipsa in error velit quisquam vel. Sunt dicta recusandae quam alias nam, dolores sit ut fugit voluptatem beatae! Recusandae error perspiciatis, error architecto sed voluptatibus maxime saepe neque voluptatem est. Perspiciatis est aspernatur tempora, perspiciatis aut natus voluptatem nam dignissimos cum qui. Consequatur et molestias voluptatem dolorum sit distinctio error doloremque voluptas dolorum eum. Voluptatem ea aut dolorem aut facilis aut qui beatae accusantium perspiciatis sed. Quae officiis consequatur voluptate sed vel sit labore rerum neque deserunt unde.', 0, '1970-01-01 00:00:41', '1970-01-01 00:54:33'),
('6c0bad82-6ca7-56d0-86d1-35c781481818', 'E-005158', '584243bd-2e15-17c7-ce8a-2526dd27dde1', 'Alberto1962', 'Asperiores sed quibusdam alias non at. Quod quas distinctio sunt aperiam voluptatem mollitia voluptas similique laborum. Culpa eveniet quae, laborum officia porro iste quasi veritatis error fugiat iste. Sed sint eos mollitia. Quisquam eius eos cum.\r\nSint et impedit est dolore. Qui odit nostrum doloremque hic vel quo fugiat. Sed corporis sit excepturi ullam natus voluptas, temporibus unde ad. Reprehenderit necessitatibus iste omnis dolore molestiae nulla aperiam illo. Quae perspiciatis molestias odit est velit; mollitia qui quibusdam dolore adipisci ut sed quis iste eos fugit ducimus; et enim mollitia numquam vitae eligendi, ut omnis voluptas at quis quia.', 0, '1970-01-01 00:01:25', '1985-05-15 07:23:08'),
('6ca5ad40-4741-18e4-240d-38729298ebc6', 'E-811011', '2900b0de-68e5-34bf-4d18-95a4b28724a5', 'Norberto2003', 'Minima id vel non inventore.\r\nDolor inventore a voluptates illum omnis eius praesentium dolor omnis architecto dolorem. Tenetur inventore molestiae iusto voluptas ipsa voluptatem blanditiis qui id rerum fugit. Error aliquid, voluptatem fugiat rerum debitis facere quaerat vel error et cupiditate! Quidem eveniet recusandae velit, iste dolor soluta earum officia velit nobis voluptatem. Fugit repudiandae dicta ut est illum perspiciatis dolores non vel ut ipsam. Omnis tempora ducimus rerum quo enim et ad et sequi tenetur veniam. Voluptatum explicabo nostrum ipsa repellendus quia soluta temporibus laudantium ut quis recusandae.', 0, '1970-01-01 00:11:09', '1993-04-25 17:59:28'),
('6db7d80a-5776-71b3-10c2-b9c0ad0052ad', 'E-228130', '6c99102a-66fb-19eb-6663-1356971fbebe', 'Damaris743', 'Repellat sint, ab quis neque reiciendis voluptatem nostrum voluptas repellat aut non.\r\nNesciunt itaque deserunt commodi repellendus nostrum porro error eum voluptatum iusto veniam. Nihil itaque aliquam, deserunt quia voluptatem quaerat minima et error laborum optio. Accusantium officia aut voluptate sed optio ut eos deleniti unde aut ut.', 0, '1989-03-01 15:58:39', '1970-01-01 00:58:34'),
('6dcbc059-366a-3cb5-c8d9-7904e20d3bee', 'E-089209', '6b38ddb6-1cdc-5f7b-6efa-d9c911cf4972', 'Dell PC', 'PC', 0, NULL, '2021-12-25 19:21:28'),
('6dcd519c-35b5-5a92-865d-e2ec561b0f41', 'E-897208', '32c5be54-1b6d-4f2f-42ff-14cb4f66624a', 'Bee361', 'Tempora doloribus commodi iusto in, beatae perspiciatis placeat voluptas maiores excepturi omnis. Harum ut nisi architecto et totam ea incidunt, placeat veniam sunt quidem.', 0, '2000-05-10 08:45:52', '1984-04-01 23:46:02'),
('6e8284de-65a2-3284-01e5-8adc5263917a', 'E-668693', '32c5be54-1b6d-4f2f-42ff-14cb4f66624a', 'Damian618', 'Quis ad ut voluptatem fugiat, quia sint qui ullam ratione labore architecto. Exercitationem obcaecati adipisci. Suscipit labore aliquid corporis eos sint unde quia ut sed dolor recusandae! Sed eaque facere beatae animi dignissimos modi asperiores dolores nemo alias error. Est magni, sit quisquam molestiae recusandae quo impedit facilis error et deleniti? Sint ut voluptatum ut sed nostrum sit et dolor iste maiores non! Sed et nihil, corporis ipsum rerum sed quisquam praesentium corporis et in. Aliquid pariatur, doloremque culpa repellat ut voluptas ipsum rem et error consectetur...', 0, '1971-10-28 23:10:32', '1996-08-24 18:53:43'),
('6ecd9ead-1233-196b-f5e4-8adc5263917a', 'E-022026', '1c3cf7be-5cfb-3a39-40ff-14cb4f66624a', 'Jett1965', 'Assumenda nemo qui voluptate repellendus sit fugit quod quae temporibus impedit cumque. Cumque dolorem doloremque vel obcaecati ut tempora delectus placeat aut iure iste! Nam rerum possimus quos aspernatur commodi consectetur sed omnis earum qui sit? Mollitia dolor sed sint architecto voluptas sunt illo quisquam tempore fugit magnam! Natus et consectetur qui ut consequuntur, rerum quas nobis iusto eius qui.', 0, '1970-01-01 00:00:09', '1970-01-01 00:00:49'),
('6f7a6aef-743b-31cf-2730-098e37fb2a94', 'E-206434', '375e8f77-3102-4813-5cc4-b9aac0c0d908', 'Zana2021', 'Voluptatem incidunt omnis sed rerum sit est tenetur, voluptatem est pariatur; libero unde nesciunt doloremque error ullam consequatur ad voluptatem dolores rerum. Obcaecati nisi quos porro omnis eveniet? Sint accusamus fugiat, nisi ut qui fugit laudantium qui voluptatem. Earum et consectetur. Sit voluptates ducimus quod perferendis illo laudantium modi sit et quia dolor. Est nesciunt et aliquam perspiciatis qui fugiat eum unde ullam necessitatibus sunt. Nostrum est, voluptate qui impedit debitis odio perferendis amet dolores ipsam et. Unde numquam ratione nesciunt amet maiores doloremque facere omnis itaque qui aut!', 0, '1970-01-01 00:09:13', '1970-01-01 00:00:46'),
('7007f6cf-1ae8-4d6f-efe4-8adc5263917a', 'E-584882', '2900b0de-68e5-34bf-4d18-95a4b28724a5', 'Logan1', 'Sed omnis, quia ipsa eos autem consequatur rerum natus est distinctio ea. Rem hic optio est rerum. Vitae et ipsa sunt ut aut quisquam ipsum eum quisquam sint magnam! Qui dolor iste. Neque veniam hic est velit inventore dicta deserunt et! Et adipisci soluta corrupti eveniet quae reprehenderit deserunt. Et aut ad error fuga enim iste inventore, ea ut! Architecto qui alias tenetur recusandae sint maiores doloremque sed.\r\nDelectus et error modi totam voluptatem obcaecati et nam voluptatem facere. Quam omnis aut. Est ut velit ea aspernatur ut voluptas sunt enim. Consequatur et consequuntur. Soluta ratione rerum. Excepturi minima labore!', 0, '2003-08-09 17:20:47', '1988-08-24 07:00:11'),
('700a13b4-24a8-2ca3-9d8e-fb52fd75a1d4', 'E-492140', '6c99102a-66fb-19eb-6663-1356971fbebe', 'Kandis879', 'Et aut ratione ab, dignissimos quod beatae sed veniam hic tempore consectetur. Voluptatibus et voluptatem id unde doloremque omnis quae at quae saepe qui! Odio perspiciatis reiciendis qui omnis quidem, velit minima molestiae natus magni quam.', 0, '1999-11-06 17:47:52', '2001-10-07 02:00:28'),
('717cb031-5a09-6cdd-1830-098e37fb2a94', 'E-787284', '584243bd-2e15-17c7-ce8a-2526dd27dde1', 'Thalia2020', 'Ea velit excepturi sed. Nesciunt ut officiis eveniet eius aliquam et sint alias molestiae eius accusamus. Velit illo id est rem velit sed quo error ipsum pariatur temporibus! Repellendus id perspiciatis delectus quasi ducimus atque consequatur temporibus sint enim autem. Non sunt, ut voluptatibus corporis natus molestiae ut natus exercitationem voluptate dolorum; incidunt in deleniti quia omnis repellendus qui dignissimos ut vero sint qui? Voluptatem dolorem odit, fugiat voluptate nihil nesciunt adipisci voluptatem doloribus sint impedit; animi voluptatem, nisi sint fuga velit ad quo et sit ea quaerat.', 0, '1987-12-10 11:10:56', '1970-01-01 00:00:02'),
('723f5259-2b86-134a-75d1-35c781481818', 'E-317509', '1e5b3646-24d7-42b4-5bc4-b9aac0c0d908', 'Dees312', 'Vero vel accusantium sit velit voluptatem omnis sint. Unde quaerat iste quis ad voluptatem facere est. Sint eius magni omnis voluptatem perspiciatis quam consequatur. Aut molestiae consequuntur! Esse obcaecati aut veniam eveniet omnis blanditiis...\r\nMolestiae aut voluptatem asperiores perspiciatis ex. Possimus distinctio error quisquam ut assumenda natus voluptatem! Iste quos maiores officiis deleniti quia. Qui dolor ratione et in. Et unde veritatis. Rerum amet corporis quia ut corporis. Quia sit unde nisi sed accusantium nesciunt exercitationem aut consequatur veniam odio! Ut quidem minima nostrum tempore voluptatem unde aspernatur dolores amet rerum aut.', 0, '1970-01-01 00:00:17', NULL),
('72492f2d-1ebc-34a8-eee4-8adc5263917a', 'E-786976', '1e5b3646-24d7-42b4-5bc4-b9aac0c0d908', 'Fraley7', NULL, 0, NULL, '2016-10-23 02:04:33'),
('7462c0a0-1a18-5a49-390d-38729298ebc6', 'E-859440', '32c5be54-1b6d-4f2f-42ff-14cb4f66624a', 'Abbott1993', 'Molestiae quod similique repellendus dolores unde dolores saepe iste nisi. Debitis ipsam aspernatur quod assumenda libero; libero nemo minima corporis reiciendis illum quam quis minima voluptatem nihil sunt; ratione earum unde neque perspiciatis voluptatem et fugit assumenda ipsa sed sapiente? Aspernatur consectetur, vel fuga est iure dolorem est ut tempora asperiores eius. Saepe exercitationem similique explicabo sit voluptatem labore ipsum cumque, facere earum rerum. Sequi et eius, voluptatem dolorum necessitatibus beatae cupiditate fugit consequatur sint et. Ipsum unde quo aut ipsa ipsam voluptates non nesciunt omnis molestiae ducimus.', 0, '1999-02-28 00:24:10', NULL),
('74653fcc-47c8-3011-0530-098e37fb2a94', 'E-934457', '375e8f77-3102-4813-5cc4-b9aac0c0d908', 'Abernathy2028', 'Aliquid dolor omnis repellendus sed quia. Voluptate qui illo sed. Sit illo earum ut assumenda quidem eius sequi omnis sapiente? Eos quasi est dolor iure. Natus unde consequatur error illo possimus numquam dolore temporibus natus ipsam...\r\nCupiditate eaque sit sequi vitae. Temporibus ea vel. Quibusdam sunt doloremque sunt enim perspiciatis sit reiciendis excepturi. Natus qui eius, libero dolores illo veritatis reprehenderit ratione enim! Similique consequatur laboriosam beatae? Dolores et, tenetur ut molestiae iure vel non voluptates ducimus soluta. Enim voluptatem aut quaerat alias eaque labore ut! Est quibusdam odit nemo quaerat quia. Error vitae saepe eligendi perferendis sed voluptatem enim.', 0, '1978-07-23 00:16:58', '1986-02-15 17:52:01'),
('747834ff-15be-40ab-66d1-35c781481818', 'E-857063', '584243bd-2e15-17c7-ce8a-2526dd27dde1', 'Chacon2004', 'Unde iste odit dolorum et commodi accusamus labore nihil rerum molestiae quis. Enim magnam sed qui sit odio quo non unde repellat qui sit. Ducimus nisi quis omnis quo labore veritatis iste, nobis aut minus voluptatem. Omnis non voluptatum aut iste est aliquid reiciendis natus est laboriosam illo.', 0, '1970-01-01 00:00:06', '1970-01-01 00:14:13'),
('748eb643-18d7-3a8e-0ae5-8adc5263917a', 'E-288204', '6b38ddb6-1cdc-5f7b-6efa-d9c911cf4972', 'Adena9', 'Qui aut ut vero beatae adipisci vitae voluptates omnis repellat inventore quis; quo consequatur eius aperiam iste ut laboriosam in deleniti natus repellat et. Aut error ipsa natus dicta qui pariatur fuga beatae officia doloremque aut. Omnis accusantium, natus ipsa enim ipsam qui sed sunt et maiores ex! Voluptatem et, aut commodi quia provident sit aspernatur sit aut quae voluptate. Totam perspiciatis unde laudantium aut iste ea, consequatur omnis deserunt quia enim.', 0, '1977-05-27 05:09:52', '1970-01-01 00:00:04'),
('74944530-2026-5c54-921c-b47866e0b131', 'E-679364', '442d76aa-292c-2d1e-6563-1356971fbebe', 'Eloisa5', 'Mollitia nobis iste, quae natus pariatur id est voluptatem ea minus beatae. Sit suscipit, minus accusamus qui optio aut provident laborum omnis libero est...\r\nVoluptatem unde et iure consequatur, corporis dolorem officiis ut eos perspiciatis ea. Voluptates corrupti unde quaerat nam iusto qui non eveniet quia quae aliquid. Rerum non commodi autem assumenda impedit quo excepturi dicta, porro dolore et; reprehenderit sint velit vel eos magnam illo perspiciatis, quia omnis nulla quia.', 0, '2017-04-22 18:48:48', '1970-01-01 00:00:01'),
('74e6b053-736d-2399-afd9-7904e20d3bee', 'E-521000', '375e8f77-3102-4813-5cc4-b9aac0c0d908', 'Lorenzo177', 'Placeat voluptatem ut quasi assumenda est aut et assumenda et a distinctio.', 0, '1988-07-20 11:51:33', '1970-01-01 00:00:56'),
('74f26260-55a5-4fbd-2ac2-b9c0ad0052ad', 'E-629871', '6b38ddb6-1cdc-5f7b-6efa-d9c911cf4972', 'Dell PC', '', 0, '2008-06-08 21:01:58', '2021-12-25 19:21:17'),
('74fb03ca-321d-5595-b9a8-609e3bb3a85a', 'E-771109', '375e8f77-3102-4813-5cc4-b9aac0c0d908', 'Rina36', 'Fugiat hic sed ut nulla amet quisquam sint non nulla magni quas. Hic vero quia alias quam nihil voluptatem minus tenetur magnam a aut. Explicabo soluta a, est earum in officiis explicabo doloribus veniam id numquam. Sit nisi consequatur et dolorem corporis molestiae vel ut odio modi in! Maxime harum et dolores, delectus ut ex similique voluptatem itaque accusamus maiores? Voluptas unde sit expedita dicta dignissimos aut cum qui ea error omnis.', 0, '1998-10-10 08:17:33', '1990-11-03 10:55:52'),
('76aab90d-48dd-61f8-968e-fb52fd75a1d4', 'E-612190', '1c3cf7be-5cfb-3a39-40ff-14cb4f66624a', 'Andrews44', 'Illo dolorum veniam vel ut quo ut. Similique omnis et adipisci et necessitatibus! Quos incidunt aut, sit omnis quo est delectus voluptatem porro doloribus? Error minus consectetur ducimus quia hic ratione. In maiores eius. Et aut eveniet omnis non id et eius. Voluptatem itaque earum qui nisi necessitatibus aperiam repellendus a consequatur nulla unde! Doloribus laborum beatae aut eos tempore optio deserunt qui minus sed.\r\nNatus quo rerum optio. Et error ut quia laudantium odit quia; perspiciatis harum eos tempora error ex. Non eveniet ut vel libero at. Itaque natus sunt dignissimos est odio. Accusantium repellat error quod recusandae asperiores in quia. Aut qui id...', 0, '1970-01-01 00:06:02', '2013-09-11 08:28:12'),
('775c9f1e-2f4d-63b9-dfd9-7904e20d3bee', 'E-134816', '32c5be54-1b6d-4f2f-42ff-14cb4f66624a', 'Kasha175', 'Accusamus est at. Exercitationem sunt voluptatem hic iusto ratione! Laudantium laboriosam inventore non ut molestias alias; amet minima alias inventore debitis inventore quisquam dicta impedit.\r\nVero tenetur cupiditate eum voluptatem repudiandae voluptas omnis aliquid quia. Sequi et repellendus necessitatibus et atque voluptatem unde veniam! Ipsa deserunt veniam sed id sapiente provident dolorem aut necessitatibus. Consectetur omnis sunt, et dolorem error consequatur voluptatem voluptate atque eveniet. Repellendus pariatur corporis porro nulla possimus. Excepturi ut aut fugiat error! Cumque velit esse reprehenderit iste quaerat et beatae. Vitae culpa quis fuga suscipit aut qui non omnis voluptatibus. Excepturi illum iste velit aut explicabo quia dolores est; quia accusamus eius.', 0, '1975-08-21 16:51:42', '1997-09-12 06:12:28'),
('78ba5040-7538-2574-16c2-b9c0ad0052ad', 'E-226415', '32c5be54-1b6d-4f2f-42ff-14cb4f66624a', 'Velez2011', NULL, 0, NULL, '1991-02-07 00:19:29'),
('78f26f35-2c8a-6048-380d-38729298ebc6', 'E-934967', '584243bd-2e15-17c7-ce8a-2526dd27dde1', 'Keeley1959', 'Voluptatem est reiciendis minus a suscipit. Vel consequatur ut explicabo adipisci autem aliquid quis! Aut ullam qui voluptate voluptas incidunt.\r\nVelit aut dicta rem fugit quis magnam ullam dolores quia. Ut voluptatem et nostrum exercitationem ut beatae id excepturi! Dolore qui et ut? Fugit veritatis alias quo omnis ad error commodi rerum voluptatem vero. Accusantium blanditiis maxime eum, inventore tenetur eius atque vero sunt vel ut. Nobis provident ab est dignissimos enim rem distinctio unde odit veritatis ipsa. Ex vitae excepturi minima sed odio quia laudantium, expedita voluptates voluptate. Sed officiis qui iure nostrum velit atque pariatur rerum ipsum quod.', 0, '1991-12-18 07:46:25', '1970-01-01 02:33:59'),
('79a11445-4580-633e-785d-e2ec561b0f41', 'E-651465', '6b38ddb6-1cdc-5f7b-6efa-d9c911cf4972', 'Abel47', 'Dolorem nihil dolorem rerum laborum ducimus ex, vel ducimus officia maxime adipisci. Maxime soluta ut officia sit eum qui consequatur ut eum consequatur ut.\r\nNatus aut quas aut, doloribus ut enim maiores voluptatem cumque quaerat odio. Doloremque omnis harum non aperiam iusto non unde perspiciatis molestias vel inventore! Autem aliquid perspiciatis velit qui, odio labore accusantium consequatur est exercitationem voluptatibus. Animi culpa, dolorem consequatur quis sed quisquam voluptatem totam odit quia sit! Totam dolor tempore velit repellendus quaerat deleniti aut ab ducimus laboriosam sit.', 0, '1975-02-18 03:08:00', '1997-10-06 09:53:47'),
('79ee7101-4bc4-4632-0cc2-b9c0ad0052ad', 'E-845764', '76f76014-2e74-492c-4b18-95a4b28724a5', 'Mercedez2000', 'Odit unde adipisci nam est magni iste eius dicta ipsa quia enim. Aliquam veniam ut sed sequi est consectetur ut temporibus reiciendis quis illo; voluptas ad autem, voluptates similique est quas unde consequuntur reiciendis magnam ipsum. Unde quas, ad blanditiis ducimus ut rerum inventore vero dolor repellendus tempora. Laboriosam in ea voluptatem est sed aliquid quam facere aut nihil eveniet.', 0, '1970-01-01 00:46:17', '1970-01-01 00:09:23'),
('7a114be0-23b4-7bbe-ae8e-fb52fd75a1d4', 'E-960405', '32c5be54-1b6d-4f2f-42ff-14cb4f66624a', 'Purvis1954', 'Corrupti debitis laborum quia qui labore nemo modi eaque enim maiores repudiandae. Ut nam omnis qui minima ea adipisci quasi placeat aliquam reprehenderit animi. Laboriosam dolores, architecto enim incidunt quae et rerum aut dicta ipsa beatae? Corrupti unde suscipit beatae ut distinctio eos accusamus est natus dolorum iste. Veniam hic sed excepturi magnam eum sit nostrum omnis ipsa optio velit. Rem sunt qui beatae iste minus nihil ab fugiat ipsam non autem. Necessitatibus exercitationem deserunt dolore sit totam in sit, rerum quia voluptatum id.', 0, '1984-12-11 23:10:45', '1979-03-21 03:16:12'),
('7aa101b3-5fe3-2285-29c2-b9c0ad0052ad', 'E-103386', '6c99102a-66fb-19eb-6663-1356971fbebe', 'Shay1983', 'Et saepe ea sequi, aliquid officiis dicta magnam at non velit. Modi illo et! Laboriosam et aliquam qui aut dicta laborum molestiae ex ducimus itaque magni.\r\nQuia sed deleniti labore id est et nisi enim architecto incidunt omnis. Debitis libero, corrupti voluptate iste non minima inventore omnis officiis corporis voluptate! Sunt magnam error recusandae voluptatem at temporibus magnam tenetur deleniti voluptas qui. Sed repudiandae sed consequuntur voluptatem dicta dolores quia doloremque quia dicta quod. Consequuntur voluptatem quibusdam perspiciatis sint eaque placeat exercitationem repellat totam laudantium ut...', 0, '2017-06-30 05:48:16', '1986-07-05 04:05:04'),
('7b39f47d-22f8-1cc7-11c2-b9c0ad0052ad', 'E-324830', '32c5be54-1b6d-4f2f-42ff-14cb4f66624a', 'Octavia2029', 'Itaque velit eum rem qui consequatur fugiat dolores nobis est ipsa commodi.', 0, '1970-01-01 00:00:06', '1970-01-01 00:00:01'),
('7b83f4f9-1d93-7cf3-7e1c-b47866e0b131', 'E-303362', '584243bd-2e15-17c7-ce8a-2526dd27dde1', 'Eldon489', NULL, 0, NULL, '1981-10-07 15:09:33'),
('7bd7c37f-51ee-733a-f7e4-8adc5263917a', 'E-011414', '6c99102a-66fb-19eb-6663-1356971fbebe', 'Johna2014', 'Ut rerum odio modi laboriosam sed quia harum voluptatem est inventore excepturi. Laboriosam corrupti non fuga sit? Quo alias sed beatae voluptas voluptatibus consequuntur. Ut non est quo rerum minima voluptatibus quia, rerum et quam. Iste rerum sed cumque. Cumque ut qui esse ut quis delectus officiis, vitae fugiat eligendi sit; qui in quis perferendis quas quibusdam quos perspiciatis. Alias cumque exercitationem consequatur neque inventore eius officia obcaecati odit cum repellat. Possimus et dolorum necessitatibus quo enim facilis et molestiae facilis eos rem! Veniam sequi perspiciatis corporis perspiciatis et excepturi neque explicabo aliquam ea quia.', 0, '2005-07-30 00:14:40', '1970-01-01 00:27:05'),
('7bf2606f-1acb-70ff-2ec2-b9c0ad0052ad', 'E-951527', '442d76aa-292c-2d1e-6563-1356971fbebe', 'Guerra889', 'Nulla enim qui, sit dicta aut quis est dolorem sint autem at.', 0, '2007-05-23 23:19:38', '1970-01-01 00:07:07'),
('7d9a7d6e-36de-561b-1dc2-b9c0ad0052ad', 'E-475133', '584243bd-2e15-17c7-ce8a-2526dd27dde1', 'Mickie155', 'Ut sint eveniet delectus id, fuga iure praesentium perspiciatis blanditiis laborum perferendis. Quam aut modi id omnis quod nihil quasi reiciendis omnis dolore voluptas...', 0, '1976-03-29 20:33:46', '1970-01-01 00:00:09'),
('7d9fd831-39aa-4ada-901c-b47866e0b131', 'E-232571', '442d76aa-292c-2d1e-6563-1356971fbebe', 'Creola2017', 'Et ut numquam alias voluptatem nobis tempore ad autem adipisci perferendis illum. Quos quia est dolorem minima, ex maiores laudantium corporis ea enim labore. Id et nihil est sit doloremque. Neque eius deserunt quia; tempore aliquam quia. Dolorem ut eos voluptas. Minus perspiciatis quidem quae error veniam laboriosam voluptatem sit dicta dolorem porro.\r\nEt ea facilis omnis alias ipsam dolorem, incidunt est vitae perspiciatis eos. Nobis velit debitis, similique quia est aut aliquid non commodi sed consequuntur? Ut unde repellendus, error nemo quis eligendi et dicta dolorem nostrum quia.', 0, '1981-06-16 15:49:30', '1975-06-05 20:08:27'),
('7db3920a-69b2-5671-1930-098e37fb2a94', 'E-270756', '2900b0de-68e5-34bf-4d18-95a4b28724a5', 'Brendon2016', 'Consequuntur voluptate eos error qui, quod sed perspiciatis eos quae debitis. Illo voluptatum corporis accusamus error.\r\nUnde architecto ut et sed officia sit fuga dolore error incidunt alias. Porro illum error nobis alias quis non, unde et ex nemo totam? Earum quaerat nisi culpa est vel odio sed iste et quo aut. Unde dolorem at et fuga voluptatibus dolores unde sit aspernatur perspiciatis omnis. Neque iure dolorem omnis reprehenderit ut voluptatem laudantium odit quos est eum. Vitae deleniti est incidunt sed perspiciatis qui tenetur consequuntur natus sit voluptatibus...', 0, '1970-01-01 00:00:03', '2021-06-24 22:38:44'),
('7e3a4fe3-5b09-7bb7-67d1-35c781481818', 'E-128672', '6b38ddb6-1cdc-5f7b-6efa-d9c911cf4972', 'Dell PC', '', 0, '1980-05-22 01:26:25', '2021-12-25 19:22:14'),
('7e81ff83-4225-2aee-14e5-8adc5263917a', 'E-787640', '375e8f77-3102-4813-5cc4-b9aac0c0d908', 'Abram1993', 'Necessitatibus ut sed rem. Rem quia omnis id et ut commodi. Quasi cupiditate voluptatum rerum quis omnis ut! Excepturi omnis ipsam eveniet magni laborum quaerat reprehenderit blanditiis velit ad sed. Non voluptate commodi ut veritatis. Pariatur ipsa quia alias quia! Ipsa possimus nam corporis aut quae hic quo voluptatibus dolor. Eum perspiciatis culpa sit tenetur natus suscipit unde! At dolores quae error illum...\r\nMolestias in et aperiam ex eum ut consequuntur aliquid reprehenderit. Non aut fugit et quam quo! Consequatur iste sunt; quo modi quis. Autem quidem facere; omnis quisquam soluta. Veritatis facere voluptatibus. Quia pariatur qui. Qui saepe amet.', 0, '2006-04-03 07:26:07', '1984-01-15 00:37:03'),
('7f687899-6546-2418-995d-e2ec561b0f41', 'E-872882', '584243bd-2e15-17c7-ce8a-2526dd27dde1', 'Adaline687', 'Unde et dolorem iste ad quasi quae asperiores. Et qui tempore. Odit ipsa et eligendi enim quia eaque ipsam. Eveniet sit sed corrupti quae voluptatum unde error quaerat! Sint at accusamus nam accusamus nostrum autem ducimus sunt. Nulla velit animi iusto! Placeat sed inventore iusto ad similique inventore sint in facere voluptatum libero. Expedita explicabo et amet enim rerum qui, amet eos facilis architecto iusto. Vero tenetur qui, possimus expedita consequatur est voluptatem sit voluptatem consectetur labore; perspiciatis tenetur iste iusto ab voluptas officia tempora dolores unde in quia.', 1, '1970-01-01 00:00:16', '2021-11-20 15:14:00'),
('7fec8e9a-5273-23ab-821c-b47866e0b131', 'E-801892', '442d76aa-292c-2d1e-6563-1356971fbebe', 'Sharleen679', 'Natus voluptatibus neque consequuntur repudiandae. Accusantium molestiae dolore. Aut at a et dolore? Provident quis voluptas nobis molestiae reiciendis sit enim.\r\nEt perspiciatis expedita ut quis laudantium aliquam accusamus sed animi delectus. Sed corrupti aspernatur reprehenderit explicabo corporis omnis enim. Quam expedita cupiditate hic natus vero optio quia sit eum adipisci officia! Aut nam quae pariatur facilis quae. Veniam non molestiae sunt eius. Ex officiis et. Iure voluptas, incidunt repellat molestias recusandae fugit ipsum quo voluptatem inventore quos? Aliquid quos quae modi accusantium sequi sed aut unde sit aperiam beatae.', 0, '2000-06-19 12:55:48', NULL),
('ba44d5cc-5dcb-11ec-8dc6-ecf4bb4d36af', 'E-123456', '6b38ddb6-1cdc-5f7b-6efa-d9c911cf4972', 'Macbook Pro 1', 'Tốt', 0, '2021-12-16 00:23:32', '2021-12-16 00:23:32'),
('ba45f373-5dcb-11ec-8dc6-ecf4bb4d36af', 'E-123457', '6b38ddb6-1cdc-5f7b-6efa-d9c911cf4972', 'Macbook Pro 2', 'Tốt', 1, '2021-12-16 00:23:32', '2021-12-16 00:23:32'),
('d18534f5-5771-11ec-923c-ecf4bb4d36af', 'E-943273', '6b38ddb6-1cdc-5f7b-6efa-d9c911cf4972', 'mac book pro 2021', 'this is a new mac from Apple Inc', 0, '2021-12-07 22:24:49', '2021-12-07 22:24:49');

-- 
-- Dumping data for table detailpracticegroup
--
INSERT INTO detailpracticegroup VALUES
('39b0cb03-6548-11ec-a6a1-ecf4bb4d36af', '242f1601-6548-11ec-a6a1-ecf4bb4d36af', '57018e37-5d11-11ec-8794-ecf4bb4d36af', NULL, '2021-12-25 13:02:22', '2021-12-25 13:02:22'),
('4e26d9b4-6526-11ec-a6a1-ecf4bb4d36af', '26c08401-6525-11ec-a6a1-ecf4bb4d36af', '56a5d4f3-5d11-11ec-8794-ecf4bb4d36af', NULL, '2021-12-25 08:59:33', '2021-12-25 08:59:33'),
('4e274975-6526-11ec-a6a1-ecf4bb4d36af', '26c08401-6525-11ec-a6a1-ecf4bb4d36af', '56aaa338-5d11-11ec-8794-ecf4bb4d36af', NULL, '2021-12-25 08:59:33', '2021-12-25 08:59:33'),
('4e274c51-6526-11ec-a6a1-ecf4bb4d36af', '26c08401-6525-11ec-a6a1-ecf4bb4d36af', '56a9f94e-5d11-11ec-8794-ecf4bb4d36af', NULL, '2021-12-25 08:59:33', '2021-12-25 08:59:33'),
('4e2918d8-6526-11ec-a6a1-ecf4bb4d36af', '26c08401-6525-11ec-a6a1-ecf4bb4d36af', '56a9f94e-5d11-11ec-8794-ecf4bb4d36af', NULL, '2021-12-25 08:59:33', '2021-12-25 08:59:33'),
('4e2919fe-6526-11ec-a6a1-ecf4bb4d36af', '26c08401-6525-11ec-a6a1-ecf4bb4d36af', '56aaa338-5d11-11ec-8794-ecf4bb4d36af', NULL, '2021-12-25 08:59:33', '2021-12-25 08:59:33'),
('4e29263c-6526-11ec-a6a1-ecf4bb4d36af', '26c08401-6525-11ec-a6a1-ecf4bb4d36af', '56ab4348-5d11-11ec-8794-ecf4bb4d36af', NULL, '2021-12-25 08:59:33', '2021-12-25 08:59:33'),
('4e2931db-6526-11ec-a6a1-ecf4bb4d36af', '26c08401-6525-11ec-a6a1-ecf4bb4d36af', '56a5d4f3-5d11-11ec-8794-ecf4bb4d36af', NULL, '2021-12-25 08:59:33', '2021-12-25 08:59:33'),
('548ad33d-5d7d-11ec-948f-ecf4bb4d36af', '4cd3ba58-5d7d-11ec-948f-ecf4bb4d36af', '56ab4348-5d11-11ec-8794-ecf4bb4d36af', NULL, '2021-12-15 15:02:21', '2021-12-15 15:02:21'),
('548b2c7e-5d7d-11ec-948f-ecf4bb4d36af', '4cd3ba58-5d7d-11ec-948f-ecf4bb4d36af', '56a5d4f3-5d11-11ec-8794-ecf4bb4d36af', NULL, '2021-12-15 15:02:21', '2021-12-15 15:02:21'),
('548b50fb-5d7d-11ec-948f-ecf4bb4d36af', '4cd3ba58-5d7d-11ec-948f-ecf4bb4d36af', '56a9f94e-5d11-11ec-8794-ecf4bb4d36af', NULL, '2021-12-15 15:02:21', '2021-12-15 15:02:21'),
('548b539b-5d7d-11ec-948f-ecf4bb4d36af', '4cd3ba58-5d7d-11ec-948f-ecf4bb4d36af', '56963e27-5d11-11ec-8794-ecf4bb4d36af', NULL, '2021-12-15 15:02:21', '2021-12-15 15:02:21'),
('548b544f-5d7d-11ec-948f-ecf4bb4d36af', '4cd3ba58-5d7d-11ec-948f-ecf4bb4d36af', '56aaa338-5d11-11ec-8794-ecf4bb4d36af', NULL, '2021-12-15 15:02:21', '2021-12-15 15:02:21'),
('8b6269e0-5d81-11ec-948f-ecf4bb4d36af', '8602741c-5d81-11ec-948f-ecf4bb4d36af', '56a7dd32-5d11-11ec-8794-ecf4bb4d36af', '', '2021-12-25 09:10:06', '2021-12-25 09:10:06'),
('8b626a3b-5d81-11ec-948f-ecf4bb4d36af', '8602741c-5d81-11ec-948f-ecf4bb4d36af', '56a92f52-5d11-11ec-8794-ecf4bb4d36af', NULL, '2021-12-15 15:32:31', '2021-12-15 15:32:31'),
('8b626b88-5d81-11ec-948f-ecf4bb4d36af', '8602741c-5d81-11ec-948f-ecf4bb4d36af', '56a66d2d-5d11-11ec-8794-ecf4bb4d36af', NULL, '2021-12-15 15:32:31', '2021-12-15 15:32:31'),
('8b6279d9-5d81-11ec-948f-ecf4bb4d36af', '8602741c-5d81-11ec-948f-ecf4bb4d36af', '56a711d9-5d11-11ec-8794-ecf4bb4d36af', NULL, '2021-12-15 15:32:31', '2021-12-15 15:32:31'),
('8b637267-5d81-11ec-948f-ecf4bb4d36af', '8602741c-5d81-11ec-948f-ecf4bb4d36af', '56a88781-5d11-11ec-8794-ecf4bb4d36af', NULL, '2021-12-15 15:32:31', '2021-12-15 15:32:31');

-- 
-- Dumping data for table detailmoduleclass
--
INSERT INTO detailmoduleclass VALUES
('2bc880ab-5d7d-11ec-948f-ecf4bb4d36af', '05e1e953-5d77-11ec-948f-ecf4bb4d36af', '56a5d4f3-5d11-11ec-8794-ecf4bb4d36af', 8, 4, 6, '2021-12-15 15:01:12', '2021-12-15 15:01:12'),
('2bc9c169-5d7d-11ec-948f-ecf4bb4d36af', '05e1e953-5d77-11ec-948f-ecf4bb4d36af', '56a66d2d-5d11-11ec-8794-ecf4bb4d36af', 9, 2, 5.5, '2021-12-15 15:01:12', '2021-12-15 15:01:12'),
('2bcacb01-5d7d-11ec-948f-ecf4bb4d36af', '05e1e953-5d77-11ec-948f-ecf4bb4d36af', '56a711d9-5d11-11ec-8794-ecf4bb4d36af', 7, 8, 7.5, '2021-12-15 15:01:12', '2021-12-15 15:01:12'),
('2bcc6bc9-5d7d-11ec-948f-ecf4bb4d36af', '05e1e953-5d77-11ec-948f-ecf4bb4d36af', '56a7dd32-5d11-11ec-8794-ecf4bb4d36af', 6, 9, 7.5, '2021-12-15 15:01:12', '2021-12-15 15:01:12'),
('2bcd5e7e-5d7d-11ec-948f-ecf4bb4d36af', '05e1e953-5d77-11ec-948f-ecf4bb4d36af', '56a88781-5d11-11ec-8794-ecf4bb4d36af', 5, 6, 5.5, '2021-12-15 15:01:12', '2021-12-15 15:01:12'),
('2bce3b4a-5d7d-11ec-948f-ecf4bb4d36af', '05e1e953-5d77-11ec-948f-ecf4bb4d36af', '56a92f52-5d11-11ec-8794-ecf4bb4d36af', 8, 7, 7.5, '2021-12-15 15:01:12', '2021-12-15 15:01:12'),
('2bcf16fb-5d7d-11ec-948f-ecf4bb4d36af', '05e1e953-5d77-11ec-948f-ecf4bb4d36af', '56a9f94e-5d11-11ec-8794-ecf4bb4d36af', 7, 3, 5, '2021-12-15 15:01:12', '2021-12-15 15:01:12'),
('2bcfeefb-5d7d-11ec-948f-ecf4bb4d36af', '05e1e953-5d77-11ec-948f-ecf4bb4d36af', '56aaa338-5d11-11ec-8794-ecf4bb4d36af', 9, 10, 9.5, '2021-12-15 15:01:12', '2021-12-15 15:01:12'),
('2bd0cce4-5d7d-11ec-948f-ecf4bb4d36af', '05e1e953-5d77-11ec-948f-ecf4bb4d36af', '56ab4348-5d11-11ec-8794-ecf4bb4d36af', 6, 9, 7.5, '2021-12-15 15:01:12', '2021-12-15 15:01:12'),
('34ceef8d-6548-11ec-a6a1-ecf4bb4d36af', 'f9e430f9-5d76-11ec-948f-ecf4bb4d36af', '57018e37-5d11-11ec-8794-ecf4bb4d36af', 8, 9, 8.5, '2021-12-25 13:02:13', '2021-12-25 13:02:13'),
('38da117c-6523-11ec-a6a1-ecf4bb4d36af', '3398f181-5d52-11ec-948f-ecf4bb4d36af', '5702cf01-5d11-11ec-8794-ecf4bb4d36af', NULL, 9, NULL, '2021-12-25 08:37:29', '2021-12-25 08:37:29'),
('5c220b15-5d79-11ec-948f-ecf4bb4d36af', '05e1e953-5d77-11ec-948f-ecf4bb4d36af', '56963e27-5d11-11ec-8794-ecf4bb4d36af', 9, 8, 8.5, '2021-12-15 14:33:55', '2021-12-15 14:33:55'),
('6f4c74ec-5d81-11ec-948f-ecf4bb4d36af', '3398f181-5d52-11ec-948f-ecf4bb4d36af', '56a5d4f3-5d11-11ec-8794-ecf4bb4d36af', 8, 4, 6, '2021-12-15 15:31:44', '2021-12-15 15:31:44'),
('6f4df059-5d81-11ec-948f-ecf4bb4d36af', '3398f181-5d52-11ec-948f-ecf4bb4d36af', '56a66d2d-5d11-11ec-8794-ecf4bb4d36af', 9, 2, 5.5, '2021-12-15 15:31:44', '2021-12-15 15:31:44'),
('6f4f01af-5d81-11ec-948f-ecf4bb4d36af', '3398f181-5d52-11ec-948f-ecf4bb4d36af', '56a711d9-5d11-11ec-8794-ecf4bb4d36af', 7, 8, 7.5, '2021-12-15 15:31:44', '2021-12-15 15:31:44'),
('6f5069da-5d81-11ec-948f-ecf4bb4d36af', '3398f181-5d52-11ec-948f-ecf4bb4d36af', '56a7dd32-5d11-11ec-8794-ecf4bb4d36af', 6, 9, 7.5, '2021-12-15 15:31:44', '2021-12-15 15:31:44'),
('6f527132-5d81-11ec-948f-ecf4bb4d36af', '3398f181-5d52-11ec-948f-ecf4bb4d36af', '56a88781-5d11-11ec-8794-ecf4bb4d36af', 5, 6, 5.5, '2021-12-15 15:31:44', '2021-12-15 15:31:44'),
('6f5362e8-5d81-11ec-948f-ecf4bb4d36af', '3398f181-5d52-11ec-948f-ecf4bb4d36af', '56a92f52-5d11-11ec-8794-ecf4bb4d36af', 8, 7, 7.5, '2021-12-15 15:31:44', '2021-12-15 15:31:44'),
('6f544fb8-5d81-11ec-948f-ecf4bb4d36af', '3398f181-5d52-11ec-948f-ecf4bb4d36af', '56a9f94e-5d11-11ec-8794-ecf4bb4d36af', 7, 3, 5, '2021-12-15 15:31:44', '2021-12-15 15:31:44'),
('6f5539cd-5d81-11ec-948f-ecf4bb4d36af', '3398f181-5d52-11ec-948f-ecf4bb4d36af', '56aaa338-5d11-11ec-8794-ecf4bb4d36af', 9, 10, 9.5, '2021-12-15 15:31:44', '2021-12-15 15:31:44'),
('6f562b16-5d81-11ec-948f-ecf4bb4d36af', '3398f181-5d52-11ec-948f-ecf4bb4d36af', '56ab4348-5d11-11ec-8794-ecf4bb4d36af', 6, 9, 7.5, '2021-12-15 15:31:44', '2021-12-15 15:31:44'),
('769661b2-6524-11ec-a6a1-ecf4bb4d36af', '3398f181-5d52-11ec-948f-ecf4bb4d36af', '56a5d4f3-5d11-11ec-8794-ecf4bb4d36af', 8, 4, 6, '2021-12-25 08:46:22', '2021-12-25 08:46:22'),
('76975c40-6524-11ec-a6a1-ecf4bb4d36af', '3398f181-5d52-11ec-948f-ecf4bb4d36af', '56a66d2d-5d11-11ec-8794-ecf4bb4d36af', 9, 2, 5.5, '2021-12-25 08:46:22', '2021-12-25 08:46:22'),
('7697f6e5-6524-11ec-a6a1-ecf4bb4d36af', '3398f181-5d52-11ec-948f-ecf4bb4d36af', '56a711d9-5d11-11ec-8794-ecf4bb4d36af', 7, 8, 7.5, '2021-12-25 08:46:22', '2021-12-25 08:46:22'),
('7699eb1e-6524-11ec-a6a1-ecf4bb4d36af', '3398f181-5d52-11ec-948f-ecf4bb4d36af', '56a7dd32-5d11-11ec-8794-ecf4bb4d36af', 6, 9, 7.5, '2021-12-25 08:46:22', '2021-12-25 08:46:22'),
('769ad7e9-6524-11ec-a6a1-ecf4bb4d36af', '3398f181-5d52-11ec-948f-ecf4bb4d36af', '56a88781-5d11-11ec-8794-ecf4bb4d36af', 5, 6, 5.5, '2021-12-25 08:46:22', '2021-12-25 08:46:22'),
('769bc1c0-6524-11ec-a6a1-ecf4bb4d36af', '3398f181-5d52-11ec-948f-ecf4bb4d36af', '56a92f52-5d11-11ec-8794-ecf4bb4d36af', 8, 7, 7.5, '2021-12-25 08:46:22', '2021-12-25 08:46:22'),
('769cac2f-6524-11ec-a6a1-ecf4bb4d36af', '3398f181-5d52-11ec-948f-ecf4bb4d36af', '56a9f94e-5d11-11ec-8794-ecf4bb4d36af', 7, 3, 5, '2021-12-25 08:46:22', '2021-12-25 08:46:22'),
('769d9bde-6524-11ec-a6a1-ecf4bb4d36af', '3398f181-5d52-11ec-948f-ecf4bb4d36af', '56aaa338-5d11-11ec-8794-ecf4bb4d36af', 9, 10, 9.5, '2021-12-25 08:46:22', '2021-12-25 08:46:22'),
('769e7a7c-6524-11ec-a6a1-ecf4bb4d36af', '3398f181-5d52-11ec-948f-ecf4bb4d36af', '56ab4348-5d11-11ec-8794-ecf4bb4d36af', 6, 9, 7.5, '2021-12-25 08:46:22', '2021-12-25 08:46:22'),
('96be18ef-6522-11ec-a6a1-ecf4bb4d36af', '3398f181-5d52-11ec-948f-ecf4bb4d36af', '57053f76-5d11-11ec-8794-ecf4bb4d36af', 8, 9, 8.5, '2021-12-25 08:32:57', '2021-12-25 08:32:57');

-- 
-- Dumping data for table attendance
--
INSERT INTO attendance VALUES
('172138c9-6586-11ec-a6a1-ecf4bb4d36af', '56ab4348-5d11-11ec-8794-ecf4bb4d36af', '', '', '', '2021-12-25', '2021-12-25', '6523d8ec-5d7d-11ec-948f-ecf4bb4d36af', 0),
('17213944-6586-11ec-a6a1-ecf4bb4d36af', '56963e27-5d11-11ec-8794-ecf4bb4d36af', NULL, NULL, NULL, '2021-12-25', '2021-12-25', '6523d8ec-5d7d-11ec-948f-ecf4bb4d36af', 1),
('1721403e-6586-11ec-a6a1-ecf4bb4d36af', '56a9f94e-5d11-11ec-8794-ecf4bb4d36af', NULL, NULL, NULL, '2021-12-25', '2021-12-25', '6523d8ec-5d7d-11ec-948f-ecf4bb4d36af', 1),
('172140d2-6586-11ec-a6a1-ecf4bb4d36af', '56aaa338-5d11-11ec-8794-ecf4bb4d36af', NULL, NULL, NULL, '2021-12-25', '2021-12-25', '6523d8ec-5d7d-11ec-948f-ecf4bb4d36af', 1),
('172161b3-6586-11ec-a6a1-ecf4bb4d36af', '56a5d4f3-5d11-11ec-8794-ecf4bb4d36af', NULL, NULL, NULL, '2021-12-25', '2021-12-25', '6523d8ec-5d7d-11ec-948f-ecf4bb4d36af', 1),
('52909e07-654e-11ec-a6a1-ecf4bb4d36af', '56a711d9-5d11-11ec-8794-ecf4bb4d36af', NULL, NULL, NULL, '2021-12-25', '2021-12-25', '432ca825-654c-11ec-a6a1-ecf4bb4d36af', 1),
('5292906b-654e-11ec-a6a1-ecf4bb4d36af', '56a7dd32-5d11-11ec-8794-ecf4bb4d36af', NULL, NULL, NULL, '2021-12-25', '2021-12-25', '432ca825-654c-11ec-a6a1-ecf4bb4d36af', 1),
('5292906e-654e-11ec-a6a1-ecf4bb4d36af', '56a88781-5d11-11ec-8794-ecf4bb4d36af', '14:00', '15:00', 'test', '2021-12-25', '2021-12-25', '432ca825-654c-11ec-a6a1-ecf4bb4d36af', 1),
('5292907c-654e-11ec-a6a1-ecf4bb4d36af', '56a66d2d-5d11-11ec-8794-ecf4bb4d36af', NULL, NULL, NULL, '2021-12-25', '2021-12-25', '432ca825-654c-11ec-a6a1-ecf4bb4d36af', 1),
('6b8a9c18-5dcb-11ec-8dc6-ecf4bb4d36af', '56a711d9-5d11-11ec-8794-ecf4bb4d36af', NULL, NULL, NULL, '2021-12-16', '2021-12-16', '5e067c4c-5dcb-11ec-8dc6-ecf4bb4d36af', 1),
('6b8a9c1a-5dcb-11ec-8dc6-ecf4bb4d36af', '56a7dd32-5d11-11ec-8794-ecf4bb4d36af', '', '', '', '2021-12-16', '2021-12-19', '5e067c4c-5dcb-11ec-8dc6-ecf4bb4d36af', 1),
('6b8aa150-5dcb-11ec-8dc6-ecf4bb4d36af', '56a88781-5d11-11ec-8794-ecf4bb4d36af', '14:27', '16:27', '', '2021-12-16', '2021-12-30', '5e067c4c-5dcb-11ec-8dc6-ecf4bb4d36af', 1),
('6b8aa174-5dcb-11ec-8dc6-ecf4bb4d36af', '56a66d2d-5d11-11ec-8794-ecf4bb4d36af', '', '', '', '2021-12-16', '2021-12-17', '5e067c4c-5dcb-11ec-8dc6-ecf4bb4d36af', 0),
('72be6597-6938-11ec-8b7d-ecf4bb4d36af', '57018e37-5d11-11ec-8794-ecf4bb4d36af', '13:19', '14:20', 'vang co phep', '2021-12-30', '2021-12-30', '72987c24-654c-11ec-a6a1-ecf4bb4d36af', 0),
('733e7937-5dcb-11ec-8dc6-ecf4bb4d36af', '56a88781-5d11-11ec-8794-ecf4bb4d36af', NULL, NULL, NULL, '2021-12-16', '2021-12-16', '5e08ea3f-5dcb-11ec-8dc6-ecf4bb4d36af', 1),
('733e793c-5dcb-11ec-8dc6-ecf4bb4d36af', '56a711d9-5d11-11ec-8794-ecf4bb4d36af', '', '', '', '2021-12-16', '2021-12-16', '5e08ea3f-5dcb-11ec-8dc6-ecf4bb4d36af', 1),
('733e7e56-5dcb-11ec-8dc6-ecf4bb4d36af', '56a66d2d-5d11-11ec-8794-ecf4bb4d36af', NULL, NULL, NULL, '2021-12-16', '2021-12-16', '5e08ea3f-5dcb-11ec-8dc6-ecf4bb4d36af', 1),
('733ec020-5dcb-11ec-8dc6-ecf4bb4d36af', '56a7dd32-5d11-11ec-8794-ecf4bb4d36af', NULL, NULL, NULL, '2021-12-16', '2021-12-16', '5e08ea3f-5dcb-11ec-8dc6-ecf4bb4d36af', 1),
('835b548d-5f01-11ec-b100-ecf4bb4d36af', '56a92f52-5d11-11ec-8794-ecf4bb4d36af', '', '', '', '2021-12-17', '2021-12-17', '5e067c4c-5dcb-11ec-8dc6-ecf4bb4d36af', 1);

-- 
-- Restore previous SQL mode
-- 
/*!40101 SET SQL_MODE=@OLD_SQL_MODE */;

-- 
-- Enable foreign keys
-- 
/*!40014 SET FOREIGN_KEY_CHECKS = @OLD_FOREIGN_KEY_CHECKS */;