--
-- Script was generated by Devart dbForge Studio 2019 for MySQL, Version 8.2.23.0
-- Product home page: http://www.devart.com/dbforge/mysql/studio
-- Script date 9/5/2021 11:46:01 AM
-- Server version: 5.5.5-10.4.18-MariaDB
-- Client version: 4.1
--


-- 
-- Set SQL mode
-- 
/*!40101 SET @OLD_SQL_MODE=@@SQL_MODE, SQL_MODE='NO_AUTO_VALUE_ON_ZERO' */;

-- 
-- Set character set the client will use to send SQL statements to the server
--
SET NAMES 'utf8';

--
-- Set default database
--
USE do_an_tot_nghiep;

--
-- Drop procedure `Proc_Deletemodule`
--
DROP PROCEDURE IF EXISTS Proc_Deletemodule;

--
-- Drop procedure `Proc_Deletesubject`
--
DROP PROCEDURE IF EXISTS Proc_Deletesubject;

--
-- Drop procedure `Proc_Deleteuser`
--
DROP PROCEDURE IF EXISTS Proc_Deleteuser;

--
-- Drop procedure `Proc_GetmoduleById`
--
DROP PROCEDURE IF EXISTS Proc_GetmoduleById;

--
-- Drop procedure `Proc_Getmodules`
--
DROP PROCEDURE IF EXISTS Proc_Getmodules;

--
-- Drop procedure `Proc_GetsubjectById`
--
DROP PROCEDURE IF EXISTS Proc_GetsubjectById;

--
-- Drop procedure `Proc_Getsubjects`
--
DROP PROCEDURE IF EXISTS Proc_Getsubjects;

--
-- Drop procedure `Proc_Insertmodule`
--
DROP PROCEDURE IF EXISTS Proc_Insertmodule;

--
-- Drop procedure `Proc_Insertsubject`
--
DROP PROCEDURE IF EXISTS Proc_Insertsubject;

--
-- Drop procedure `Proc_Insertuser`
--
DROP PROCEDURE IF EXISTS Proc_Insertuser;

--
-- Drop procedure `Proc_Updatemodule`
--
DROP PROCEDURE IF EXISTS Proc_Updatemodule;

--
-- Drop procedure `Proc_Updatesubject`
--
DROP PROCEDURE IF EXISTS Proc_Updatesubject;

--
-- Drop procedure `Proc_Updateuser`
--
DROP PROCEDURE IF EXISTS Proc_Updateuser;

--
-- Drop table `user`
--
DROP TABLE IF EXISTS user;

--
-- Drop procedure `Proc_Getpermissions`
--
DROP PROCEDURE IF EXISTS Proc_Getpermissions;

--
-- Drop procedure `Proc_GetuserById`
--
DROP PROCEDURE IF EXISTS Proc_GetuserById;

--
-- Drop procedure `Proc_Getusers`
--
DROP PROCEDURE IF EXISTS Proc_Getusers;

--
-- Drop table `permission`
--
DROP TABLE IF EXISTS permission;

--
-- Drop table `attendance`
--
DROP TABLE IF EXISTS attendance;

--
-- Drop table `practiceschedule`
--
DROP TABLE IF EXISTS practiceschedule;

--
-- Drop table `practiceshift`
--
DROP TABLE IF EXISTS practiceshift;

--
-- Drop procedure `Proc_DeleteDetailModuleClass`
--
DROP PROCEDURE IF EXISTS Proc_DeleteDetailModuleClass;

--
-- Drop procedure `Proc_GetDetailModuleClass`
--
DROP PROCEDURE IF EXISTS Proc_GetDetailModuleClass;

--
-- Drop procedure `Proc_GetDetailModuleClassById`
--
DROP PROCEDURE IF EXISTS Proc_GetDetailModuleClassById;

--
-- Drop procedure `Proc_InsertDetailModuleClass`
--
DROP PROCEDURE IF EXISTS Proc_InsertDetailModuleClass;

--
-- Drop procedure `Proc_UpdateDetailModuleClass`
--
DROP PROCEDURE IF EXISTS Proc_UpdateDetailModuleClass;

--
-- Drop table `detailmoduleclass`
--
DROP TABLE IF EXISTS detailmoduleclass;

--
-- Drop procedure `Proc_Deletedetailpracticegroup`
--
DROP PROCEDURE IF EXISTS Proc_Deletedetailpracticegroup;

--
-- Drop procedure `Proc_Getdetailpracticegroup`
--
DROP PROCEDURE IF EXISTS Proc_Getdetailpracticegroup;

--
-- Drop procedure `Proc_GetdetailpracticegroupById`
--
DROP PROCEDURE IF EXISTS Proc_GetdetailpracticegroupById;

--
-- Drop procedure `Proc_Insertdetailpracticegroup`
--
DROP PROCEDURE IF EXISTS Proc_Insertdetailpracticegroup;

--
-- Drop procedure `Proc_Updatedetailpracticegroup`
--
DROP PROCEDURE IF EXISTS Proc_Updatedetailpracticegroup;

--
-- Drop table `detailpracticegroup`
--
DROP TABLE IF EXISTS detailpracticegroup;

--
-- Drop procedure `Proc_Deletestudent`
--
DROP PROCEDURE IF EXISTS Proc_Deletestudent;

--
-- Drop procedure `Proc_GetstudentById`
--
DROP PROCEDURE IF EXISTS Proc_GetstudentById;

--
-- Drop procedure `Proc_Getstudents`
--
DROP PROCEDURE IF EXISTS Proc_Getstudents;

--
-- Drop procedure `Proc_Insertstudent`
--
DROP PROCEDURE IF EXISTS Proc_Insertstudent;

--
-- Drop procedure `Proc_Updatestudent`
--
DROP PROCEDURE IF EXISTS Proc_Updatestudent;

--
-- Drop table `student`
--
DROP TABLE IF EXISTS student;

--
-- Drop procedure `Proc_Deleteclass`
--
DROP PROCEDURE IF EXISTS Proc_Deleteclass;

--
-- Drop procedure `Proc_GetclassById`
--
DROP PROCEDURE IF EXISTS Proc_GetclassById;

--
-- Drop procedure `Proc_Getclasss`
--
DROP PROCEDURE IF EXISTS Proc_Getclasss;

--
-- Drop procedure `Proc_Insertclass`
--
DROP PROCEDURE IF EXISTS Proc_Insertclass;

--
-- Drop procedure `Proc_Updateclass`
--
DROP PROCEDURE IF EXISTS Proc_Updateclass;

--
-- Drop table `class`
--
DROP TABLE IF EXISTS class;

--
-- Drop procedure `Proc_Deletecourse`
--
DROP PROCEDURE IF EXISTS Proc_Deletecourse;

--
-- Drop procedure `Proc_GetcourseById`
--
DROP PROCEDURE IF EXISTS Proc_GetcourseById;

--
-- Drop procedure `Proc_Getcourses`
--
DROP PROCEDURE IF EXISTS Proc_Getcourses;

--
-- Drop procedure `Proc_Insertcourse`
--
DROP PROCEDURE IF EXISTS Proc_Insertcourse;

--
-- Drop procedure `Proc_Updatecourse`
--
DROP PROCEDURE IF EXISTS Proc_Updatecourse;

--
-- Drop table `course`
--
DROP TABLE IF EXISTS course;

--
-- Drop procedure `Proc_Deletepracticallaboratory`
--
DROP PROCEDURE IF EXISTS Proc_Deletepracticallaboratory;

--
-- Drop procedure `Proc_GetpracticallaboratoryById`
--
DROP PROCEDURE IF EXISTS Proc_GetpracticallaboratoryById;

--
-- Drop procedure `Proc_Getpracticallaboratorys`
--
DROP PROCEDURE IF EXISTS Proc_Getpracticallaboratorys;

--
-- Drop procedure `Proc_Insertpracticallaboratory`
--
DROP PROCEDURE IF EXISTS Proc_Insertpracticallaboratory;

--
-- Drop procedure `Proc_Updatepracticallaboratory`
--
DROP PROCEDURE IF EXISTS Proc_Updatepracticallaboratory;

--
-- Drop table `practicallaboratory`
--
DROP TABLE IF EXISTS practicallaboratory;

--
-- Drop procedure `Proc_Deletebuilding`
--
DROP PROCEDURE IF EXISTS Proc_Deletebuilding;

--
-- Drop procedure `Proc_GetbuildingById`
--
DROP PROCEDURE IF EXISTS Proc_GetbuildingById;

--
-- Drop procedure `Proc_Getbuildings`
--
DROP PROCEDURE IF EXISTS Proc_Getbuildings;

--
-- Drop procedure `Proc_Insertbuilding`
--
DROP PROCEDURE IF EXISTS Proc_Insertbuilding;

--
-- Drop procedure `Proc_Updatebuilding`
--
DROP PROCEDURE IF EXISTS Proc_Updatebuilding;

--
-- Drop table `building`
--
DROP TABLE IF EXISTS building;

--
-- Drop procedure `Proc_Deletemajors`
--
DROP PROCEDURE IF EXISTS Proc_Deletemajors;

--
-- Drop procedure `Proc_GetmajorsById`
--
DROP PROCEDURE IF EXISTS Proc_GetmajorsById;

--
-- Drop procedure `Proc_Getmajorss`
--
DROP PROCEDURE IF EXISTS Proc_Getmajorss;

--
-- Drop procedure `Proc_Insertmajors`
--
DROP PROCEDURE IF EXISTS Proc_Insertmajors;

--
-- Drop procedure `Proc_Updatemajors`
--
DROP PROCEDURE IF EXISTS Proc_Updatemajors;

--
-- Drop table `majors`
--
DROP TABLE IF EXISTS majors;

--
-- Drop procedure `Proc_Deleteology`
--
DROP PROCEDURE IF EXISTS Proc_Deleteology;

--
-- Drop procedure `Proc_GetologyById`
--
DROP PROCEDURE IF EXISTS Proc_GetologyById;

--
-- Drop procedure `Proc_Getologys`
--
DROP PROCEDURE IF EXISTS Proc_Getologys;

--
-- Drop procedure `Proc_Insertology`
--
DROP PROCEDURE IF EXISTS Proc_Insertology;

--
-- Drop procedure `Proc_Updateology`
--
DROP PROCEDURE IF EXISTS Proc_Updateology;

--
-- Drop table `ology`
--
DROP TABLE IF EXISTS ology;

--
-- Drop procedure `Proc_Deletepracticegroup`
--
DROP PROCEDURE IF EXISTS Proc_Deletepracticegroup;

--
-- Drop procedure `Proc_FindPracticeGroup`
--
DROP PROCEDURE IF EXISTS Proc_FindPracticeGroup;

--
-- Drop procedure `Proc_Getpracticegroup`
--
DROP PROCEDURE IF EXISTS Proc_Getpracticegroup;

--
-- Drop procedure `Proc_GetpracticegroupById`
--
DROP PROCEDURE IF EXISTS Proc_GetpracticegroupById;

--
-- Drop procedure `Proc_Getpracticegroups`
--
DROP PROCEDURE IF EXISTS Proc_Getpracticegroups;

--
-- Drop procedure `Proc_Insertpracticegroup`
--
DROP PROCEDURE IF EXISTS Proc_Insertpracticegroup;

--
-- Drop procedure `Proc_Updatepracticegroup`
--
DROP PROCEDURE IF EXISTS Proc_Updatepracticegroup;

--
-- Drop table `practicegroup`
--
DROP TABLE IF EXISTS practicegroup;

--
-- Drop procedure `Proc_Deletemoduleclass`
--
DROP PROCEDURE IF EXISTS Proc_Deletemoduleclass;

--
-- Drop procedure `Proc_FindModuleClass`
--
DROP PROCEDURE IF EXISTS Proc_FindModuleClass;

--
-- Drop procedure `Proc_GetmoduleclassById`
--
DROP PROCEDURE IF EXISTS Proc_GetmoduleclassById;

--
-- Drop procedure `Proc_Getmoduleclasss`
--
DROP PROCEDURE IF EXISTS Proc_Getmoduleclasss;

--
-- Drop procedure `Proc_GetTeacher`
--
DROP PROCEDURE IF EXISTS Proc_GetTeacher;

--
-- Drop procedure `Proc_Insertmoduleclass`
--
DROP PROCEDURE IF EXISTS Proc_Insertmoduleclass;

--
-- Drop procedure `Proc_Updatemoduleclass`
--
DROP PROCEDURE IF EXISTS Proc_Updatemoduleclass;

--
-- Drop table `moduleclass`
--
DROP TABLE IF EXISTS moduleclass;

--
-- Drop procedure `Proc_Deleteschoolyear`
--
DROP PROCEDURE IF EXISTS Proc_Deleteschoolyear;

--
-- Drop procedure `Proc_GetschoolyearById`
--
DROP PROCEDURE IF EXISTS Proc_GetschoolyearById;

--
-- Drop procedure `Proc_Getschoolyears`
--
DROP PROCEDURE IF EXISTS Proc_Getschoolyears;

--
-- Drop procedure `Proc_Insertschoolyear`
--
DROP PROCEDURE IF EXISTS Proc_Insertschoolyear;

--
-- Drop procedure `Proc_Updateschoolyear`
--
DROP PROCEDURE IF EXISTS Proc_Updateschoolyear;

--
-- Drop table `schoolyear`
--
DROP TABLE IF EXISTS schoolyear;

--
-- Drop procedure `Proc_GetsemesterById`
--
DROP PROCEDURE IF EXISTS Proc_GetsemesterById;

--
-- Drop procedure `Proc_Getsemesters`
--
DROP PROCEDURE IF EXISTS Proc_Getsemesters;

--
-- Drop table `semester`
--
DROP TABLE IF EXISTS semester;

--
-- Drop table `module`
--
DROP TABLE IF EXISTS module;

--
-- Drop procedure `Proc_Deleteteacher`
--
DROP PROCEDURE IF EXISTS Proc_Deleteteacher;

--
-- Drop procedure `Proc_GetteacherById`
--
DROP PROCEDURE IF EXISTS Proc_GetteacherById;

--
-- Drop procedure `Proc_Getteachers`
--
DROP PROCEDURE IF EXISTS Proc_Getteachers;

--
-- Drop procedure `Proc_Insertteacher`
--
DROP PROCEDURE IF EXISTS Proc_Insertteacher;

--
-- Drop procedure `Proc_Updateteacher`
--
DROP PROCEDURE IF EXISTS Proc_Updateteacher;

--
-- Drop table `teacher`
--
DROP TABLE IF EXISTS teacher;

--
-- Drop table `subject`
--
DROP TABLE IF EXISTS subject;

--
-- Set default database
--
USE do_an_tot_nghiep;

--
-- Create table `subject`
--
CREATE TABLE subject (
  SubjectID char(36) NOT NULL COMMENT 'Khóa chính',
  SubjectName varchar(255) NOT NULL DEFAULT '' COMMENT 'Tên bộ môn',
  CreatedDate datetime DEFAULT NULL,
  ModifiedDate datetime DEFAULT NULL,
  PRIMARY KEY (SubjectID)
)
ENGINE = INNODB,
AVG_ROW_LENGTH = 3276,
CHARACTER SET utf8,
COLLATE utf8_general_ci,
COMMENT = 'Bảng bộ môn';

--
-- Create table `teacher`
--
CREATE TABLE teacher (
  TeacherID char(36) NOT NULL COMMENT 'Khóa chính',
  FullName varchar(255) NOT NULL DEFAULT '' COMMENT 'Tên giáo viên',
  PhoneNumber varchar(255) NOT NULL COMMENT 'Số điện thoại',
  Email varchar(255) NOT NULL COMMENT 'Email',
  SubjectID char(36) NOT NULL COMMENT 'Khóa chính bộ môn',
  CreatedDate datetime DEFAULT NULL,
  ModifiedDate datetime DEFAULT NULL,
  PRIMARY KEY (TeacherID)
)
ENGINE = INNODB,
AVG_ROW_LENGTH = 165,
CHARACTER SET utf8,
COLLATE utf8_general_ci,
COMMENT = 'Bảng giảng viên';

--
-- Create foreign key
--
ALTER TABLE teacher
ADD CONSTRAINT FK_Teacher_SubjectID FOREIGN KEY (SubjectID)
REFERENCES subject (SubjectID) ON DELETE CASCADE ON UPDATE CASCADE;

DELIMITER $$

--
-- Create procedure `Proc_Updateteacher`
--
CREATE PROCEDURE Proc_Updateteacher (IN TeacherId char(36), IN FullName char(36), IN PhoneNumber varchar(255), IN Email varchar(255), IN SubjectID char(36))
SQL SECURITY INVOKER
BEGIN
  UPDATE teacher t
  SET t.FullName = FullName,
      t.PhoneNumber = PhoneNumber,
      t.Email = Email,
      t.SubjectID = SubjectID,
      t.CreatedDate = NOW(),
      t.ModifiedDate = NOW()
  WHERE t.TeacherID = TeacherId;
END
$$

--
-- Create procedure `Proc_Insertteacher`
--
CREATE PROCEDURE Proc_Insertteacher (IN FullName char(36), IN PhoneNumber varchar(255), IN Email varchar(255), IN SubjectID char(36))
SQL SECURITY INVOKER
BEGIN
  INSERT INTO teacher (TeacherID, FullName, PhoneNumber, Email, SubjectID, CreatedDate, ModifiedDate)
    VALUES (UUID(), FullName, PhoneNumber, Email, SubjectID, NOW(), NOW());

END
$$

--
-- Create procedure `Proc_Getteachers`
--
CREATE PROCEDURE Proc_Getteachers ()
SQL SECURITY INVOKER
BEGIN
  SELECT
    t.TeacherID,
    t.FullName,
    t.PhoneNumber,
    t.Email,
    t.SubjectID,
    t.CreatedDate,
    t.ModifiedDate,
    s.SubjectName
  FROM teacher t
    LEFT JOIN subject s
      ON t.SubjectID = s.SubjectID
  ORDER BY t.CreatedDate DESC;
END
$$

--
-- Create procedure `Proc_GetteacherById`
--
CREATE PROCEDURE Proc_GetteacherById (IN teacherId char(36))
SQL SECURITY INVOKER
BEGIN
  SELECT
    t.TeacherID,
    t.FullName,
    t.PhoneNumber,
    t.Email,
    t.SubjectID,
    t.CreatedDate,
    t.ModifiedDate,
    s.SubjectName
  FROM teacher t
    LEFT JOIN subject s
      ON t.SubjectID = s.SubjectID
  WHERE t.TeacherID = teacherId
  ORDER BY t.CreatedDate DESC;
END
$$

--
-- Create procedure `Proc_Deleteteacher`
--
CREATE PROCEDURE Proc_Deleteteacher (IN teacherId char(36))
SQL SECURITY INVOKER
BEGIN
  DELETE
    FROM teacher
  WHERE teacher.TeacherID = teacherId;

END
$$

DELIMITER ;

--
-- Create table `module`
--
CREATE TABLE module (
  ModuleID char(36) NOT NULL COMMENT 'Khóa chính',
  ModuleCode varchar(20) NOT NULL DEFAULT '' COMMENT 'Mã học phần',
  ModuleName varchar(255) NOT NULL DEFAULT '' COMMENT 'Tên học phần',
  NumberOfModule float NOT NULL DEFAULT 0 COMMENT 'Số tín chỉ',
  Theory float NOT NULL DEFAULT 0 COMMENT 'Số tín chỉ LT',
  Practice float NOT NULL DEFAULT 0 COMMENT 'Số tín chỉ TH',
  BigExercise float NOT NULL DEFAULT 0 COMMENT 'Số tín chỉ TL-BTL-DA',
  SubjectID char(36) NOT NULL COMMENT 'Khóa chính bộ môn',
  CreatedDate datetime DEFAULT NULL,
  ModifiedDate datetime DEFAULT NULL,
  PRIMARY KEY (ModuleID)
)
ENGINE = INNODB,
AVG_ROW_LENGTH = 287,
CHARACTER SET utf8,
COLLATE utf8_general_ci,
COMMENT = 'Bảng học phần';

--
-- Create foreign key
--
ALTER TABLE module
ADD CONSTRAINT FK_Module_SubjectID FOREIGN KEY (SubjectID)
REFERENCES subject (SubjectID) ON DELETE CASCADE ON UPDATE CASCADE;

--
-- Create table `semester`
--
CREATE TABLE semester (
  SemesterID char(36) NOT NULL COMMENT 'Khóa chính học kỳ',
  SemesterName varchar(255) NOT NULL COMMENT 'Tên học kỳ',
  CreatedDate datetime DEFAULT NULL,
  ModifiedDate datetime DEFAULT NULL,
  PRIMARY KEY (SemesterID)
)
ENGINE = INNODB,
AVG_ROW_LENGTH = 8192,
CHARACTER SET utf8,
COLLATE utf8_general_ci,
COMMENT = 'Bảng Học Kỳ';

DELIMITER $$

--
-- Create procedure `Proc_Getsemesters`
--
CREATE PROCEDURE Proc_Getsemesters ()
SQL SECURITY INVOKER
BEGIN
  SELECT
    s.SemesterID,
    s.SemesterName
  FROM semester s
  ORDER BY s.CreatedDate DESC;
END
$$

--
-- Create procedure `Proc_GetsemesterById`
--
CREATE DEFINER = 'root'@'localhost'
PROCEDURE Proc_GetsemesterById (IN SemesterID char(36))
BEGIN
  SELECT
    *
  FROM semester s
  WHERE s.SemesterID = SemesterID;
END
$$

DELIMITER ;

--
-- Create table `schoolyear`
--
CREATE TABLE schoolyear (
  SchoolYearID char(36) NOT NULL COMMENT 'Khóa chính năm học',
  SchoolYearName varchar(255) NOT NULL COMMENT 'Tên năm học',
  CreatedDate datetime DEFAULT NULL,
  ModifiedDate datetime DEFAULT NULL,
  PRIMARY KEY (SchoolYearID)
)
ENGINE = INNODB,
AVG_ROW_LENGTH = 3276,
CHARACTER SET utf8,
COLLATE utf8_general_ci,
COMMENT = 'Bảng năm học ';

DELIMITER $$

--
-- Create procedure `Proc_Updateschoolyear`
--
CREATE PROCEDURE Proc_Updateschoolyear (IN SchoolYearID char(36), IN SchoolYearName varchar(255))
SQL SECURITY INVOKER
BEGIN
  UPDATE schoolyear s
  SET s.SchoolYearName = SchoolYearName,
      s.CreatedDate = NOW(),
      s.ModifiedDate = NOW()
  WHERE s.SchoolYearID = SchoolYearID;
END
$$

--
-- Create procedure `Proc_Insertschoolyear`
--
CREATE PROCEDURE Proc_Insertschoolyear (IN SchoolYearName varchar(255))
SQL SECURITY INVOKER
BEGIN
  INSERT INTO schoolyear (SchoolYearID, SchoolYearName, CreatedDate, ModifiedDate)
    VALUES (UUID(), SchoolYearName, NOW(), NOW());

END
$$

--
-- Create procedure `Proc_Getschoolyears`
--
CREATE PROCEDURE Proc_Getschoolyears ()
SQL SECURITY INVOKER
COMMENT 'Bảng năm học'
BEGIN
  SELECT
    *
  FROM schoolyear s
  ORDER BY s.CreatedDate DESC;
END
$$

--
-- Create procedure `Proc_GetschoolyearById`
--
CREATE PROCEDURE Proc_GetschoolyearById (IN SchoolYearID char(36))
SQL SECURITY INVOKER
BEGIN
  SELECT
    *
  FROM schoolyear s
  WHERE s.SchoolYearID = SchoolYearID;
END
$$

--
-- Create procedure `Proc_Deleteschoolyear`
--
CREATE PROCEDURE Proc_Deleteschoolyear (IN SchoolYearID char(36))
SQL SECURITY INVOKER
BEGIN
  DELETE
    FROM schoolyear
  WHERE schoolyear.SchoolYearID = SchoolYearID;

END
$$

DELIMITER ;

--
-- Create table `moduleclass`
--
CREATE TABLE moduleclass (
  ModuleClassID char(36) NOT NULL COMMENT 'Khóa chính',
  ModuleClassCode varchar(20) NOT NULL DEFAULT '' COMMENT 'Mã lớp học phần',
  TeacherID char(36) NOT NULL COMMENT 'Khóa chính lớp học phần',
  ModuleID char(36) NOT NULL,
  Status int(11) NOT NULL COMMENT '0 là chưa học - 1 là đang học - 2 là đã kết thúc',
  StartTime date NOT NULL COMMENT 'Bắt đầu',
  EndTime date NOT NULL COMMENT 'Kết thúc',
  CreatedDate datetime DEFAULT NULL,
  ModifiedDate datetime DEFAULT NULL,
  SemesterID char(36) NOT NULL COMMENT 'Khóa chính học kỳ',
  SchoolYearID char(36) NOT NULL COMMENT 'Khóa chính năm học',
  PRIMARY KEY (ModuleClassID)
)
ENGINE = INNODB,
AVG_ROW_LENGTH = 315,
CHARACTER SET utf8,
COLLATE utf8_general_ci,
COMMENT = 'Bảng lớp học phần';

--
-- Create index `FK_moduleclass_SchoolYearID2` on table `moduleclass`
--
ALTER TABLE moduleclass
ADD INDEX FK_moduleclass_SchoolYearID2 (SchoolYearID);

--
-- Create index `FK_moduleclass_TeacherID2` on table `moduleclass`
--
ALTER TABLE moduleclass
ADD INDEX FK_moduleclass_TeacherID2 (TeacherID);

--
-- Create foreign key
--
ALTER TABLE moduleclass
ADD CONSTRAINT FK_moduleclass_ModuleID FOREIGN KEY (ModuleID)
REFERENCES module (ModuleID) ON DELETE CASCADE ON UPDATE CASCADE;

--
-- Create foreign key
--
ALTER TABLE moduleclass
ADD CONSTRAINT FK_moduleclass_SchoolYearID FOREIGN KEY (SchoolYearID)
REFERENCES schoolyear (SchoolYearID) ON DELETE CASCADE ON UPDATE CASCADE;

--
-- Create foreign key
--
ALTER TABLE moduleclass
ADD CONSTRAINT FK_moduleclass_SemesterID FOREIGN KEY (SemesterID)
REFERENCES semester (SemesterID) ON DELETE CASCADE ON UPDATE CASCADE;

--
-- Create foreign key
--
ALTER TABLE moduleclass
ADD CONSTRAINT FK_moduleclass_TeacherID FOREIGN KEY (TeacherID)
REFERENCES teacher (TeacherID) ON DELETE CASCADE ON UPDATE CASCADE;

DELIMITER $$

--
-- Create procedure `Proc_Updatemoduleclass`
--
CREATE PROCEDURE Proc_Updatemoduleclass (IN ModuleClassCode varchar(20), IN ModuleID char(36), IN SemesterID char(36), IN Status int, IN StartTime date, IN EndTime date, IN ModuleClassID char(36), IN SchoolYearID char(36), IN TeacherID char(36))
SQL SECURITY INVOKER
BEGIN
  UPDATE moduleclass m
  SET m.ModuleClassCode = ModuleClassCode,
      m.ModuleID = ModuleID,
      m.SemesterID = SemesterID,
      m.Status = Status,
      m.StartTime = StartTime,
      m.EndTime = EndTime,
      m.TeacherID = TeacherID,
      m.SchoolYearID = SchoolYearID,
      m.CreatedDate = NOW(),
      m.ModifiedDate = NOW()
  WHERE m.ModuleClassID = ModuleClassID;
END
$$

--
-- Create procedure `Proc_Insertmoduleclass`
--
CREATE PROCEDURE Proc_Insertmoduleclass (IN ModuleClassCode varchar(20), IN ModuleID char(36), IN SemesterID char(36), IN Status int, IN StartTime date, IN EndTime date, IN SchoolYearID char(36), IN TeacherID char(36), IN ModuleCode varchar(20))
SQL SECURITY INVOKER
BEGIN
  DECLARE ID char(36);
  IF ModuleCode IS NOT NULL THEN
    SET ID = (SELECT
        m.ModuleID
      FROM module m
      WHERE m.ModuleCode = ModuleCode);
    INSERT INTO moduleclass (ModuleClassID, ModuleClassCode, ModuleID, TeacherID, SemesterID, SchoolYearID, Status, StartTime, EndTime, CreatedDate, ModifiedDate)
      VALUES (UUID(), ModuleClassCode, ID, TeacherID, SemesterID, SchoolYearID, Status, StartTime, EndTime, NOW(), NOW());
  ELSEIF ModuleCode IS NULL THEN
    INSERT INTO moduleclass (ModuleClassID, ModuleClassCode, ModuleID, TeacherID, SemesterID, SchoolYearID, Status, StartTime, EndTime, CreatedDate, ModifiedDate)
      VALUES (UUID(), ModuleClassCode, ModuleID, TeacherID, SemesterID, SchoolYearID, Status, StartTime, EndTime, NOW(), NOW());
  END IF;
END
$$

--
-- Create procedure `Proc_GetTeacher`
--
CREATE PROCEDURE Proc_GetTeacher (IN ID char(36))
SQL SECURITY INVOKER
BEGIN
  SELECT
    t.TeacherID,
    t.FullName
  FROM teacher t
    LEFT JOIN subject s
      ON t.SubjectID = s.SubjectID
    LEFT JOIN module m
      ON s.SubjectID = m.SubjectID
    LEFT JOIN moduleclass m1
      ON m.ModuleID = m1.ModuleID
  WHERE m1.ModuleClassID = ID;
END
$$

--
-- Create procedure `Proc_Getmoduleclasss`
--
CREATE PROCEDURE Proc_Getmoduleclasss ()
SQL SECURITY INVOKER
BEGIN
  SELECT
    m.ModuleClassID,
    m.ModuleClassCode,
    m.ModuleID,
    m.Status,
    m.StartTime,
    m.EndTime,
    m1.ModuleName,
    s.SemesterName,
    s1.SchoolYearName,
    t.FullName,
    m.TeacherID,
    m.SchoolYearID,
    m.SemesterID,
    m.CreatedDate,
    m.ModifiedDate
  FROM moduleclass m
    LEFT JOIN module m1
      ON m.ModuleID = m1.ModuleID
    LEFT JOIN teacher t
      ON m.TeacherID = t.TeacherID
    LEFT JOIN semester s
      ON m.SemesterID = s.SemesterID
    LEFT JOIN schoolyear s1
      ON m.SchoolYearID = s1.SchoolYearID
  ORDER BY m.CreatedDate DESC;
END
$$

--
-- Create procedure `Proc_GetmoduleclassById`
--
CREATE PROCEDURE Proc_GetmoduleclassById (IN moduleclassId char(36))
SQL SECURITY INVOKER
BEGIN
  SELECT
    m.ModuleClassID,
    m.ModuleClassCode,
    m.ModuleID,
    m.Status,
    m.StartTime,
    m.EndTime,
    m.TeacherID,
    m.SchoolYearID,
    m.SemesterID,
    m1.ModuleName,
    t.FullName,
    s.SemesterName,
    s1.SchoolYearName,
    m.CreatedDate,
    m.ModifiedDate
  FROM moduleclass m
    LEFT JOIN module m1
      ON m.ModuleID = m1.ModuleID
    LEFT JOIN teacher t
      ON m.TeacherID = t.TeacherID
    LEFT JOIN semester s
      ON m.SemesterID = s.SemesterID
    LEFT JOIN schoolyear s1
      ON m.SchoolYearID = s1.SchoolYearID
  WHERE m.ModuleClassID = moduleclassId;
END
$$

--
-- Create procedure `Proc_FindModuleClass`
--
CREATE PROCEDURE Proc_FindModuleClass (IN ID char(36))
SQL SECURITY INVOKER
BEGIN
  SELECT
    m1.ModuleClassID,
    m.ModuleName,
    m.NumberOfModule,
    m.ModuleCode,
    m1.ModuleClassCode,
    m1.TeacherID,
    s.SubjectName,
    t.FullName
  FROM module m
    LEFT JOIN moduleclass m1
      ON m.ModuleID = m1.ModuleID
    LEFT JOIN subject s
      ON m.SubjectID = s.SubjectID
    LEFT JOIN teacher t
      ON m1.TeacherID = t.TeacherID

  WHERE m1.ModuleClassID = ID;
END
$$

--
-- Create procedure `Proc_Deletemoduleclass`
--
CREATE PROCEDURE Proc_Deletemoduleclass (IN moduleclassId char(36))
SQL SECURITY INVOKER
BEGIN
  DELETE
    FROM moduleclass
  WHERE moduleclass.ModuleClassID = moduleclassId;

END
$$

DELIMITER ;

--
-- Create table `practicegroup`
--
CREATE TABLE practicegroup (
  PracticeGroupID char(36) NOT NULL COMMENT 'Khóa chính',
  PracticeGroupCode varchar(20) NOT NULL DEFAULT '' COMMENT 'Mã nhóm',
  ModuleClassID char(36) NOT NULL COMMENT 'Khóa chính lớp học phần',
  PracticeGroupName varchar(255) NOT NULL COMMENT 'Tên nhóm',
  TeacherID char(36) NOT NULL COMMENT 'Giảng viên',
  Note varchar(255) DEFAULT NULL COMMENT 'Ghi chú',
  CreatedDate datetime DEFAULT NULL,
  ModifiedDate datetime DEFAULT NULL,
  PRIMARY KEY (PracticeGroupID)
)
ENGINE = INNODB,
AVG_ROW_LENGTH = 297,
CHARACTER SET utf8,
COLLATE utf8_general_ci,
COMMENT = 'Bảng nhóm thực hành';

--
-- Create foreign key
--
ALTER TABLE practicegroup
ADD CONSTRAINT FK_practicegroup_ModuleClassID FOREIGN KEY (ModuleClassID)
REFERENCES moduleclass (ModuleClassID) ON DELETE CASCADE ON UPDATE CASCADE;

--
-- Create foreign key
--
ALTER TABLE practicegroup
ADD CONSTRAINT FK_practicegroup_TeacherID FOREIGN KEY (TeacherID)
REFERENCES teacher (TeacherID) ON DELETE CASCADE ON UPDATE CASCADE;

DELIMITER $$

--
-- Create procedure `Proc_Updatepracticegroup`
--
CREATE PROCEDURE Proc_Updatepracticegroup (IN PracticeGroupCode varchar(20), IN ModuleClassID char(36), IN PracticeGroupName varchar(255), IN TeacherID char(36), IN Note varchar(255), IN PracticeGroupID char(36))
SQL SECURITY INVOKER
BEGIN
  UPDATE practicegroup p
  SET p.PracticeGroupCode = PracticeGroupCode,
      p.PracticeGroupName = PracticeGroupName,
      p.ModuleClassID = ModuleClassID,
      p.TeacherID = TeacherID,
      p.Note = Note,
      p.CreatedDate = NOW(),
      p.ModifiedDate = NOW()
  WHERE p.PracticeGroupID = PracticeGroupID;
END
$$

--
-- Create procedure `Proc_Insertpracticegroup`
--
CREATE PROCEDURE Proc_Insertpracticegroup (IN PracticeGroupCode varchar(20), IN ModuleClassID char(36), IN PracticeGroupName varchar(255), IN TeacherID char(36), IN Note varchar(255))
SQL SECURITY INVOKER
BEGIN
  INSERT HIGH_PRIORITY INTO practicegroup (PracticeGroupID, PracticeGroupCode, PracticeGroupName, ModuleClassID, TeacherID, Note, CreatedDate, ModifiedDate)
    VALUES (UUID(), PracticeGroupCode, PracticeGroupName, ModuleClassID, TeacherID, Note, NOW(), NOW());

END
$$

--
-- Create procedure `Proc_Getpracticegroups`
--
CREATE PROCEDURE Proc_Getpracticegroups ()
SQL SECURITY INVOKER
BEGIN
  SELECT
    p.PracticeGroupID,
    p.PracticeGroupCode,
    p.ModuleClassID,
    p.PracticeGroupName,
    t.FullName,
    p.Note,
    p.CreatedDate,
    p.ModifiedDate,

    m.ModuleClassCode
  FROM practicegroup p
    LEFT JOIN moduleclass m
      ON p.ModuleClassID = m.ModuleClassID
    LEFT JOIN teacher t
      ON p.TeacherID = t.TeacherID
  ORDER BY p.CreatedDate DESC;
END
$$

--
-- Create procedure `Proc_GetpracticegroupById`
--
CREATE PROCEDURE Proc_GetpracticegroupById (IN practicegroupID char(36))
SQL SECURITY INVOKER
BEGIN
  SELECT
    p.PracticeGroupID,
    p.PracticeGroupCode,
    p.ModuleClassID,
    p.PracticeGroupName,
    p.TeacherID,
    t.FullName,
    p.Note,
    p.CreatedDate,
    p.ModifiedDate,

    m.ModuleClassCode
  FROM practicegroup p
    LEFT JOIN moduleclass m
      ON p.ModuleClassID = m.ModuleClassID
    LEFT JOIN teacher t
      ON p.TeacherID = t.TeacherID
  WHERE p.PracticeGroupID = practicegroupID
  ORDER BY p.CreatedDate OR p.ModifiedDate DESC;
END
$$

--
-- Create procedure `Proc_Getpracticegroup`
--
CREATE PROCEDURE Proc_Getpracticegroup (IN ID char(36))
SQL SECURITY INVOKER
BEGIN
  SELECT
    p.PracticeGroupID,
    p.PracticeGroupCode,
    p.ModuleClassID,
    p.PracticeGroupName,
    p.Note,
    t.FullName,
    p.CreatedDate,
    p.ModifiedDate,

    m.ModuleClassCode,
    t.FullName
  FROM practicegroup p
    LEFT JOIN moduleclass m
      ON p.ModuleClassID = m.ModuleClassID
    LEFT JOIN teacher t
      ON p.TeacherID = t.TeacherID
  WHERE p.ModuleClassID = ID
  ORDER BY p.CreatedDate DESC;
END
$$

--
-- Create procedure `Proc_FindPracticeGroup`
--
CREATE PROCEDURE Proc_FindPracticeGroup (IN ID char(36))
SQL SECURITY INVOKER
BEGIN
  SELECT
    p.PracticeGroupID,
    p.PracticeGroupCode,
    p.ModuleClassID,
    p.PracticeGroupName,
    p.Note,
    p.CreatedDate,
    p.ModifiedDate,
    m.ModuleClassCode,
    m1.ModuleName,
    s.SubjectName,
    t.FullName,
    p.TeacherID
  FROM practicegroup p
    LEFT JOIN moduleclass m
      ON p.ModuleClassID = m.ModuleClassID
    LEFT JOIN module m1
      ON m.ModuleID = m1.ModuleID
    LEFT JOIN subject s
      ON m1.SubjectID = s.SubjectID
    LEFT JOIN teacher t
      ON p.TeacherID = t.TeacherID
  WHERE p.PracticeGroupID = ID;
END
$$

--
-- Create procedure `Proc_Deletepracticegroup`
--
CREATE PROCEDURE Proc_Deletepracticegroup (IN practicegroupID char(36))
SQL SECURITY INVOKER
BEGIN
  DELETE
    FROM practicegroup
  WHERE practicegroup.PracticeGroupID = practicegroupID;

END
$$

DELIMITER ;

--
-- Create table `ology`
--
CREATE TABLE ology (
  OlogyID char(36) NOT NULL COMMENT 'Khóa chính',
  OlogyName varchar(255) NOT NULL DEFAULT '' COMMENT 'Tên khoa',
  CreatedDate datetime DEFAULT NULL,
  ModifiedDate datetime DEFAULT NULL,
  PRIMARY KEY (OlogyID)
)
ENGINE = INNODB,
AVG_ROW_LENGTH = 3276,
CHARACTER SET utf8,
COLLATE utf8_general_ci,
COMMENT = 'Bảng khoa quản lý';

DELIMITER $$

--
-- Create procedure `Proc_Updateology`
--
CREATE PROCEDURE Proc_Updateology (IN OlogyID char(36), IN OlogyName varchar(255))
SQL SECURITY INVOKER
BEGIN
  UPDATE ology o
  SET o.OlogyName = OlogyName,
      o.CreatedDate = NOW(),
      o.ModifiedDate = NOW()
  WHERE o.OlogyID = OlogyID;
END
$$

--
-- Create procedure `Proc_Insertology`
--
CREATE PROCEDURE Proc_Insertology (IN OlogyName varchar(255))
SQL SECURITY INVOKER
BEGIN
  INSERT INTO ology (OlogyID, OlogyName, CreatedDate, ModifiedDate)
    VALUES (UUID(), OlogyName, NOW(), NOW());

END
$$

--
-- Create procedure `Proc_Getologys`
--
CREATE PROCEDURE Proc_Getologys ()
SQL SECURITY INVOKER
BEGIN
  SELECT
    o.OlogyID,
    o.OlogyName
  FROM ology o
  ORDER BY o.CreatedDate DESC;
END
$$

--
-- Create procedure `Proc_GetologyById`
--
CREATE PROCEDURE Proc_GetologyById (IN ologyId varchar(255))
SQL SECURITY INVOKER
BEGIN
  SELECT
    *
  FROM ology o
  WHERE o.OlogyID = ologyId;
END
$$

--
-- Create procedure `Proc_Deleteology`
--
CREATE PROCEDURE Proc_Deleteology (IN ologyId char(36))
SQL SECURITY INVOKER
BEGIN
  DELETE
    FROM ology
  WHERE ology.OlogyID = ologyId;
END
$$

DELIMITER ;

--
-- Create table `majors`
--
CREATE TABLE majors (
  MajorsID char(36) NOT NULL COMMENT 'Khóa chính',
  MajorsCode varchar(20) NOT NULL DEFAULT '' COMMENT 'Mã ngành',
  MajorsName varchar(255) NOT NULL DEFAULT '' COMMENT 'Tên ngành',
  OlogyID char(36) NOT NULL COMMENT 'Khóa chính khoa',
  CreatedDate datetime DEFAULT NULL,
  ModifiedDate datetime DEFAULT NULL,
  PRIMARY KEY (MajorsID)
)
ENGINE = INNODB,
AVG_ROW_LENGTH = 4096,
CHARACTER SET utf8,
COLLATE utf8_general_ci,
COMMENT = 'Bảng chuyên ngành';

--
-- Create index `UK_majors_MajorsCode` on table `majors`
--
ALTER TABLE majors
ADD UNIQUE INDEX UK_majors_MajorsCode (MajorsCode);

--
-- Create foreign key
--
ALTER TABLE majors
ADD CONSTRAINT FK_majors_OlogyID FOREIGN KEY (OlogyID)
REFERENCES ology (OlogyID) ON DELETE CASCADE ON UPDATE CASCADE;

DELIMITER $$

--
-- Create procedure `Proc_Updatemajors`
--
CREATE PROCEDURE Proc_Updatemajors (IN MajorsID varchar(255), IN MajorsCode varchar(20), IN MajorsName varchar(255), IN OlogyID char(36))
SQL SECURITY INVOKER
BEGIN
  UPDATE majors m
  SET m.MajorsCode = MajorsCode,
      m.MajorsName = MajorsName,
      m.OlogyID = OlogyID,
      m.CreatedDate = NOW(),
      m.ModifiedDate = NOW()
  WHERE m.MajorsID = MajorsID;
END
$$

--
-- Create procedure `Proc_Insertmajors`
--
CREATE PROCEDURE Proc_Insertmajors (IN MajorsCode varchar(20), IN MajorsName varchar(255), IN OlogyID char(36))
SQL SECURITY INVOKER
BEGIN
  INSERT INTO majors (MajorsID, MajorsCode, MajorsName, OlogyID, CreatedDate, ModifiedDate)
    VALUES (UUID(), MajorsCode, MajorsName, OlogyID, NOW(), NOW());

END
$$

--
-- Create procedure `Proc_Getmajorss`
--
CREATE PROCEDURE Proc_Getmajorss ()
SQL SECURITY INVOKER
BEGIN
  SELECT
    m.MajorsID,
    m.MajorsCode,
    m.MajorsName,
    m.OlogyID,
    o.OlogyName
  FROM majors m
    LEFT JOIN ology o
      ON m.OlogyID = o.OlogyID
  ORDER BY m.CreatedDate DESC;
END
$$

--
-- Create procedure `Proc_GetmajorsById`
--
CREATE PROCEDURE Proc_GetmajorsById (IN majorsId char(36))
SQL SECURITY INVOKER
BEGIN
  SELECT
    m.MajorsID,
    m.MajorsCode,
    m.MajorsName,
    m.OlogyID,
    o.OlogyName
  FROM majors m
    LEFT JOIN ology o
      ON m.OlogyID = o.OlogyID
  WHERE m.MajorsID = majorsId;
END
$$

--
-- Create procedure `Proc_Deletemajors`
--
CREATE PROCEDURE Proc_Deletemajors (IN majorsId char(36))
SQL SECURITY INVOKER
NO SQL
BEGIN
  DELETE
    FROM majors
  WHERE majors.MajorsID = majorsId;

END
$$

DELIMITER ;

--
-- Create table `building`
--
CREATE TABLE building (
  BuildingID char(36) NOT NULL COMMENT 'Khóa chính',
  BuildingName varchar(255) NOT NULL DEFAULT '' COMMENT 'Tên toà nhà',
  BaseBuilding varchar(255) NOT NULL DEFAULT '' COMMENT 'Tên cơ sở (1,2,3)',
  CreatedDate datetime DEFAULT NULL,
  ModifiedDate datetime DEFAULT NULL,
  PRIMARY KEY (BuildingID)
)
ENGINE = INNODB,
AVG_ROW_LENGTH = 327,
CHARACTER SET utf8,
COLLATE utf8_general_ci,
COMMENT = 'Bảng toà nhà';

DELIMITER $$

--
-- Create procedure `Proc_Updatebuilding`
--
CREATE PROCEDURE Proc_Updatebuilding (IN BuildingID char(36), IN BuildingName varchar(255), IN BaseBuilding varchar(255))
SQL SECURITY INVOKER
BEGIN
  UPDATE building b
  SET b.BuildingName = BuildingName,
      b.BaseBuilding = BaseBuilding,
      b.CreatedDate = NOW(),
      b.ModifiedDate = NOW()
  WHERE b.BuildingID = BuildingID;
END
$$

--
-- Create procedure `Proc_Insertbuilding`
--
CREATE PROCEDURE Proc_Insertbuilding (IN BuildingName varchar(255), IN BaseBuilding varchar(255))
SQL SECURITY INVOKER
BEGIN
  INSERT INTO building (BuildingID, BuildingName, BaseBuilding, CreatedDate, ModifiedDate)
    VALUES (UUID(), BuildingName, BaseBuilding, NOW(), NOW());

END
$$

--
-- Create procedure `Proc_Getbuildings`
--
CREATE PROCEDURE Proc_Getbuildings ()
SQL SECURITY INVOKER
BEGIN
  SELECT
    *
  FROM building b
  ORDER BY b.CreatedDate DESC;
END
$$

--
-- Create procedure `Proc_GetbuildingById`
--
CREATE PROCEDURE Proc_GetbuildingById (IN buildingId char(36))
SQL SECURITY INVOKER
BEGIN
  SELECT
    *
  FROM building b
  WHERE b.BuildingID = buildingId;
END
$$

--
-- Create procedure `Proc_Deletebuilding`
--
CREATE PROCEDURE Proc_Deletebuilding (IN buildingId char(36))
SQL SECURITY INVOKER
BEGIN
  DELETE
    FROM building
  WHERE building.BuildingID = buildingId;
END
$$

DELIMITER ;

--
-- Create table `practicallaboratory`
--
CREATE TABLE practicallaboratory (
  PracticalLaboratoryID char(36) NOT NULL COMMENT 'Khóa chính',
  PracticalLaboratoryCode varchar(20) NOT NULL DEFAULT '' COMMENT 'Mã phòng thực hành',
  PracticalLaboratoryName varchar(255) NOT NULL DEFAULT '' COMMENT 'Tên phòng thực hành',
  NumberOfSeats int(11) NOT NULL COMMENT 'Số chỗ',
  Description varchar(255) DEFAULT NULL COMMENT 'Mô tả ',
  BuildingID char(36) NOT NULL COMMENT 'Khóa chính tòa nhà',
  CreatedDate datetime DEFAULT NULL,
  ModifiedDate datetime DEFAULT NULL,
  OlogyID char(36) NOT NULL COMMENT 'Khóa chính khoa quản lý',
  SubjectID char(36) NOT NULL COMMENT 'Khóa chính bộ môn quản lý',
  PRIMARY KEY (PracticalLaboratoryID)
)
ENGINE = INNODB,
AVG_ROW_LENGTH = 327,
CHARACTER SET utf8,
COLLATE utf8_general_ci,
COMMENT = 'Bảng phòng thực hành';

--
-- Create foreign key
--
ALTER TABLE practicallaboratory
ADD CONSTRAINT FK_practicallaboratory_BuildingID FOREIGN KEY (BuildingID)
REFERENCES building (BuildingID) ON DELETE CASCADE ON UPDATE CASCADE;

--
-- Create foreign key
--
ALTER TABLE practicallaboratory
ADD CONSTRAINT FK_practicallaboratory_OlogyID FOREIGN KEY (OlogyID)
REFERENCES ology (OlogyID) ON DELETE CASCADE ON UPDATE CASCADE;

--
-- Create foreign key
--
ALTER TABLE practicallaboratory
ADD CONSTRAINT FK_practicallaboratory_SubjectID FOREIGN KEY (SubjectID)
REFERENCES subject (SubjectID) ON DELETE CASCADE ON UPDATE CASCADE;

DELIMITER $$

--
-- Create procedure `Proc_Updatepracticallaboratory`
--
CREATE PROCEDURE Proc_Updatepracticallaboratory (IN PracticalLaboratoryCode varchar(20), IN PracticalLaboratoryName varchar(255), IN NumberOfSeats int, IN Description varchar(255), IN BuildingID char(36), IN PracticalLaboratoryID char(36), IN SubjectID char(36), IN OlogyID char(36))
SQL SECURITY INVOKER
BEGIN
  UPDATE practicallaboratory p
  SET p.PracticalLaboratoryCode = PracticalLaboratoryCode,
      p.PracticalLaboratoryName = PracticalLaboratoryName,
      p.NumberOfSeats = NumberOfSeats,
      p.Description = Description,
      p.BuildingID = BuildingID,
      p.SubjectID = SubjectID,
      p.OlogyID = OlogyID,
      p.CreatedDate = NOW(),
      p.ModifiedDate = NOW()
  WHERE p.PracticalLaboratoryID = PracticalLaboratoryID;
END
$$

--
-- Create procedure `Proc_Insertpracticallaboratory`
--
CREATE PROCEDURE Proc_Insertpracticallaboratory (IN PracticalLaboratoryCode varchar(20), IN PracticalLaboratoryName varchar(255), IN NumberOfSeats int, IN Description varchar(255), IN BuildingID char(36), IN SubjectID char(36), IN OlogyID char(36))
SQL SECURITY INVOKER
BEGIN
  INSERT HIGH_PRIORITY INTO practicallaboratory (PracticalLaboratoryID, PracticalLaboratoryCode, PracticalLaboratoryName, NumberOfSeats, Description, BuildingID, SubjectID, OlogyID, CreatedDate, ModifiedDate)
    VALUES (UUID(), PracticalLaboratoryCode, PracticalLaboratoryName, NumberOfSeats, Description, BuildingID, SubjectID, OlogyID, NOW(), NOW());

END
$$

--
-- Create procedure `Proc_Getpracticallaboratorys`
--
CREATE PROCEDURE Proc_Getpracticallaboratorys ()
SQL SECURITY INVOKER
BEGIN
  SELECT
    p.PracticalLaboratoryID,
    p.PracticalLaboratoryCode,
    p.PracticalLaboratoryName,
    p.NumberOfSeats,
    p.Description,
    p.BuildingID,
    p.CreatedDate,
    p.ModifiedDate,
    p.SubjectID,
    s.SubjectName,
    p.OlogyID,
    o.OlogyName,
    b.BuildingName
  FROM practicallaboratory p
    LEFT JOIN building b
      ON p.BuildingID = b.BuildingID
    LEFT JOIN subject s
      ON p.SubjectID = s.SubjectID
    LEFT JOIN ology o
      ON p.OlogyID = o.OlogyID
  ORDER BY p.CreatedDate DESC;
END
$$

--
-- Create procedure `Proc_GetpracticallaboratoryById`
--
CREATE PROCEDURE Proc_GetpracticallaboratoryById (IN practicallaboratoryId char(36))
SQL SECURITY INVOKER
BEGIN
  SELECT
    p.PracticalLaboratoryID,
    p.PracticalLaboratoryCode,
    p.PracticalLaboratoryName,
    p.NumberOfSeats,
    p.Description,
    p.BuildingID,
    p.CreatedDate,
    p.ModifiedDate,
    p.SubjectID,
    p.OlogyID,
    s.SubjectName,
    o.OlogyName,
    b.BuildingName
  FROM practicallaboratory p
    LEFT JOIN building b
      ON p.BuildingID = b.BuildingID
    LEFT JOIN subject s
      ON p.SubjectID = s.SubjectID
    LEFT JOIN ology o
      ON p.OlogyID = o.OlogyID
  WHERE p.PracticalLaboratoryID = practicallaboratoryId;
END
$$

--
-- Create procedure `Proc_Deletepracticallaboratory`
--
CREATE PROCEDURE Proc_Deletepracticallaboratory (IN practicallaboratoryId char(36))
SQL SECURITY INVOKER
BEGIN
  DELETE
    FROM practicallaboratory
  WHERE practicallaboratory.PracticalLaboratoryID = practicallaboratoryId;

END
$$

DELIMITER ;

--
-- Create table `course`
--
CREATE TABLE course (
  CourseID char(36) NOT NULL COMMENT 'Khóa chính',
  CourseName varchar(255) NOT NULL DEFAULT '' COMMENT 'Tên khóa học',
  StartTime date NOT NULL COMMENT 'Time bắt đầu',
  EndTime date NOT NULL COMMENT 'Time kết thúc',
  CreatedDate datetime DEFAULT NULL,
  ModifiedDate datetime DEFAULT NULL,
  PRIMARY KEY (CourseID)
)
ENGINE = INNODB,
AVG_ROW_LENGTH = 1820,
CHARACTER SET utf8,
COLLATE utf8_general_ci,
COMMENT = 'Bảng khóa học';

DELIMITER $$

--
-- Create procedure `Proc_Updatecourse`
--
CREATE DEFINER = 'root'@'localhost'
PROCEDURE Proc_Updatecourse (IN CourseID char(36), IN CourseName varchar(255), IN StartTime date, IN EndTime date)
BEGIN
  UPDATE course c
  SET c.CourseName = CourseName,
      c.StartTime = StartTime,
      c.EndTime = EndTime,
      c.CreatedDate = NOW(),
      c.ModifiedDate = NOW()
  WHERE c.CourseID = CourseID;
END
$$

--
-- Create procedure `Proc_Insertcourse`
--
CREATE PROCEDURE Proc_Insertcourse (IN CourseName varchar(255), IN StartTime date, IN EndTime date)
SQL SECURITY INVOKER
BEGIN
  INSERT INTO course (CourseID, CourseName, StartTime, EndTime, CreatedDate, ModifiedDate)
    VALUES (UUID(), CourseName, StartTime, EndTime, NOW(), NOW());

END
$$

--
-- Create procedure `Proc_Getcourses`
--
CREATE PROCEDURE Proc_Getcourses ()
SQL SECURITY INVOKER
BEGIN
  SELECT
    *
  FROM course c
  ORDER BY c.CreatedDate DESC;
END
$$

--
-- Create procedure `Proc_GetcourseById`
--
CREATE PROCEDURE Proc_GetcourseById (IN courseId char(36))
SQL SECURITY INVOKER
BEGIN
  SELECT
    *
  FROM course c
  WHERE c.CourseID = courseId;
END
$$

--
-- Create procedure `Proc_Deletecourse`
--
CREATE PROCEDURE Proc_Deletecourse (IN courseId char(36))
SQL SECURITY INVOKER
BEGIN
  DELETE LOW_PRIORITY QUICK
    FROM course
  WHERE course.CourseID = courseId;
END
$$

DELIMITER ;

--
-- Create table `class`
--
CREATE TABLE class (
  ClassID char(36) NOT NULL COMMENT 'Khoá chính',
  ClassCode varchar(20) NOT NULL DEFAULT '' COMMENT 'Mã lớp',
  ClassName varchar(255) NOT NULL DEFAULT '' COMMENT 'Tên lớp',
  CourseID char(36) NOT NULL DEFAULT '' COMMENT 'Khóa chính khóa học',
  MajorsID char(36) NOT NULL DEFAULT '' COMMENT 'Khóa chính ngành học',
  CreatedDate datetime DEFAULT NULL,
  ModifiedDate datetime DEFAULT NULL,
  PRIMARY KEY (ClassID)
)
ENGINE = INNODB,
AVG_ROW_LENGTH = 218,
CHARACTER SET utf8,
COLLATE utf8_general_ci,
COMMENT = 'Bảng lớp học';

--
-- Create foreign key
--
ALTER TABLE class
ADD CONSTRAINT FK_class_CourseID FOREIGN KEY (CourseID)
REFERENCES course (CourseID) ON DELETE CASCADE ON UPDATE CASCADE;

--
-- Create foreign key
--
ALTER TABLE class
ADD CONSTRAINT FK_class_MajorsID FOREIGN KEY (MajorsID)
REFERENCES majors (MajorsID) ON DELETE CASCADE ON UPDATE CASCADE;

DELIMITER $$

--
-- Create procedure `Proc_Updateclass`
--
CREATE DEFINER = 'root'@'localhost'
PROCEDURE Proc_Updateclass (IN ClassId char(36), IN ClassCode varchar(20), IN ClassName varchar(255), IN CourseID char(36), IN MajorsID char(36))
BEGIN
  UPDATE class c
  SET c.ClassCode = ClassCode,
      c.ClassName = ClassName,
      c.MajorsID = MajorsID,
      c.CourseID = CourseID,
      c.CreatedDate = NOW(),
      c.ModifiedDate = NOW()
  WHERE c.ClassID = ClassId;
END
$$

--
-- Create procedure `Proc_Insertclass`
--
CREATE PROCEDURE Proc_Insertclass (IN ClassCode varchar(20), IN ClassName varchar(255), IN CourseID char(36), IN MajorsID char(36), IN MajorsCode varchar(20))
SQL SECURITY INVOKER
BEGIN
  DECLARE ID char(36);
  IF (MajorsCode IS NOT NULL) THEN
    SET ID = (SELECT
        m.MajorsID
      FROM majors m
      WHERE m.MajorsCode = MajorsCode);
    INSERT INTO class (ClassID, ClassCode, ClassName, MajorsID, CourseID, CreatedDate, ModifiedDate)
      VALUES (UUID(), ClassCode, ClassName, ID, CourseID, NOW(), NOW());
  ELSEIF MajorsCode IS NULL THEN
    INSERT INTO class (ClassID, ClassCode, ClassName, MajorsID, CourseID, CreatedDate, ModifiedDate)
      VALUES (UUID(), ClassCode, ClassName, MajorsID, CourseID, NOW(), NOW());
  END IF;
END
$$

--
-- Create procedure `Proc_Getclasss`
--
CREATE PROCEDURE Proc_Getclasss ()
SQL SECURITY INVOKER
BEGIN
  SELECT
    c.ClassID,
    c.ClassCode,
    c.ClassName,
    c.CourseID,
    c.MajorsID,
    c.CreatedDate,
    c.ModifiedDate,
    m.MajorsName,
    c1.CourseName
  FROM class c
    LEFT JOIN majors m
      ON c.MajorsID = m.MajorsID
    LEFT JOIN course c1
      ON c.CourseID = c1.CourseID
  ORDER BY c.CreatedDate DESC;
END
$$

--
-- Create procedure `Proc_GetclassById`
--
CREATE DEFINER = 'root'@'localhost'
PROCEDURE Proc_GetclassById (IN classId char(36))
BEGIN
  SELECT
    c.ClassID,
    c.ClassCode,
    c.ClassName,
    c.CourseID,
    c.MajorsID,
    c.CreatedDate,
    c.ModifiedDate,
    m.MajorsName,
    c1.CourseName
  FROM class c
    LEFT JOIN majors m
      ON c.MajorsID = m.MajorsID
    LEFT JOIN course c1
      ON c.CourseID = c1.CourseID
  WHERE c.ClassID = classId;
END
$$

--
-- Create procedure `Proc_Deleteclass`
--
CREATE PROCEDURE Proc_Deleteclass (IN classId char(36))
SQL SECURITY INVOKER
BEGIN
  DELETE
    FROM class
  WHERE class.ClassID = classId;
END
$$

DELIMITER ;

--
-- Create table `student`
--
CREATE TABLE student (
  StudentID char(36) NOT NULL COMMENT 'Khoá chính',
  StudentCode varchar(20) NOT NULL DEFAULT '' COMMENT 'Mã sinh viên',
  FullName varchar(255) NOT NULL DEFAULT '' COMMENT 'Họ tên',
  DateOfBirth date NOT NULL COMMENT 'Ngày sinh',
  Gender int(11) NOT NULL COMMENT 'Giới tính',
  ClassID char(36) NOT NULL COMMENT 'Khóa chính lớp',
  CreatedDate datetime DEFAULT NULL,
  ModifiedDate datetime DEFAULT NULL,
  PRIMARY KEY (StudentID)
)
ENGINE = INNODB,
AVG_ROW_LENGTH = 237,
CHARACTER SET utf8,
COLLATE utf8_general_ci,
COMMENT = 'Bảng sinh viên';

--
-- Create foreign key
--
ALTER TABLE student
ADD CONSTRAINT FK_Student_ClassID FOREIGN KEY (ClassID)
REFERENCES class (ClassID) ON DELETE CASCADE ON UPDATE CASCADE;

DELIMITER $$

--
-- Create procedure `Proc_Updatestudent`
--
CREATE DEFINER = 'root'@'localhost'
PROCEDURE Proc_Updatestudent (IN StudentCode varchar(20), IN FullName varchar(255), IN DateOfBirth date, IN Gender int, IN ClassID char(36), IN StudentId char(36))
BEGIN
  UPDATE student s
  SET s.StudentCode = StudentCode,
      s.FullName = FullName,
      s.DateOfBirth = DateOfBirth,
      s.Gender = Gender,
      s.ClassID = ClassID,
      s.CreatedDate = NOW(),
      s.ModifiedDate = NOW()
  WHERE s.StudentID = StudentId;
END
$$

--
-- Create procedure `Proc_Insertstudent`
--
CREATE PROCEDURE Proc_Insertstudent (IN StudentCode varchar(20), IN FullName varchar(255), IN DateOfBirth date, IN Gender int, IN ClassID char(36), IN ClassCode varchar(20))
SQL SECURITY INVOKER
BEGIN
  DECLARE ID char(36);
  IF ClassCode IS NOT NULL THEN
    SET ID = (SELECT
        c.ClassID
      FROM class c
      WHERE c.ClassCode = ClassCode);
    INSERT INTO student (StudentID, StudentCode, FullName, DateOfBirth, Gender, ClassID, CreatedDate, ModifiedDate)
      VALUES (UUID(), StudentCode, FullName, DateOfBirth, Gender, ID, NOW(), NOW());
  ELSEIF ClassCode IS NULL THEN
    INSERT INTO student (StudentID, StudentCode, FullName, DateOfBirth, Gender, ClassID, CreatedDate, ModifiedDate)
      VALUES (UUID(), StudentCode, FullName, DateOfBirth, Gender, ClassID, NOW(), NOW());
  END IF;

END
$$

--
-- Create procedure `Proc_Getstudents`
--
CREATE PROCEDURE Proc_Getstudents ()
SQL SECURITY INVOKER
BEGIN
  SELECT
    s.StudentID,
    s.StudentCode,
    s.FullName,
    s.DateOfBirth,
    s.Gender,
    s.ClassID,
    s.CreatedDate,
    s.ModifiedDate,
    c.ClassName
  FROM student s
    LEFT JOIN class c
      ON s.ClassID = c.ClassID
  ORDER BY s.CreatedDate DESC;
END
$$

--
-- Create procedure `Proc_GetstudentById`
--
CREATE PROCEDURE Proc_GetstudentById (IN studentId char(36))
SQL SECURITY INVOKER
BEGIN
  SELECT
    s.StudentID,
    s.StudentCode,
    s.FullName,
    s.DateOfBirth,
    s.Gender,
    s.ClassID,
    s.CreatedDate,
    s.ModifiedDate,
    c.ClassName
  FROM student s
    LEFT JOIN class c
      ON s.ClassID = c.ClassID
  WHERE s.StudentID = studentId;
END
$$

--
-- Create procedure `Proc_Deletestudent`
--
CREATE PROCEDURE Proc_Deletestudent (IN studentId char(36))
SQL SECURITY INVOKER
BEGIN
  DELETE
    FROM student
  WHERE student.StudentID = studentId;

END
$$

DELIMITER ;

--
-- Create table `detailpracticegroup`
--
CREATE TABLE detailpracticegroup (
  DetailPracticeGroupID char(36) NOT NULL COMMENT 'Khóa chính',
  PracticeGroupID char(36) NOT NULL COMMENT 'Khóa chính nhóm thực hành',
  StudentID char(36) NOT NULL COMMENT 'Khóa chính sinh viên',
  Note varchar(255) DEFAULT NULL COMMENT 'Ghi chú',
  CreatedDate datetime DEFAULT NULL,
  ModifiedDate datetime DEFAULT NULL,
  PRIMARY KEY (DetailPracticeGroupID)
)
ENGINE = INNODB,
AVG_ROW_LENGTH = 2340,
CHARACTER SET utf8,
COLLATE utf8_general_ci,
COMMENT = 'Bảng chi tiết nhóm thực hành';

--
-- Create foreign key
--
ALTER TABLE detailpracticegroup
ADD CONSTRAINT FK_detailpracticegroup_PracticeGroupID FOREIGN KEY (PracticeGroupID)
REFERENCES practicegroup (PracticeGroupID) ON DELETE CASCADE ON UPDATE CASCADE;

--
-- Create foreign key
--
ALTER TABLE detailpracticegroup
ADD CONSTRAINT FK_detailpracticegroup_StudentID FOREIGN KEY (StudentID)
REFERENCES student (StudentID) ON DELETE CASCADE ON UPDATE CASCADE;

DELIMITER $$

--
-- Create procedure `Proc_Updatedetailpracticegroup`
--
CREATE DEFINER = 'root'@'localhost'
PROCEDURE Proc_Updatedetailpracticegroup (IN PracticeGroupID char(36), IN StudentID char(36), IN Note varchar(255), IN DetailPracticeGroupId char(36))
BEGIN
  UPDATE detailpracticegroup d
  SET d.PracticeGroupID = PracticeGroupID,
      d.StudentID = StudentID,
      d.Note = Note,
      d.CreatedDate = NOW(),
      d.ModifiedDate = NOW()
  WHERE d.DetailPracticeGroupID = DetailPracticeGroupId;
END
$$

--
-- Create procedure `Proc_Insertdetailpracticegroup`
--
CREATE PROCEDURE Proc_Insertdetailpracticegroup (IN PracticeGroupID char(36), IN StudentID char(36), IN Note varchar(255))
SQL SECURITY INVOKER
BEGIN
  INSERT detailpracticegroup (DetailPracticeGroupID, PracticeGroupID, StudentID, Note, ModifiedDate, CreatedDate)
    VALUES (UUID(), PracticeGroupID, StudentID, Note, NOW(), NOW());

END
$$

--
-- Create procedure `Proc_GetdetailpracticegroupById`
--
CREATE PROCEDURE Proc_GetdetailpracticegroupById (IN DetailPracticeGroupId char(36))
SQL SECURITY INVOKER
BEGIN
  SELECT
    d.DetailPracticeGroupID,
    d.PracticeGroupID,
    d.StudentID,
    d.Note,
    d.CreatedDate,
    s.FullName,
    d.ModifiedDate
  FROM detailpracticegroup d
    LEFT JOIN student s
      ON d.StudentID = s.StudentID
  WHERE d.DetailPracticeGroupID = DetailPracticeGroupId;
END
$$

--
-- Create procedure `Proc_Getdetailpracticegroup`
--
CREATE PROCEDURE Proc_Getdetailpracticegroup (IN ID char(36))
SQL SECURITY INVOKER
BEGIN
  SELECT
    d.PracticeGroupID,
    d.StudentID,
    d.Note,
    d.CreatedDate,
    d.ModifiedDate,
    d.DetailPracticeGroupID,
    s.StudentCode,
    s.FullName,
    c.ClassName
  FROM detailpracticegroup d
    LEFT JOIN student s
      ON d.StudentID = s.StudentID
    LEFT JOIN class c
      ON s.ClassID = c.ClassID
  WHERE d.PracticeGroupID = ID
  ORDER BY d.CreatedDate DESC;
END
$$

--
-- Create procedure `Proc_Deletedetailpracticegroup`
--
CREATE PROCEDURE Proc_Deletedetailpracticegroup (IN DetailPracticeGroupId char(36))
SQL SECURITY INVOKER
BEGIN
  DELETE
    FROM detailpracticegroup
  WHERE detailpracticegroup.DetailPracticeGroupID = DetailPracticeGroupId;
END
$$

DELIMITER ;

--
-- Create table `detailmoduleclass`
--
CREATE TABLE detailmoduleclass (
  DetailModuleClassID char(36) NOT NULL COMMENT 'Khóa chính',
  ModuleClassID char(36) NOT NULL COMMENT 'Khóa chính lớp học phần',
  StudentID char(36) NOT NULL COMMENT 'Khóa chính sinh viên',
  FrequentPoints1 float DEFAULT NULL COMMENT 'Điểm thường xuyên 1',
  FrequentPoints2 float DEFAULT NULL COMMENT 'Điểm thường xuyên 2',
  MediumScore float DEFAULT NULL COMMENT 'ĐIểm trung bình',
  CreatedDate datetime DEFAULT NULL,
  ModifiedDate datetime DEFAULT NULL,
  PRIMARY KEY (DetailModuleClassID)
)
ENGINE = INNODB,
AVG_ROW_LENGTH = 2340,
CHARACTER SET utf8,
COLLATE utf8_general_ci,
COMMENT = 'Bảng chi tiết lớp học phần';

--
-- Create foreign key
--
ALTER TABLE detailmoduleclass
ADD CONSTRAINT FK_detailmoduleclass_ModuleClassID FOREIGN KEY (ModuleClassID)
REFERENCES moduleclass (ModuleClassID) ON DELETE CASCADE ON UPDATE CASCADE;

--
-- Create foreign key
--
ALTER TABLE detailmoduleclass
ADD CONSTRAINT FK_detailmoduleclass_StudentID FOREIGN KEY (StudentID)
REFERENCES student (StudentID) ON DELETE CASCADE ON UPDATE CASCADE;

DELIMITER $$

--
-- Create procedure `Proc_UpdateDetailModuleClass`
--
CREATE PROCEDURE Proc_UpdateDetailModuleClass (IN ModuleClassID char(36), IN StudentID char(36), IN FrequentPoints1 float, IN FrequentPoints2 float, IN MediumScore float, IN DetailModuleClassID char(36))
SQL SECURITY INVOKER
BEGIN
  UPDATE detailmoduleclass d
  SET d.ModuleClassID = ModuleClassID,
      d.StudentID = StudentID,
      d.FrequentPoints1 = FrequentPoints1,
      d.FrequentPoints2 = FrequentPoints2,
      d.MediumScore = MediumScore,
      d.CreatedDate = NOW(),
      d.ModifiedDate = NOW()
  WHERE d.DetailModuleClassID = DetailModuleClassID;

END
$$

--
-- Create procedure `Proc_InsertDetailModuleClass`
--
CREATE DEFINER = 'root'@'localhost'
PROCEDURE Proc_InsertDetailModuleClass (IN ModuleClassID char(36), IN StudentID char(36), IN FrequentPoints1 float, IN FrequentPoints2 float, IN MediumScore float, IN StudentCode varchar(255), IN ModuleClassCode varchar(255))
BEGIN
  DECLARE IDstudent char(36);
  DECLARE IDmoduleclass char(36);
  IF (StudentCode IS NOT NULL
    AND ModuleClassCode IS NOT NULL) THEN
    SET IDstudent = (SELECT
        s.StudentID
      FROM student s
      WHERE s.StudentCode = StudentCode);
    SET IDmoduleclass = (SELECT
        m.ModuleClassID
      FROM moduleclass m
      WHERE m.ModuleClassCode = ModuleClassCode);
    INSERT detailmoduleclass (DetailModuleClassID, ModuleClassID, StudentID, FrequentPoints1, FrequentPoints2, MediumScore, CreatedDate, ModifiedDate)
      VALUES (UUID(), IDmoduleclass, IDstudent, FrequentPoints1, FrequentPoints2, MediumScore, NOW(), NOW());
  ELSEIF (StudentCode IS NULL
    AND ModuleClassCode IS NULL) THEN
    INSERT detailmoduleclass (DetailModuleClassID, ModuleClassID, StudentID, FrequentPoints1, FrequentPoints2, MediumScore, CreatedDate, ModifiedDate)
      VALUES (UUID(), ModuleClassID, StudentID, FrequentPoints1, FrequentPoints2, MediumScore, NOW(), NOW());
  END IF;
END
$$

--
-- Create procedure `Proc_GetDetailModuleClassById`
--
CREATE PROCEDURE Proc_GetDetailModuleClassById (IN DetailModuleClassID char(36))
SQL SECURITY INVOKER
BEGIN
  SELECT
    d.DetailModuleClassID,
    d.ModuleClassID,
    d.StudentID,
    d.FrequentPoints1,
    d.FrequentPoints2,
    d.MediumScore,
    d.CreatedDate,
    d.ModifiedDate,
    s.StudentCode,
    s.FullName,
    s.ClassID,
    c.ClassName,
    c.CourseID,
    c.MajorsID,
    c1.CourseName,
    m1.MajorsName
  FROM detailmoduleclass d
    LEFT JOIN moduleclass m
      ON d.ModuleClassID = m.ModuleClassID
    LEFT JOIN student s
      ON d.StudentID = s.StudentID
    LEFT JOIN class c
      ON s.ClassID = c.ClassID
    LEFT JOIN majors m1
      ON c.MajorsID = m1.MajorsID
    LEFT JOIN course c1
      ON c.CourseID = c1.CourseID
  WHERE d.DetailModuleClassID = DetailModuleClassID;
END
$$

--
-- Create procedure `Proc_GetDetailModuleClass`
--
CREATE PROCEDURE Proc_GetDetailModuleClass (IN ID char(36))
SQL SECURITY INVOKER
BEGIN
  SELECT
    d.DetailModuleClassID,
    d.ModuleClassID,
    d.StudentID,
    d.FrequentPoints1,
    d.FrequentPoints2,
    d.MediumScore,
    d.CreatedDate,
    d.ModifiedDate,
    s.StudentCode,
    s.FullName,
    s.ClassID,
    c.ClassName
  FROM detailmoduleclass d
    LEFT JOIN moduleclass m
      ON d.ModuleClassID = m.ModuleClassID
    LEFT JOIN student s
      ON d.StudentID = s.StudentID
    LEFT JOIN class c
      ON s.ClassID = c.ClassID
  WHERE d.ModuleClassID = ID
  ORDER BY d.CreatedDate DESC;
END
$$

--
-- Create procedure `Proc_DeleteDetailModuleClass`
--
CREATE PROCEDURE Proc_DeleteDetailModuleClass (IN DetailModuleClassID varchar(255))
SQL SECURITY INVOKER
BEGIN
  DELETE
    FROM detailmoduleclass
  WHERE detailmoduleclass.DetailModuleClassID = DetailModuleClassID;

END
$$

DELIMITER ;

--
-- Create table `practiceshift`
--
CREATE TABLE practiceshift (
  PracticeShiftID char(36) NOT NULL,
  PracticeShiftName varchar(255) NOT NULL DEFAULT '' COMMENT 'Tên ca thực hành',
  StartTime datetime NOT NULL COMMENT 'thời gian bắt đầu',
  EndTime datetime NOT NULL COMMENT 'Thời gian kết thúc',
  CreatedDate date DEFAULT NULL,
  ModifiedDate date DEFAULT NULL,
  PRIMARY KEY (PracticeShiftID)
)
ENGINE = INNODB,
AVG_ROW_LENGTH = 2730,
CHARACTER SET utf8,
COLLATE utf8_general_ci,
COMMENT = 'Bảng ca thực hành';

--
-- Create table `practiceschedule`
--
CREATE TABLE practiceschedule (
  PracticeScheduleID char(36) NOT NULL,
  Date date NOT NULL COMMENT 'Ngày thực hành',
  PracticeShiftID char(36) NOT NULL DEFAULT '',
  PracticeGroupID char(36) NOT NULL DEFAULT '',
  PracticalLaboratoryID char(36) NOT NULL DEFAULT '',
  Status int(11) NOT NULL COMMENT '0 chưa dạy , 1 đã dạy',
  Description varchar(255) DEFAULT NULL COMMENT 'Mô tả',
  StartTime datetime NOT NULL COMMENT 'Thời gian bắt đầu',
  EndTime datetime NOT NULL COMMENT 'Thời gian kết thúc',
  CreatedDate date DEFAULT NULL,
  ModifiedDate date DEFAULT NULL,
  SchoolYearID char(36) NOT NULL,
  SemesterID char(36) NOT NULL,
  TeacherID char(36) NOT NULL,
  PRIMARY KEY (PracticeScheduleID)
)
ENGINE = INNODB,
AVG_ROW_LENGTH = 327,
CHARACTER SET utf8,
COLLATE utf8_general_ci,
COMMENT = 'Bảng lịch thực hành';

--
-- Create foreign key
--
ALTER TABLE practiceschedule
ADD CONSTRAINT FK_practiceschedule_PracticalLaboratoryID FOREIGN KEY (PracticalLaboratoryID)
REFERENCES practicallaboratory (PracticalLaboratoryID) ON DELETE CASCADE ON UPDATE CASCADE;

--
-- Create foreign key
--
ALTER TABLE practiceschedule
ADD CONSTRAINT FK_practiceschedule_PracticeGroupID FOREIGN KEY (PracticeGroupID)
REFERENCES practicegroup (PracticeGroupID) ON DELETE CASCADE ON UPDATE CASCADE;

--
-- Create foreign key
--
ALTER TABLE practiceschedule
ADD CONSTRAINT FK_practiceschedule_PracticeShiftID FOREIGN KEY (PracticeShiftID)
REFERENCES practiceshift (PracticeShiftID) ON DELETE CASCADE ON UPDATE CASCADE;

--
-- Create foreign key
--
ALTER TABLE practiceschedule
ADD CONSTRAINT FK_practiceschedule_SchoolYearID FOREIGN KEY (SchoolYearID)
REFERENCES schoolyear (SchoolYearID) ON DELETE CASCADE ON UPDATE CASCADE;

--
-- Create foreign key
--
ALTER TABLE practiceschedule
ADD CONSTRAINT FK_practiceschedule_SemesterID FOREIGN KEY (SemesterID)
REFERENCES semester (SemesterID) ON DELETE CASCADE ON UPDATE CASCADE;

--
-- Create foreign key
--
ALTER TABLE practiceschedule
ADD CONSTRAINT FK_practiceschedule_TeacherID FOREIGN KEY (TeacherID)
REFERENCES teacher (TeacherID) ON DELETE CASCADE ON UPDATE CASCADE;

--
-- Create table `attendance`
--
CREATE TABLE attendance (
  AttendanceID char(36) NOT NULL,
  StudentID char(36) NOT NULL,
  StartTime datetime NOT NULL,
  EndTime datetime NOT NULL,
  Description varchar(255) DEFAULT NULL,
  CreatedDate date DEFAULT NULL,
  ModifiedDate date DEFAULT NULL,
  PracticeScheduleID char(36) NOT NULL,
  Status int(11) NOT NULL,
  SubjectID char(36) NOT NULL,
  PracticeGroupID char(36) NOT NULL,
  PRIMARY KEY (AttendanceID)
)
ENGINE = INNODB,
AVG_ROW_LENGTH = 381,
CHARACTER SET utf8,
COLLATE utf8_general_ci,
COMMENT = 'Bảng điểm danh';

--
-- Create foreign key
--
ALTER TABLE attendance
ADD CONSTRAINT FK_Attendance_StudentID FOREIGN KEY (StudentID)
REFERENCES student (StudentID) ON DELETE CASCADE ON UPDATE CASCADE;

--
-- Create foreign key
--
ALTER TABLE attendance
ADD CONSTRAINT FK_attendance_PracticeGroupID FOREIGN KEY (PracticeGroupID)
REFERENCES practicegroup (PracticeGroupID) ON DELETE CASCADE ON UPDATE CASCADE;

--
-- Create foreign key
--
ALTER TABLE attendance
ADD CONSTRAINT FK_attendance_PracticeScheduleID FOREIGN KEY (PracticeScheduleID)
REFERENCES practiceschedule (PracticeScheduleID) ON DELETE CASCADE ON UPDATE CASCADE;

--
-- Create foreign key
--
ALTER TABLE attendance
ADD CONSTRAINT FK_attendance_SubjectID FOREIGN KEY (SubjectID)
REFERENCES subject (SubjectID) ON DELETE CASCADE ON UPDATE CASCADE;

--
-- Create table `permission`
--
CREATE TABLE permission (
  PermissionID char(36) NOT NULL COMMENT 'Khóa chính',
  PermissionName varchar(255) NOT NULL COMMENT 'Tên nhóm quyền',
  PRIMARY KEY (PermissionID)
)
ENGINE = INNODB,
AVG_ROW_LENGTH = 5461,
CHARACTER SET utf8,
COLLATE utf8_general_ci;

DELIMITER $$

--
-- Create procedure `Proc_Getusers`
--
CREATE PROCEDURE Proc_Getusers ()
SQL SECURITY INVOKER
BEGIN
  SELECT
    u.UserID,
    u.UserName,
    u.PassWord,
    u.PermissionID,
    u.PhoneNumber,
    u.FullName,
    u.Email,
    p.PermissionName
  FROM user u
    LEFT JOIN permission p
      ON u.PermissionID = p.PermissionID
  ORDER BY u.CreatedDate DESC;
END
$$

--
-- Create procedure `Proc_GetuserById`
--
CREATE PROCEDURE Proc_GetuserById (IN UserID char(36))
SQL SECURITY INVOKER
BEGIN
  SELECT
    u.UserID,
    u.UserName,
    u.PassWord,
    u.PermissionID,
    u.PhoneNumber,
    u.FullName,
    u.Email,
    p.PermissionName
  FROM user u
    LEFT JOIN permission p
      ON u.PermissionID = p.PermissionID
  WHERE u.UserID = UserID;
END
$$

--
-- Create procedure `Proc_Getpermissions`
--
CREATE DEFINER = 'root'@'localhost'
PROCEDURE Proc_Getpermissions ()
BEGIN
  SELECT
    *
  FROM permission p;
END
$$

DELIMITER ;

--
-- Create table `user`
--
CREATE TABLE user (
  UserID char(36) NOT NULL COMMENT 'Khóa chính usre',
  UserName varchar(255) NOT NULL COMMENT 'Tên đăng nhập',
  PassWord varchar(20) NOT NULL COMMENT 'Mật khẩu',
  PermissionID char(36) NOT NULL COMMENT 'Khóa chính nhóm quyền',
  PhoneNumber varchar(50) NOT NULL COMMENT 'Số điện thoại',
  FullName varchar(255) NOT NULL COMMENT 'Họ tên',
  Email varchar(255) NOT NULL COMMENT 'Email',
  CreatedDate datetime DEFAULT NULL,
  ModifiedDate datetime DEFAULT NULL,
  PRIMARY KEY (UserID)
)
ENGINE = INNODB,
AVG_ROW_LENGTH = 5461,
CHARACTER SET utf8,
COLLATE utf8_general_ci,
COMMENT = 'Bảng tài khoản';

--
-- Create foreign key
--
ALTER TABLE user
ADD CONSTRAINT FK_user_PermissionID FOREIGN KEY (PermissionID)
REFERENCES permission (PermissionID) ON DELETE CASCADE ON UPDATE CASCADE;

DELIMITER $$

--
-- Create procedure `Proc_Updateuser`
--
CREATE PROCEDURE Proc_Updateuser (IN UserID char(36), IN UserName varchar(255), IN PassWord varchar(255), IN PermissionID char(36), IN FullName varchar(255), IN Email varchar(50), IN PhoneNumber varchar(255))
SQL SECURITY INVOKER
BEGIN
  UPDATE user u
  SET u.UserName = UserName,
      u.PassWord = PassWord,
      u.FullName = FullName,
      u.PhoneNumber = PhoneNumber,
      u.Email = Email,
      u.PermissionID = PermissionID,
      u.CreatedDate = NOW(),
      u.ModifiedDate = NOW()
  WHERE u.UserID = UserID;
END
$$

--
-- Create procedure `Proc_Updatesubject`
--
CREATE PROCEDURE Proc_Updatesubject (IN SubjectID char(36), IN SubjectName varchar(255))
SQL SECURITY INVOKER
BEGIN
  UPDATE subject s
  SET s.SubjectName = SubjectName,
      s.CreatedDate = NOW(),
      s.ModifiedDate = NOW()
  WHERE s.SubjectID = SubjectID;
END
$$

--
-- Create procedure `Proc_Updatemodule`
--
CREATE PROCEDURE Proc_Updatemodule (IN ModuleID char(36), IN ModuleCode varchar(20), IN ModuleName varchar(255), IN NumberOfModule float, IN Theory float, IN Practice float, IN BigExercise float, IN SubjectID char(36))
SQL SECURITY INVOKER
BEGIN
  UPDATE module m
  SET m.ModuleCode = ModuleCode,
      m.ModuleName = ModuleName,
      m.NumberOfModule = NumberOfModule,
      m.Theory = Theory,
      m.Practice = Practice,
      m.BigExercise = BigExercise,
      m.SubjectID = SubjectID,
      m.CreatedDate = NOW(),
      m.ModifiedDate = NOW()
  WHERE m.ModuleID = ModuleID;

END
$$

--
-- Create procedure `Proc_Insertuser`
--
CREATE DEFINER = 'root'@'localhost'
PROCEDURE Proc_Insertuser (IN UserName varchar(255), IN PassWord varchar(255), IN PermissionID char(36), IN FullName varchar(255), IN Email varchar(50), IN PhoneNumber varchar(255))
BEGIN
  INSERT INTO user (UserID, UserName, PassWord, PermissionID, FullName, PhoneNumber, Email, CreatedDate, ModifiedDate)
    VALUES (UUID(), UserName, PassWord, PermissionID, FullName, PhoneNumber, Email, NOW(), NOW());

END
$$

--
-- Create procedure `Proc_Insertsubject`
--
CREATE PROCEDURE Proc_Insertsubject (IN SubjectName varchar(255))
SQL SECURITY INVOKER
BEGIN
  INSERT INTO subject (SubjectID, SubjectName, CreatedDate, ModifiedDate)
    VALUES (UUID(), SubjectName, NOW(), NOW());

END
$$

--
-- Create procedure `Proc_Insertmodule`
--
CREATE PROCEDURE Proc_Insertmodule (IN ModuleCode varchar(20), IN ModuleName varchar(255), IN NumberOfModule float, IN Theory float, IN Practice float, IN BigExercise float, IN SubjectID char(36))
SQL SECURITY INVOKER
BEGIN
  INSERT INTO module (ModuleID, ModuleCode, ModuleName, NumberOfModule, Theory, Practice, BigExercise, SubjectID, CreatedDate, ModifiedDate)
    VALUES (UUID(), ModuleCode, ModuleName, NumberOfModule, Theory, Practice, BigExercise, SubjectID, NOW(), NOW());

END
$$

--
-- Create procedure `Proc_Getsubjects`
--
CREATE PROCEDURE Proc_Getsubjects ()
SQL SECURITY INVOKER
BEGIN
  SELECT
    *
  FROM subject s
  ORDER BY s.CreatedDate DESC;
END
$$

--
-- Create procedure `Proc_GetsubjectById`
--
CREATE PROCEDURE Proc_GetsubjectById (IN subjectId char(36))
SQL SECURITY INVOKER
BEGIN
  SELECT
    *
  FROM subject s
  WHERE s.SubjectID = subjectId;
END
$$

--
-- Create procedure `Proc_Getmodules`
--
CREATE PROCEDURE Proc_Getmodules ()
SQL SECURITY INVOKER
BEGIN
  SELECT
    m.ModuleID,
    m.ModuleCode,
    m.ModuleName,
    m.NumberOfModule,
    m.Theory,
    m.Practice,
    m.BigExercise,
    m.SubjectID,
    m.CreatedDate,
    m.ModifiedDate,
    s.SubjectName
  FROM module m
    LEFT JOIN subject s
      ON m.SubjectID = s.SubjectID
  ORDER BY m.CreatedDate DESC;
END
$$

--
-- Create procedure `Proc_GetmoduleById`
--
CREATE PROCEDURE Proc_GetmoduleById (IN moduleId char(36))
SQL SECURITY INVOKER
BEGIN
  SELECT
    m.ModuleID,
    m.ModuleCode,
    m.ModuleName,
    m.NumberOfModule,
    m.Theory,
    m.Practice,
    m.BigExercise,
    m.SubjectID,
    m.CreatedDate,
    m.ModifiedDate,
    s.SubjectName
  FROM module m
    LEFT JOIN subject s
      ON m.SubjectID = s.SubjectID
  WHERE m.ModuleID = moduleId
  ORDER BY m.CreatedDate OR m.ModifiedDate DESC;
END
$$

--
-- Create procedure `Proc_Deleteuser`
--
CREATE PROCEDURE Proc_Deleteuser (IN UserID char(36))
SQL SECURITY INVOKER
BEGIN
  DELETE
    FROM user
  WHERE USER.UserID = UserID;
END
$$

--
-- Create procedure `Proc_Deletesubject`
--
CREATE PROCEDURE Proc_Deletesubject (IN subjectId char(36))
SQL SECURITY INVOKER
BEGIN
  DELETE
    FROM subject
  WHERE SUBJECT.SubjectID = subjectId;

END
$$

--
-- Create procedure `Proc_Deletemodule`
--
CREATE PROCEDURE Proc_Deletemodule (IN moduleId char(36))
SQL SECURITY INVOKER
BEGIN
  DELETE
    FROM module
  WHERE MODULE.ModuleID = moduleId;

END
$$

DELIMITER ;

-- 
-- Dumping data for table subject
--
INSERT INTO subject VALUES
('117d9f19-7fff-3d1c-90d7-047a75e1ce07', 'Bộ môn Công nghệ phần mềm', NULL, NULL),
('1d324248-2c4a-2e6a-80ea-6a3dbe0bcfe3', 'Bộ môn Hệ thống thông tin', NULL, NULL),
('3c6a7b05-211a-29bc-00ba-9a919cad3d6f', 'Bộ môn Khoa học máy tính', NULL, NULL),
('5af25bc2-144b-4684-3469-e2b06e9284be', 'Bộ môn Kỹ thuật và Mạng máy tính', NULL, NULL),
('72702160-2bf0-494d-1b98-ca559e297554', 'Bộ môn Công nghệ đa phương tiện', NULL, NULL);

-- 
-- Dumping data for table ology
--
INSERT INTO ology VALUES
('1ba4c500-5a33-4cef-3709-69a9b1bfbc32', 'Khoa Valerio', NULL, NULL),
('2643c0f2-5381-7a86-1d93-373516031d8e', 'Khoa Thornhill', NULL, NULL),
('28186996-5b5b-7729-455f-1885b89fc8fc', 'Khoa Erickson', NULL, NULL),
('31a38fa9-4c3b-4cf0-0548-b983316b8374', 'Khoa Lerner', NULL, NULL),
('4a084a3f-5d99-1372-b433-62dd4e858bad', 'Khoa Ahern', NULL, NULL),
('5a851e09-4a52-7284-0648-b983316b8374', 'Khoa Mcgraw', NULL, NULL),
('5b6e9fc7-1e70-4fd4-0448-b983316b8374', 'Khoa Marcum', NULL, NULL),
('5c549d77-1e58-4d4e-1fbe-eaf7cc272319', 'Khoa Armenta', NULL, NULL),
('6d825400-4c66-515a-1e93-373516031d8e', 'Khoa Skinner', NULL, NULL),
('7f9589fa-2b58-5866-1c93-373516031d8e', 'Khoa Công Nghệ Thông Tin', '2021-09-05 01:30:04', '2021-09-05 01:30:04');

-- 
-- Dumping data for table teacher
--
INSERT INTO teacher VALUES
('13316ad8-4c06-2f96-dfcb-05dee64e6cc0', 'Trần Văn Như', '0952939075', 'Clint.Clark@nowhere.com', '1d324248-2c4a-2e6a-80ea-6a3dbe0bcfe3', NULL, NULL),
('154d2cf8-3b5b-5c65-c480-872c02b7d2a6', 'Mai Văn Thanh', '0906909412', 'Smoot14@nowhere.com', '1d324248-2c4a-2e6a-80ea-6a3dbe0bcfe3', NULL, NULL),
('17534976-490f-5ca8-aac7-b3346301782e', 'Nông Trọng Chiến', '0926935166', 'Reinaldo_Goforth@nowhere.com', '3c6a7b05-211a-29bc-00ba-9a919cad3d6f', NULL, NULL),
('1dad0c5a-667e-582d-937c-35837e69de14', 'Nguyễn Thị Trí', '0997346440', 'icglpbub6@example.com', '1d324248-2c4a-2e6a-80ea-6a3dbe0bcfe3', NULL, NULL),
('206e60ef-7ded-3138-c880-872c02b7d2a6', 'Nguyễn Thị Nghĩa', '0925737724', 'Prieto@example.com', '117d9f19-7fff-3d1c-90d7-047a75e1ce07', NULL, NULL),
('21278ebe-4b84-3c69-9eff-6cd56556278e', 'Đinh Thành Khánh', '0977334915', 'Quinn_I.Lancaster@example.com', '1d324248-2c4a-2e6a-80ea-6a3dbe0bcfe3', NULL, NULL),
('2274e462-715a-41cc-2c40-483f16f4f2f6', 'Trịnh Tiến Tuyết', '0949701004', 'Mccue4@nowhere.com', '1d324248-2c4a-2e6a-80ea-6a3dbe0bcfe3', NULL, NULL),
('238671a0-30fa-5360-8286-fecdbcc4765c', 'Hoàng Thị Chung', '0932659521', 'AdamMundy@example.com', '3c6a7b05-211a-29bc-00ba-9a919cad3d6f', NULL, NULL),
('2572fee6-2cdf-2670-adc7-b3346301782e', 'Nguyễn Văn Nguyên', '0980663787', 'Driver57@example.com', '72702160-2bf0-494d-1b98-ca559e297554', NULL, NULL),
('25f8b060-4e63-5a53-85b4-ee2381be8d74', 'Nguyễn Thị Danh', '0946511433', 'ekpwp0060@example.com', '117d9f19-7fff-3d1c-90d7-047a75e1ce07', NULL, NULL),
('27ef901c-2feb-20ed-decb-05dee64e6cc0', 'Nguyễn Ánh Chiến', '0947482995', 'RodneyMayers@example.com', '117d9f19-7fff-3d1c-90d7-047a75e1ce07', NULL, NULL),
('2b1fa9de-0de9-11ec-a053-9829a638dac3', 'Đỗ Mạnh Hùng', '0916113319', 'dohung2511@gmail.com', '72702160-2bf0-494d-1b98-ca559e297554', '2021-09-05 08:32:44', '2021-09-05 08:32:44'),
('2b20a822-0de9-11ec-a053-9829a638dac3', 'Nguyễn Thị Mỹ Bình', '0977901599', 'binhdungminhkhue@gmail.com', '72702160-2bf0-494d-1b98-ca559e297554', '2021-09-05 08:32:44', '2021-09-05 08:32:44'),
('2b217759-0de9-11ec-a053-9829a638dac3', 'Nguyễn Văn Tỉnh', '0904195099', 'tinhkh@gmail.com', '72702160-2bf0-494d-1b98-ca559e297554', '2021-09-05 08:32:44', '2021-09-05 08:32:44'),
('2b224e12-0de9-11ec-a053-9829a638dac3', 'Trịnh Bá Quý', '0972289587', 'quytbx@gmail.com', '72702160-2bf0-494d-1b98-ca559e297554', '2021-09-05 08:32:44', '2021-09-05 08:32:44'),
('2b232348-0de9-11ec-a053-9829a638dac3', 'Vũ Đức Huy', '0912316373', 'huyhaui@gmail.com', '72702160-2bf0-494d-1b98-ca559e297554', '2021-09-05 08:32:44', '2021-09-05 08:32:44'),
('2b240ce6-0de9-11ec-a053-9829a638dac3', 'Vũ Minh Yến', '0983087636', 'yenvm@yahoo.com', '72702160-2bf0-494d-1b98-ca559e297554', '2021-09-05 08:32:44', '2021-09-05 08:32:44'),
('2b258c43-0de9-11ec-a053-9829a638dac3', 'Đăng Quỳnh Nga', '0983210342', 'dangquynhnga@gmail.com', '1d324248-2c4a-2e6a-80ea-6a3dbe0bcfe3', '2021-09-05 08:32:44', '2021-09-05 08:32:44'),
('2b2773b7-0de9-11ec-a053-9829a638dac3', 'Đỗ Ngọc Sơn', '0912184155', 'minhson1605@gmail.com', '1d324248-2c4a-2e6a-80ea-6a3dbe0bcfe3', '2021-09-05 08:32:44', '2021-09-05 08:32:44'),
('2b28beac-0de9-11ec-a053-9829a638dac3', 'Ngô Thị Bích Thúy', '0915341566', 'thuyhaui@gmail.com', '1d324248-2c4a-2e6a-80ea-6a3dbe0bcfe3', '2021-09-05 08:32:44', '2021-09-05 08:32:44'),
('2b29af8d-0de9-11ec-a053-9829a638dac3', 'Nguyễn Thị Hương Lan', '0983757472', 'ha2411@gmail.com', '1d324248-2c4a-2e6a-80ea-6a3dbe0bcfe3', '2021-09-05 08:32:44', '2021-09-05 08:32:44'),
('2b2ac494-0de9-11ec-a053-9829a638dac3', 'Nguyễn Thị Nhung', '0973331718', 'ntnhung@gmail.com', '1d324248-2c4a-2e6a-80ea-6a3dbe0bcfe3', '2021-09-05 08:32:44', '2021-09-05 08:32:44'),
('2b2bb230-0de9-11ec-a053-9829a638dac3', 'Nguyễn Thị Thanh Huyền', '0912178425', 'huyen_hic@yahoo.com', '1d324248-2c4a-2e6a-80ea-6a3dbe0bcfe3', '2021-09-05 08:32:44', '2021-09-05 08:32:44'),
('2b2ca122-0de9-11ec-a053-9829a638dac3', 'Phạm Thị Kim Phượng', '0983668768', 'phuongphamk@gmail.com', '1d324248-2c4a-2e6a-80ea-6a3dbe0bcfe3', '2021-09-05 08:32:44', '2021-09-05 08:32:44'),
('2b2d7ab3-0de9-11ec-a053-9829a638dac3', 'Phạm Văn Hà', '0948036600', 'phamvanha@gmail.com', '1d324248-2c4a-2e6a-80ea-6a3dbe0bcfe3', '2021-09-05 08:32:44', '2021-09-05 08:32:44'),
('2b2e5964-0de9-11ec-a053-9829a638dac3', 'Trần Thanh Hùng', '0988565130', 'hungttbk@gmail.com', '1d324248-2c4a-2e6a-80ea-6a3dbe0bcfe3', '2021-09-05 08:32:44', '2021-09-05 08:32:44'),
('2b2f46c0-0de9-11ec-a053-9829a638dac3', 'Vũ Duy Giang', ' 0912238177', 'giangvd@haui.edu.vn; giangvd@cta.vn', '1d324248-2c4a-2e6a-80ea-6a3dbe0bcfe3', '2021-09-05 08:32:44', '2021-09-05 08:32:44'),
('2b30383a-0de9-11ec-a053-9829a638dac3', 'An Văn Minh', '0971332833', 'anvanminh.haui@gmail.com', '3c6a7b05-211a-29bc-00ba-9a919cad3d6f', '2021-09-05 08:32:44', '2021-09-05 08:32:44'),
('2b314e57-0de9-11ec-a053-9829a638dac3', 'Chu Thị Quyên', '0961304687', 'Chuthiquyen@gmail.com', '3c6a7b05-211a-29bc-00ba-9a919cad3d6f', '2021-09-05 08:32:44', '2021-09-05 08:32:44'),
('2b3264ba-0de9-11ec-a053-9829a638dac3', 'Lê Như Hiền', ' 0988060886', 'nhuhien060886@gmail.com', '3c6a7b05-211a-29bc-00ba-9a919cad3d6f', '2021-09-05 08:32:44', '2021-09-05 08:32:44'),
('2b334b36-0de9-11ec-a053-9829a638dac3', 'Lê Thị Thủy', '0988082806', 'thuyduy08@gmail.com', '3c6a7b05-211a-29bc-00ba-9a919cad3d6f', '2021-09-05 08:32:44', '2021-09-05 08:32:44'),
('2b34b8ac-0de9-11ec-a053-9829a638dac3', 'Mai Thanh Hồng', '0936080576', 'maihong1979@gmail.com', '3c6a7b05-211a-29bc-00ba-9a919cad3d6f', '2021-09-05 08:32:44', '2021-09-05 08:32:44'),
('2b362a29-0de9-11ec-a053-9829a638dac3', 'Ngô Thanh Hoà', ' 0914322022', 'cunngoc2006@gmail.com', '3c6a7b05-211a-29bc-00ba-9a919cad3d6f', '2021-09-05 08:32:44', '2021-09-05 08:32:44'),
('2b37f6e8-0de9-11ec-a053-9829a638dac3', 'Nguyễn Cẩm Ngoan', ' 0912611672', 'camngoan8178@gmail.com', '3c6a7b05-211a-29bc-00ba-9a919cad3d6f', '2021-09-05 08:32:44', '2021-09-05 08:32:44'),
('2b391aa3-0de9-11ec-a053-9829a638dac3', 'Nguyễn Lan Anh', '0399595054', 'nglananh1107@gmail.com', '3c6a7b05-211a-29bc-00ba-9a919cad3d6f', '2021-09-05 08:32:44', '2021-09-05 08:32:44'),
('2b3a133a-0de9-11ec-a053-9829a638dac3', 'Nguyễn Mạnh Cường', '0912870090', 'manhcuong.nguyen@haui.edu.vn', '3c6a7b05-211a-29bc-00ba-9a919cad3d6f', '2021-09-05 08:32:44', '2021-09-05 08:32:44'),
('2b3b2743-0de9-11ec-a053-9829a638dac3', 'Nguyễn Văn Thắng', '0913008321', 'thang.nv.cntt@gmail.com', '3c6a7b05-211a-29bc-00ba-9a919cad3d6f', '2021-09-05 08:32:44', '2021-09-05 08:32:44'),
('2b3c3d40-0de9-11ec-a053-9829a638dac3', 'Vũ Thị Tuyết Mai', '0904262849', 'vtmaimai@gmail.com', '3c6a7b05-211a-29bc-00ba-9a919cad3d6f', '2021-09-05 08:32:44', '2021-09-05 08:32:44'),
('2b3e481a-0de9-11ec-a053-9829a638dac3', 'Vũ Việt Thắng', ' 0961984812', 'vvthang@gmail.com', '3c6a7b05-211a-29bc-00ba-9a919cad3d6f', '2021-09-05 08:32:44', '2021-09-05 08:32:44'),
('2b3f3ebf-0de9-11ec-a053-9829a638dac3', 'Trần Hùng Cường', '0983934786', 'tranhungcuonghaui@gmail.com', '3c6a7b05-211a-29bc-00ba-9a919cad3d6f', '2021-09-05 08:32:44', '2021-09-05 08:32:44'),
('2b404a33-0de9-11ec-a053-9829a638dac3', 'Trần Thanh Huân', '0973761677', 'huantt11@gmail.com', '3c6a7b05-211a-29bc-00ba-9a919cad3d6f', '2021-09-05 08:32:44', '2021-09-05 08:32:44'),
('2b413cc0-0de9-11ec-a053-9829a638dac3', 'Đặng Trọng Hợp', '0983144899', 'dangtronghop@gmail.com', '3c6a7b05-211a-29bc-00ba-9a919cad3d6f', '2021-09-05 08:32:44', '2021-09-05 08:32:44'),
('2b428f8e-0de9-11ec-a053-9829a638dac3', 'Đỗ Sinh Trường', '0966389363', 'dst20082010@gmail.com', '5af25bc2-144b-4684-3469-e2b06e9284be', '2021-09-05 08:32:44', '2021-09-05 08:32:44'),
('2b43b65b-0de9-11ec-a053-9829a638dac3', 'Đoàn Văn Trung', '0358218310', 'dvtrung1979@gmail.com', '5af25bc2-144b-4684-3469-e2b06e9284be', '2021-09-05 08:32:44', '2021-09-05 08:32:44'),
('2b449a3d-0de9-11ec-a053-9829a638dac3', 'Lê Anh Thắng', '0912033173', 'thangleanh@yahoo.com', '5af25bc2-144b-4684-3469-e2b06e9284be', '2021-09-05 08:32:44', '2021-09-05 08:32:44'),
('2b45899a-0de9-11ec-a053-9829a638dac3', 'Ngô Văn Bình', '0986336668', 'nvbinh@gmail.com', '5af25bc2-144b-4684-3469-e2b06e9284be', '2021-09-05 08:32:44', '2021-09-05 08:32:44'),
('2b468268-0de9-11ec-a053-9829a638dac3', 'Nguyễn Bá Nghiễn', '0981687231', 'nghien76@gmail.com', '5af25bc2-144b-4684-3469-e2b06e9284be', '2021-09-05 08:32:44', '2021-09-05 08:32:44'),
('2b4772c7-0de9-11ec-a053-9829a638dac3', 'Nguyễn Thanh Hải', '0975869596', 'n_thanhhai@yahoo.com', '5af25bc2-144b-4684-3469-e2b06e9284be', '2021-09-05 08:32:44', '2021-09-05 08:32:44'),
('2b4865f8-0de9-11ec-a053-9829a638dac3', 'Nguyễn Trung Phú', '0989099301', 'ntrungphu@gmail.com', '5af25bc2-144b-4684-3469-e2b06e9284be', '2021-09-05 08:32:44', '2021-09-05 08:32:44'),
('2b49595b-0de9-11ec-a053-9829a638dac3', 'Nguyễn Tuấn Tú', '0968581566', 'tuk1hvktqs@gmail.com', '5af25bc2-144b-4684-3469-e2b06e9284be', '2021-09-05 08:32:44', '2021-09-05 08:32:44'),
('2b4a4615-0de9-11ec-a053-9829a638dac3', 'Phạm Thế Anh', '0372881182', 'Anh_haui2006@yahoo.com', '5af25bc2-144b-4684-3469-e2b06e9284be', '2021-09-05 08:32:44', '2021-09-05 08:32:44'),
('2b4b246a-0de9-11ec-a053-9829a638dac3', 'Phạm Văn Hiệp', '0912008755', 'hiephic@yahoo.com', '5af25bc2-144b-4684-3469-e2b06e9284be', '2021-09-05 08:32:44', '2021-09-05 08:32:44'),
('2b4c24ce-0de9-11ec-a053-9829a638dac3', 'Trần Phương Nhung', '0913015824', 'phuongnhungk44c_81@yahoo.com', '5af25bc2-144b-4684-3469-e2b06e9284be', '2021-09-05 08:32:44', '2021-09-05 08:32:44'),
('2b4d4257-0de9-11ec-a053-9829a638dac3', 'Hà Mạnh Đào', '0868406224', 'daohm@haui.edu.vn', '117d9f19-7fff-3d1c-90d7-047a75e1ce07', '2021-09-05 08:32:44', '2021-09-05 08:32:44'),
('2b4e2d45-0de9-11ec-a053-9829a638dac3', 'Hoàng Quang Huy', '0906125656', 'huyhqfit@yahoo.com', '117d9f19-7fff-3d1c-90d7-047a75e1ce07', '2021-09-05 08:32:44', '2021-09-05 08:32:44'),
('2b4ee330-0de9-11ec-a053-9829a638dac3', 'Nguyễn Đức Lưu', '0979768010', 'luuhaui@yahoo.com.vn', '117d9f19-7fff-3d1c-90d7-047a75e1ce07', '2021-09-05 08:32:44', '2021-09-05 08:32:44'),
('2b4fa869-0de9-11ec-a053-9829a638dac3', 'Nguyễn Thái Cường', '0909846699', 'cuongnt81hn@gmail.com', '117d9f19-7fff-3d1c-90d7-047a75e1ce07', '2021-09-05 08:32:44', '2021-09-05 08:32:44'),
('2b506641-0de9-11ec-a053-9829a638dac3', 'Trần Tiến Dũng', '0912304113', 'trantd.vn@gmail.com', '117d9f19-7fff-3d1c-90d7-047a75e1ce07', '2021-09-05 08:32:44', '2021-09-05 08:32:44'),
('2b512873-0de9-11ec-a053-9829a638dac3', 'Vũ Thị Dương', '0904755919', 'vuthi.duong01@gmail.com', '117d9f19-7fff-3d1c-90d7-047a75e1ce07', '2021-09-05 08:32:44', '2021-09-05 08:32:44'),
('2b51db0c-0de9-11ec-a053-9829a638dac3', 'Vũ Đình Minh', '0912327850', 'vudinhminh@gmail.com', '117d9f19-7fff-3d1c-90d7-047a75e1ce07', '2021-09-05 08:32:44', '2021-09-05 08:32:44'),
('2d2a8fe1-1f19-2b7c-83b4-ee2381be8d74', 'Nguyễn Hưng Nhài', '0992068338', 'Jannet_GMckee85@nowhere.com', '3c6a7b05-211a-29bc-00ba-9a919cad3d6f', NULL, NULL),
('2f8460ed-3d3d-4ebb-6a3b-801cd82cdd42', 'Bùi Anh Long', '0918084210', 'Brenton.Fitzsimmons@example.com', '72702160-2bf0-494d-1b98-ca559e297554', NULL, NULL),
('2fbea47e-55c2-27aa-c780-872c02b7d2a6', 'Nguyễn Văn Lĩnh', '0922074049', 'Caudill@nowhere.com', '1d324248-2c4a-2e6a-80ea-6a3dbe0bcfe3', NULL, NULL),
('301f501a-4778-1a33-2d40-483f16f4f2f6', 'Trần Vân Khuê', '0909893590', 'Abraham@example.com', '72702160-2bf0-494d-1b98-ca559e297554', NULL, NULL),
('31bdd7b0-51ae-1dc1-e0cb-05dee64e6cc0', 'Võ Khánh Huyền', '0926846858', 'LuisaZMuse@example.com', '72702160-2bf0-494d-1b98-ca559e297554', NULL, NULL),
('3302d55d-758b-1ad7-927c-35837e69de14', 'Mai Văn Nhài', '0968130112', 'mhihykpi_izyfqsfhy@example.com', '5af25bc2-144b-4684-3469-e2b06e9284be', NULL, NULL),
('3425fa64-1158-6c2a-947c-35837e69de14', 'Vũ Văn Quyên', '0946461801', 'GregoryRodrigue@example.com', '117d9f19-7fff-3d1c-90d7-047a75e1ce07', NULL, NULL),
('3453b47e-352e-6076-987c-35837e69de14', 'Mai Thị Khánh', '0995116594', 'Elliott@example.com', '72702160-2bf0-494d-1b98-ca559e297554', NULL, NULL),
('34b55562-222d-6919-e2cb-05dee64e6cc0', 'Nguyễn Đức Ánh', '0963502818', 'AdelaMejia@example.com', '1d324248-2c4a-2e6a-80ea-6a3dbe0bcfe3', NULL, NULL),
('37c0c9e4-178f-574a-e1cb-05dee64e6cc0', 'Nguyễn Thị Phong', '0970266071', 'AlphonsoMatlock371@example.com', '117d9f19-7fff-3d1c-90d7-047a75e1ce07', NULL, NULL),
('38cc7c40-177d-388c-8486-fecdbcc4765c', 'Nông Thị Cảnh', '0902702292', 'Mabry@example.com', '3c6a7b05-211a-29bc-00ba-9a919cad3d6f', NULL, NULL),
('39fbf646-5181-76ce-aec7-b3346301782e', 'Nguyễn Văn Thư', '0909554779', 'AlvaLeclair19@example.com', '1d324248-2c4a-2e6a-80ea-6a3dbe0bcfe3', NULL, NULL),
('3a01f5bb-5dbd-721c-abc7-b3346301782e', 'Bùi Hưng Toản', '0974583237', 'RenatoColley9@example.com', '72702160-2bf0-494d-1b98-ca559e297554', NULL, NULL),
('3a02094a-64fe-51d3-2a40-483f16f4f2f6', 'Nguyễn Ngọc Tài', '0970510558', 'etadog2515@example.com', '1d324248-2c4a-2e6a-80ea-6a3dbe0bcfe3', NULL, NULL),
('3ba5bdd4-158a-55c7-2b40-483f16f4f2f6', 'Trần Văn Tuệ', '0909509165', 'RyanAnders7@example.com', '117d9f19-7fff-3d1c-90d7-047a75e1ce07', NULL, NULL),
('3c70ea1c-7c07-37a4-b0c7-b3346301782e', 'Trần Việt Công', '0936755152', 'dmvdns2148@example.com', '117d9f19-7fff-3d1c-90d7-047a75e1ce07', NULL, NULL),
('40982e50-6653-1215-15f5-c98d315c59dd', 'Mai Văn Minh', '0956848733', 'fmtskgwn_mpjfo@example.com', '3c6a7b05-211a-29bc-00ba-9a919cad3d6f', NULL, NULL),
('422b843f-70b6-2496-693b-801cd82cdd42', 'Nguyễn Tiến Quân', '0959145426', 'Knott@nowhere.com', '1d324248-2c4a-2e6a-80ea-6a3dbe0bcfe3', NULL, NULL),
('4295d2c7-36a1-572f-683b-801cd82cdd42', 'Nguyễn Thị Chi', '0965615803', 'Arden.Mcmillen@nowhere.com', '117d9f19-7fff-3d1c-90d7-047a75e1ce07', NULL, NULL),
('43c7434e-2223-2d1e-957c-35837e69de14', 'Võ Ánh Anh', '0996030499', 'Antone.Harrell57@example.com', '117d9f19-7fff-3d1c-90d7-047a75e1ce07', NULL, NULL),
('442627f5-7b31-2e48-16f5-c98d315c59dd', 'Trần Thị Lệ', '0967458185', 'Tashia.Q.Olivas@example.com', '1d324248-2c4a-2e6a-80ea-6a3dbe0bcfe3', NULL, NULL),
('449281ed-7f3b-2d3d-acc7-b3346301782e', 'Trần Văn Thông', '0909405010', 'Kathaleen_Reinhardt@example.com', '5af25bc2-144b-4684-3469-e2b06e9284be', NULL, NULL),
('470dd012-7886-75fc-8186-fecdbcc4765c', 'Trịnh Quang Hương', '0917994085', 'JessHuntington@example.com', '117d9f19-7fff-3d1c-90d7-047a75e1ce07', NULL, NULL),
('48f7fb81-6e0b-64b3-6b3b-801cd82cdd42', 'Nguyễn Thị Long', '0937803138', 'Abdul.Alger18@nowhere.com', '117d9f19-7fff-3d1c-90d7-047a75e1ce07', NULL, NULL),
('4b01e1a4-7f03-1843-9dff-6cd56556278e', 'Nông Vân Bốn', '0994294172', 'JosephinaHavens117@example.com', '117d9f19-7fff-3d1c-90d7-047a75e1ce07', NULL, NULL),
('4bf555c0-58ad-53b4-c680-872c02b7d2a6', 'Mai Ngọc Hà', '0954182099', 'Cleveland.JFrick11@example.com', '5af25bc2-144b-4684-3469-e2b06e9284be', NULL, NULL),
('52ae6322-7e3e-5d41-17f5-c98d315c59dd', 'Nguyễn Ánh Hạnh', '0959303350', 'AlbaCurran83@nowhere.com', '117d9f19-7fff-3d1c-90d7-047a75e1ce07', NULL, NULL),
('57f54b26-76af-319c-9bff-6cd56556278e', 'Trần Thị Chiến', '0919947214', 'AdelleW_Greiner@nowhere.com', '3c6a7b05-211a-29bc-00ba-9a919cad3d6f', NULL, NULL),
('5e04a759-60c4-52ae-9cff-6cd56556278e', 'Bùi Thị Anh', '0912526839', 'Delmar_Acker@nowhere.com', '5af25bc2-144b-4684-3469-e2b06e9284be', NULL, NULL),
('624de811-5a7c-5695-6c3b-801cd82cdd42', 'Vũ Linh Dương', '0979013247', 'Dorian_Dexter@example.com', '1d324248-2c4a-2e6a-80ea-6a3dbe0bcfe3', NULL, NULL),
('69232a05-18ad-5bcc-afc7-b3346301782e', 'Mai Kim Dương', '0966425413', 'Mills17@example.com', '117d9f19-7fff-3d1c-90d7-047a75e1ce07', NULL, NULL),
('6f11e617-1860-1eac-c980-872c02b7d2a6', 'Nguyễn Hưng Minh', '0911643246', 'Otero16@nowhere.com', '72702160-2bf0-494d-1b98-ca559e297554', NULL, NULL),
('711510bd-606e-7b68-ddcb-05dee64e6cc0', 'Đinh Thị Loan', '0992024381', 'SungAlvarez@nowhere.com', '3c6a7b05-211a-29bc-00ba-9a919cad3d6f', NULL, NULL),
('730389ab-20c5-7969-8386-fecdbcc4765c', 'Trần Thị Nguyệt', '0925479932', 'Antonio@example.com', '72702160-2bf0-494d-1b98-ca559e297554', NULL, NULL),
('74601f7a-1529-6bab-977c-35837e69de14', 'Trần Ngọc Vân', '0912432203', 'Jamal_Mcneely@example.com', '1d324248-2c4a-2e6a-80ea-6a3dbe0bcfe3', NULL, NULL),
('7848a399-664c-4cf0-c580-872c02b7d2a6', 'Nguyễn Trí Dương', '0971841452', 'Nikole_QMahan@example.com', '72702160-2bf0-494d-1b98-ca559e297554', NULL, NULL),
('78e5aa99-408c-3422-ca80-872c02b7d2a6', 'Nguyễn Thị Hồng', '0913876113', 'Whitney_Leeper@nowhere.com', '5af25bc2-144b-4684-3469-e2b06e9284be', NULL, NULL),
('7b84ac41-6fa7-7a30-84b4-ee2381be8d74', 'Trương Thị Trung', '0989818993', 'Adaline.B.Parent6@example.com', '1d324248-2c4a-2e6a-80ea-6a3dbe0bcfe3', NULL, NULL),
('7d068934-72d3-5e32-967c-35837e69de14', 'Nguyễn Thị Bình', '0904342234', 'Logsdon213@nowhere.com', '5af25bc2-144b-4684-3469-e2b06e9284be', NULL, NULL);

-- 
-- Dumping data for table semester
--
INSERT INTO semester VALUES
('2ef0f747-5fdc-3ec0-2db0-48538a4b886b', 'Học Kỳ Phụ 1', NULL, NULL),
('3f2eebf9-3771-1568-15b1-ce2d324a94cc', 'Học kỳ 1', NULL, NULL),
('3f5dbf82-3149-173b-b7de-afb1a862d41c', 'Học Kỳ 2', NULL, NULL),
('75715e61-1bb8-5e6b-39aa-a85f1a471f4a', 'Học Kỳ Phụ 2', NULL, NULL);

-- 
-- Dumping data for table schoolyear
--
INSERT INTO schoolyear VALUES
('31a91785-3caf-2f79-75b4-6865aee0822f', 'Năm học 2020-2021', NULL, NULL),
('6614b51e-1601-1db7-3ceb-2305cc661988', 'Năm học 2017-2018', NULL, NULL),
('746bf215-69f0-63d5-24a0-a553e7ce7f6e', 'Năm học 2019-2020', NULL, NULL),
('7ecb3390-7390-54b9-4303-f11690f6e6eb', 'Năm học 2018-2019', NULL, NULL),
('7f7d8c60-24a7-7edf-2db8-7265ab5e4dd2', 'Năm học 2016-2017', NULL, NULL);

-- 
-- Dumping data for table module
--
INSERT INTO module VALUES
('152bd1b0-3e3e-6e7b-7bff-f8ad76748b41', 'HP-8135', 'Học phần Boucher', 0, 9, 6, 1, '3c6a7b05-211a-29bc-00ba-9a919cad3d6f', NULL, NULL),
('15e14119-2b14-2356-a356-4fc3bbeea6ea', 'HP-8735', 'Học phần Ames', 10, 0, 12, 13, '1d324248-2c4a-2e6a-80ea-6a3dbe0bcfe3', NULL, NULL),
('172bfb98-61e3-1a45-b144-6bc098520b79', 'HP-2027', 'Học phần Andrus', 1, 7, 8, 13, '1d324248-2c4a-2e6a-80ea-6a3dbe0bcfe3', NULL, NULL),
('1882a7c3-4ac9-63c5-934a-775f5b0c255b', 'HP-7996', 'Học phần Ragland', 11, 9, 0, 6, '1d324248-2c4a-2e6a-80ea-6a3dbe0bcfe3', NULL, NULL),
('1975a37d-41d2-5eff-08a6-59a0c0702c31', 'HP-0135', 'Học phần Fiore', 7, 2, 3, 14, '5af25bc2-144b-4684-3469-e2b06e9284be', NULL, NULL),
('19c218fd-281b-2e0c-c98f-e9717deaa492', 'HP-0634', 'Học phần Mcmillian', 3, 3, 7, 2, '117d9f19-7fff-3d1c-90d7-047a75e1ce07', NULL, NULL),
('1a40131a-73f7-1c19-8d0b-d111d7560dd1', 'HP-8651', 'Học phần Looney', 1, 3, 2, 11, '5af25bc2-144b-4684-3469-e2b06e9284be', NULL, NULL),
('1b7afceb-66eb-4e6d-8e0b-d111d7560dd1', 'HP-1089', 'Học phần Rosario', 3, 8, 7, 2, '1d324248-2c4a-2e6a-80ea-6a3dbe0bcfe3', NULL, NULL),
('1c1fcd85-59ec-7f23-924a-775f5b0c255b', 'HP-8740', 'Học phần Acosta', 8, 3, 5, 11, '72702160-2bf0-494d-1b98-ca559e297554', NULL, NULL),
('1cc9577e-32fe-55db-944a-775f5b0c255b', 'HP-5624', 'Học phần Hough', 5, 8, 12, 10, '5af25bc2-144b-4684-3469-e2b06e9284be', NULL, NULL),
('1ce44394-2f81-5943-7aff-f8ad76748b41', 'HP-2589', 'Học phần Abrams', 11, 8, 1, 2, '1d324248-2c4a-2e6a-80ea-6a3dbe0bcfe3', NULL, NULL),
('1d761207-4485-528e-806a-e0860b0602ba', 'HP-6037', 'Học phần Ocasio', 11, 9, 5, 14, '72702160-2bf0-494d-1b98-ca559e297554', NULL, NULL),
('20aa4bfe-1bf4-6715-0da6-59a0c0702c31', 'HP-9102', 'Học phần Bell', 4, 15, 7, 3, '5af25bc2-144b-4684-3469-e2b06e9284be', NULL, NULL),
('25efbe65-696b-226c-cd8f-e9717deaa492', 'HP-5546', 'Học phần Hathaway', 9, 14, 0, 2, '117d9f19-7fff-3d1c-90d7-047a75e1ce07', NULL, NULL),
('270ebc7c-34b9-7493-b444-6bc098520b79', 'HP-3664', 'Học phần Matson', 1, 13, 1, 15, '117d9f19-7fff-3d1c-90d7-047a75e1ce07', NULL, NULL),
('274ef38d-6952-6e33-ce8f-e9717deaa492', 'HP-9405', 'Học phần Berrios', 4, 15, 3, 10, '5af25bc2-144b-4684-3469-e2b06e9284be', NULL, NULL),
('2a2317ec-7be5-49d8-f25a-dbeedbd89217', 'HP-8858', 'Học phần Cabral', 12, 3, 4, 6, '1d324248-2c4a-2e6a-80ea-6a3dbe0bcfe3', NULL, NULL),
('2cc67e6d-5a05-423e-7dff-f8ad76748b41', 'HP-7348', 'Học phần Marcotte', 1, 11, 1, 3, '117d9f19-7fff-3d1c-90d7-047a75e1ce07', NULL, NULL),
('2cfa16ff-1641-46e2-b344-6bc098520b79', 'HP-2272', 'Học phần Bolling', 1, 1, 7, 7, '72702160-2bf0-494d-1b98-ca559e297554', NULL, NULL),
('2ee7af5c-4a84-745d-f15a-dbeedbd89217', 'HP-8500', 'Học phần Bennett', 5, 0, 5, 15, '117d9f19-7fff-3d1c-90d7-047a75e1ce07', NULL, NULL),
('3061c62e-7ef4-7db1-8c0b-d111d7560dd1', 'HP-1895', 'Học phần Abernathy', 8, 13, 7, 10, '72702160-2bf0-494d-1b98-ca559e297554', NULL, NULL),
('31df9e9c-56fc-3664-a156-4fc3bbeea6ea', 'HP-5906', 'Học phần Helton', 2, 10, 14, 5, '3c6a7b05-211a-29bc-00ba-9a919cad3d6f', NULL, NULL),
('334d4519-33ef-6c5f-7cff-f8ad76748b41', 'HP-3140', 'Học phần Cano', 6, 14, 10, 12, '3c6a7b05-211a-29bc-00ba-9a919cad3d6f', NULL, NULL),
('380cb357-23ad-459d-0ba6-59a0c0702c31', 'HP-6790', 'Học phần Adamson', 3, 2, 0, 6, '3c6a7b05-211a-29bc-00ba-9a919cad3d6f', NULL, NULL),
('3b12f323-3359-1787-0ca6-59a0c0702c31', 'HP-5895', 'Học phần Connolly', 12, 3, 14, 3, '3c6a7b05-211a-29bc-00ba-9a919cad3d6f', NULL, NULL),
('3f7bb059-6c87-1b53-7f6a-e0860b0602ba', 'HP-2721', 'Học phần Cortes', 7, 5, 3, 4, '72702160-2bf0-494d-1b98-ca559e297554', NULL, NULL),
('3f84bcae-3049-58d5-a256-4fc3bbeea6ea', 'HP-8144', 'Học phần Beeler', 11, 7, 6, 14, '5af25bc2-144b-4684-3469-e2b06e9284be', NULL, NULL),
('4419e3b6-6dcb-722d-ef5a-dbeedbd89217', 'HP-1927', 'Học phần Pyle', 8, 9, 13, 10, '3c6a7b05-211a-29bc-00ba-9a919cad3d6f', NULL, NULL),
('44b28091-5231-5329-cb8f-e9717deaa492', 'HP-9336', 'Học phần Rawlings', 10, 10, 9, 4, '117d9f19-7fff-3d1c-90d7-047a75e1ce07', NULL, NULL),
('45706b02-17ac-116f-681f-62d5266e68a0', 'HP-1118', 'Học phần Spruill', 9, 6, 1, 11, '3c6a7b05-211a-29bc-00ba-9a919cad3d6f', NULL, NULL),
('46d2b831-0de9-11ec-a053-9829a638dac3', 'HP-9974', 'Công nghệ đa phương tiện', 3, 2, 1, 1, '117d9f19-7fff-3d1c-90d7-047a75e1ce07', '2021-09-05 08:33:30', '2021-09-05 08:33:30'),
('46d3bddb-0de9-11ec-a053-9829a638dac3', 'HP-9975', 'Công nghệ đa phương tiện', 3, 2, 1, 1, '117d9f19-7fff-3d1c-90d7-047a75e1ce07', '2021-09-05 08:33:30', '2021-09-05 08:33:30'),
('46d496df-0de9-11ec-a053-9829a638dac3', 'HP-9976', 'Công nghệ đa phương tiện', 3, 2, 1, 1, '117d9f19-7fff-3d1c-90d7-047a75e1ce07', '2021-09-05 08:33:30', '2021-09-05 08:33:30'),
('46d56bf3-0de9-11ec-a053-9829a638dac3', 'HP-9977', 'Công nghệ đa phương tiện', 3, 2, 1, 1, '117d9f19-7fff-3d1c-90d7-047a75e1ce07', '2021-09-05 08:33:30', '2021-09-05 08:33:30'),
('46d70820-0de9-11ec-a053-9829a638dac3', 'HP-9978', 'Đồ Họa Máy Tính', 3, 2, 1, 1, '117d9f19-7fff-3d1c-90d7-047a75e1ce07', '2021-09-05 08:33:30', '2021-09-05 08:33:30'),
('46d8626d-0de9-11ec-a053-9829a638dac3', 'HP-9979', 'Đồ Họa Máy Tính', 3, 2, 1, 1, '117d9f19-7fff-3d1c-90d7-047a75e1ce07', '2021-09-05 08:33:30', '2021-09-05 08:33:30'),
('46d93702-0de9-11ec-a053-9829a638dac3', 'HP-9980', 'Đồ Họa Máy Tính', 3, 2, 1, 1, '117d9f19-7fff-3d1c-90d7-047a75e1ce07', '2021-09-05 08:33:30', '2021-09-05 08:33:30'),
('46da84c9-0de9-11ec-a053-9829a638dac3', 'HP-9981', 'Lập trình ứng dụng  Web', 3, 2, 1, 1, '117d9f19-7fff-3d1c-90d7-047a75e1ce07', '2021-09-05 08:33:30', '2021-09-05 08:33:30'),
('46db61f3-0de9-11ec-a053-9829a638dac3', 'HP-9982', 'Lập trình ứng dụng  Web', 3, 2, 1, 1, '117d9f19-7fff-3d1c-90d7-047a75e1ce07', '2021-09-05 08:33:30', '2021-09-05 08:33:30'),
('46dc40f2-0de9-11ec-a053-9829a638dac3', 'HP-9983', 'Lập trình ứng dụng  Web', 3, 2, 1, 1, '117d9f19-7fff-3d1c-90d7-047a75e1ce07', '2021-09-05 08:33:30', '2021-09-05 08:33:30'),
('4ca73c94-291d-73c7-954a-775f5b0c255b', 'HP-1924', 'Học phần Blakely', 8, 14, 14, 14, '3c6a7b05-211a-29bc-00ba-9a919cad3d6f', NULL, NULL),
('4e86ee0c-533e-1855-671f-62d5266e68a0', 'HP-6477', 'Học phần Acker', 0, 13, 4, 7, '72702160-2bf0-494d-1b98-ca559e297554', NULL, NULL),
('4f128bf7-7cde-51c3-f35a-dbeedbd89217', 'HP-9075', 'Học phần Lawless', 5, 12, 2, 9, '3c6a7b05-211a-29bc-00ba-9a919cad3d6f', NULL, NULL),
('5388d57b-2c9e-6c0a-b644-6bc098520b79', 'HP-2288', 'Học phần Newell', 7, 10, 0, 4, '72702160-2bf0-494d-1b98-ca559e297554', NULL, NULL),
('54087c86-5a3b-77f9-a456-4fc3bbeea6ea', 'HP-9396', 'Học phần Aguilera', 9, 5, 9, 15, '3c6a7b05-211a-29bc-00ba-9a919cad3d6f', NULL, NULL),
('56d97e17-4a62-3c01-b544-6bc098520b79', 'HP-9946', 'Học phần Ambrose', 10, 1, 2, 11, '3c6a7b05-211a-29bc-00ba-9a919cad3d6f', NULL, NULL),
('595a1661-7620-1982-0aa6-59a0c0702c31', 'HP-6210', 'Học phần Alvarado', 3, 15, 1, 12, '117d9f19-7fff-3d1c-90d7-047a75e1ce07', NULL, NULL),
('676c50b7-4130-6122-b044-6bc098520b79', 'HP-6798', 'Học phần Moyer', 11, 0, 13, 6, '5af25bc2-144b-4684-3469-e2b06e9284be', NULL, NULL),
('6ce5ae5b-7dc2-7eaf-f05a-dbeedbd89217', 'HP-1016', 'Học phần Ordonez', 4, 9, 12, 0, '1d324248-2c4a-2e6a-80ea-6a3dbe0bcfe3', NULL, NULL),
('6e0e23cc-5dbb-6fe0-8b0b-d111d7560dd1', 'HP-5838', 'Học phần Abbott', 11, 3, 4, 7, '5af25bc2-144b-4684-3469-e2b06e9284be', NULL, NULL),
('6e12e208-3a95-539a-f45a-dbeedbd89217', 'HP-3275', 'Học phần Abraham', 12, 3, 3, 1, '5af25bc2-144b-4684-3469-e2b06e9284be', NULL, NULL),
('6fd9cee5-30b5-5670-79ff-f8ad76748b41', 'HP-2646', 'Học phần Mcgrew', 11, 7, 11, 14, '72702160-2bf0-494d-1b98-ca559e297554', NULL, NULL),
('70701af8-7bc4-5d50-07a6-59a0c0702c31', 'HP-7905', 'Học phần Wharton', 5, 9, 12, 2, '117d9f19-7fff-3d1c-90d7-047a75e1ce07', NULL, NULL),
('73e731d0-5a66-755a-691f-62d5266e68a0', 'HP-8510', 'Học phần Davila', 9, 7, 7, 3, '3c6a7b05-211a-29bc-00ba-9a919cad3d6f', NULL, NULL),
('7536aa8e-77f4-2e74-cc8f-e9717deaa492', 'HP-2945', 'Học phần Brower', 0, 2, 9, 12, '3c6a7b05-211a-29bc-00ba-9a919cad3d6f', NULL, NULL),
('7a4d803b-199b-2a42-964a-775f5b0c255b', 'HP-9013', 'Học phần Abel', 11, 6, 10, 3, '3c6a7b05-211a-29bc-00ba-9a919cad3d6f', NULL, NULL),
('7b2cc0a1-7058-6971-ca8f-e9717deaa492', 'HP-3208', 'Học phần Lujan', 3, 1, 15, 14, '5af25bc2-144b-4684-3469-e2b06e9284be', NULL, NULL),
('7c185eef-7078-4c53-816a-e0860b0602ba', 'HP-1542', 'Học phần Morrell', 7, 4, 14, 1, '3c6a7b05-211a-29bc-00ba-9a919cad3d6f', NULL, NULL),
('7e895323-4cec-68de-b244-6bc098520b79', 'HP-5285', 'Học phần Adam', 8, 5, 14, 8, '72702160-2bf0-494d-1b98-ca559e297554', NULL, NULL),
('7f5a4dac-6d24-2306-09a6-59a0c0702c31', 'HP-5226', 'Học phần Easter', 2, 0, 8, 14, '117d9f19-7fff-3d1c-90d7-047a75e1ce07', NULL, NULL);

-- 
-- Dumping data for table majors
--
INSERT INTO majors VALUES
('26021185-77af-263c-842a-acc8fc2f00af', 'NGH-3333', 'Ngành Hệ Thống Thông Tin', '5b6e9fc7-1e70-4fd4-0448-b983316b8374', NULL, NULL),
('2b031b59-5276-589c-9d75-2a7ae1c799c8', 'NGH-4444', 'Ngành Khoa Học Máy Tính', '5b6e9fc7-1e70-4fd4-0448-b983316b8374', NULL, NULL),
('427b1814-60ed-47cf-edb5-aae5d250830a', 'NGH-2222', 'Ngành Công Nghệ Thông Tin', '6d825400-4c66-515a-1e93-373516031d8e', NULL, NULL),
('6118a7ff-742b-25db-a9c1-8e252c39bb73', 'NGH-1111', 'Ngành Kỹ Thuật Phần Mềm', '5b6e9fc7-1e70-4fd4-0448-b983316b8374', NULL, NULL),
('95eb2b0b-0dea-11ec-a053-9829a638dac3', 'NGH-4445', 'fdsfđf', '7f9589fa-2b58-5866-1c93-373516031d8e', '2021-09-05 08:42:53', '2021-09-05 08:42:53');

-- 
-- Dumping data for table course
--
INSERT INTO course VALUES
('35e773ea-5d44-2dda-26a8-6d513e380bde', 'K11', '2002-09-13', '1987-11-19', NULL, NULL),
('3f8e6896-4c7d-15f5-a018-75d8bd200d7c', 'K10', '1991-12-24', '1977-09-30', NULL, NULL),
('45ac3d26-18f2-18a9-3031-644313fbb055', 'K8', '1977-03-04', '2001-01-04', NULL, NULL),
('647a538e-630d-39cd-0144-e5a214c15aa7', 'K14', '1997-01-18', '2005-01-18', NULL, NULL),
('6f45e010-3200-5943-27a8-6d513e380bde', 'K13', '2011-11-06', '1972-07-03', NULL, NULL),
('75cce5a6-4f7f-3671-3cf3-eb0223d0a4f7', 'K9', '1970-11-04', '1971-07-21', NULL, NULL),
('78aafe4a-67a7-2076-3bf3-eb0223d0a4f7', 'K16', '1970-05-18', '2007-03-10', NULL, NULL),
('7c48a057-3c21-3db0-06a4-60fcae00630c', 'K12', '2002-12-23', '1998-09-06', NULL, NULL),
('7c4f14d8-66fb-14ae-198f-6354f958f4c0', 'K7', '1996-11-24', '1976-09-14', NULL, NULL),
('a2b6d7da-0de9-11ec-a053-9829a638dac3', 'K17', '2021-09-05', '2025-09-05', '2021-09-05 08:36:29', '2021-09-05 08:36:29');

-- 
-- Dumping data for table moduleclass
--
INSERT INTO moduleclass VALUES
('12005c59-4cdb-2a35-f0f6-092cdb0ab5e8', 'LHP-0977', '34b55562-222d-6919-e2cb-05dee64e6cc0', '1ce44394-2f81-5943-7aff-f8ad76748b41', 1, '1990-12-02', '1975-08-17', NULL, NULL, '2ef0f747-5fdc-3ec0-2db0-48538a4b886b', '7ecb3390-7390-54b9-4303-f11690f6e6eb'),
('1ae4f1d0-48f9-3cac-2cdc-88a3ac8a3bba', 'LHP-5456', '301f501a-4778-1a33-2d40-483f16f4f2f6', '1c1fcd85-59ec-7f23-924a-775f5b0c255b', 0, '1988-10-31', '1976-08-12', NULL, NULL, '3f5dbf82-3149-173b-b7de-afb1a862d41c', '6614b51e-1601-1db7-3ceb-2305cc661988'),
('1f6428fc-3a0a-5d80-dcab-8b7af6721bcf', 'LHP-3458', '2274e462-715a-41cc-2c40-483f16f4f2f6', '152bd1b0-3e3e-6e7b-7bff-f8ad76748b41', 0, '1977-02-07', '2017-02-22', NULL, NULL, '3f5dbf82-3149-173b-b7de-afb1a862d41c', '746bf215-69f0-63d5-24a0-a553e7ce7f6e'),
('215c458d-76a1-715d-b8b1-c1540d491251', 'LHP-1239', '5e04a759-60c4-52ae-9cff-6cd56556278e', '6e12e208-3a95-539a-f45a-dbeedbd89217', 2, '2001-11-18', '1977-12-17', NULL, NULL, '2ef0f747-5fdc-3ec0-2db0-48538a4b886b', '6614b51e-1601-1db7-3ceb-2305cc661988'),
('2229d431-6911-6ec7-d592-0ed10b503732', 'LHP-8244', '31bdd7b0-51ae-1dc1-e0cb-05dee64e6cc0', '3061c62e-7ef4-7db1-8c0b-d111d7560dd1', 2, '1970-01-04', '1977-02-28', NULL, NULL, '3f2eebf9-3771-1568-15b1-ce2d324a94cc', '31a91785-3caf-2f79-75b4-6865aee0822f'),
('24873f8c-4b36-5550-2bdc-88a3ac8a3bba', 'LHP-8161', '57f54b26-76af-319c-9bff-6cd56556278e', '7a4d803b-199b-2a42-964a-775f5b0c255b', 2, '2007-10-22', '1972-03-31', NULL, NULL, '3f5dbf82-3149-173b-b7de-afb1a862d41c', '6614b51e-1601-1db7-3ceb-2305cc661988'),
('24b6e294-3962-3cac-eff6-092cdb0ab5e8', 'LHP-4720', '1dad0c5a-667e-582d-937c-35837e69de14', '7f5a4dac-6d24-2306-09a6-59a0c0702c31', 1, '1985-05-06', '1970-01-07', NULL, NULL, '75715e61-1bb8-5e6b-39aa-a85f1a471f4a', '7ecb3390-7390-54b9-4303-f11690f6e6eb'),
('26908de3-5b2d-58bb-f1f6-092cdb0ab5e8', 'LHP-0639', '25f8b060-4e63-5a53-85b4-ee2381be8d74', '54087c86-5a3b-77f9-a456-4fc3bbeea6ea', 2, '2011-12-30', '1979-07-03', NULL, NULL, '2ef0f747-5fdc-3ec0-2db0-48538a4b886b', '746bf215-69f0-63d5-24a0-a553e7ce7f6e'),
('2bdbb408-2566-47f8-dbab-8b7af6721bcf', 'LHP-0213', '7848a399-664c-4cf0-c580-872c02b7d2a6', '1a40131a-73f7-1c19-8d0b-d111d7560dd1', 2, '1991-12-01', '1984-12-14', NULL, NULL, '2ef0f747-5fdc-3ec0-2db0-48538a4b886b', '746bf215-69f0-63d5-24a0-a553e7ce7f6e'),
('2d2631c0-30a8-1850-bb47-901f27b89d18', 'LHP-2521', '34b55562-222d-6919-e2cb-05dee64e6cc0', '380cb357-23ad-459d-0ba6-59a0c0702c31', 2, '1970-01-09', '1971-06-22', NULL, NULL, '75715e61-1bb8-5e6b-39aa-a85f1a471f4a', '7f7d8c60-24a7-7edf-2db8-7265ab5e4dd2'),
('31163c02-33fc-587f-f2f6-092cdb0ab5e8', 'LHP-6119', '69232a05-18ad-5bcc-afc7-b3346301782e', '2cfa16ff-1641-46e2-b344-6bc098520b79', 2, '1979-06-08', '1981-11-13', NULL, NULL, '2ef0f747-5fdc-3ec0-2db0-48538a4b886b', '7f7d8c60-24a7-7edf-2db8-7265ab5e4dd2'),
('329cf47b-1dcc-5625-d792-0ed10b503732', 'LHP-3210', '69232a05-18ad-5bcc-afc7-b3346301782e', '3f84bcae-3049-58d5-a256-4fc3bbeea6ea', 1, '1970-01-10', '2003-03-08', NULL, NULL, '2ef0f747-5fdc-3ec0-2db0-48538a4b886b', '6614b51e-1601-1db7-3ceb-2305cc661988'),
('3483adfe-38c9-1789-9f66-43a328b17837', 'LHP-3987', '57f54b26-76af-319c-9bff-6cd56556278e', '7e895323-4cec-68de-b244-6bc098520b79', 2, '1980-02-28', '2016-05-17', NULL, NULL, '3f2eebf9-3771-1568-15b1-ce2d324a94cc', '7f7d8c60-24a7-7edf-2db8-7265ab5e4dd2'),
('35251a6d-3944-4983-ba47-901f27b89d18', 'LHP-7252', '154d2cf8-3b5b-5c65-c480-872c02b7d2a6', '6fd9cee5-30b5-5670-79ff-f8ad76748b41', 0, '1982-06-11', '2009-12-01', NULL, NULL, '3f2eebf9-3771-1568-15b1-ce2d324a94cc', '31a91785-3caf-2f79-75b4-6865aee0822f'),
('3616bf85-6fa7-5d66-eaf2-17995bf2968c', 'LHP-4029', '6f11e617-1860-1eac-c980-872c02b7d2a6', '172bfb98-61e3-1a45-b144-6bc098520b79', 2, '2020-10-20', '2005-09-24', NULL, NULL, '75715e61-1bb8-5e6b-39aa-a85f1a471f4a', '7f7d8c60-24a7-7edf-2db8-7265ab5e4dd2'),
('396eaf2d-5bc5-5766-e7f2-17995bf2968c', 'LHP-0389', '3302d55d-758b-1ad7-927c-35837e69de14', '3061c62e-7ef4-7db1-8c0b-d111d7560dd1', 1, '1970-03-17', '1994-06-19', NULL, NULL, '3f5dbf82-3149-173b-b7de-afb1a862d41c', '746bf215-69f0-63d5-24a0-a553e7ce7f6e'),
('3d99a93b-28ef-1fd5-e8f2-17995bf2968c', 'LHP-4924', '5e04a759-60c4-52ae-9cff-6cd56556278e', '2cc67e6d-5a05-423e-7dff-f8ad76748b41', 1, '1977-11-07', '1979-02-12', NULL, NULL, '3f2eebf9-3771-1568-15b1-ce2d324a94cc', '7f7d8c60-24a7-7edf-2db8-7265ab5e4dd2'),
('45422559-79e1-254d-cfa7-99e7765afd72', 'LHP-7264', '57f54b26-76af-319c-9bff-6cd56556278e', '1975a37d-41d2-5eff-08a6-59a0c0702c31', 2, '1981-11-03', '2008-01-14', NULL, NULL, '2ef0f747-5fdc-3ec0-2db0-48538a4b886b', '7f7d8c60-24a7-7edf-2db8-7265ab5e4dd2'),
('46335fb5-1ac4-66ae-b6b1-c1540d491251', 'LHP-5247', '442627f5-7b31-2e48-16f5-c98d315c59dd', '20aa4bfe-1bf4-6715-0da6-59a0c0702c31', 0, '2010-01-14', '1998-04-28', NULL, NULL, '75715e61-1bb8-5e6b-39aa-a85f1a471f4a', '7ecb3390-7390-54b9-4303-f11690f6e6eb'),
('47fc0199-4500-4075-d2a7-99e7765afd72', 'LHP-8120', '37c0c9e4-178f-574a-e1cb-05dee64e6cc0', '4f128bf7-7cde-51c3-f35a-dbeedbd89217', 1, '1985-05-19', '2019-03-25', NULL, NULL, '2ef0f747-5fdc-3ec0-2db0-48538a4b886b', '746bf215-69f0-63d5-24a0-a553e7ce7f6e'),
('4a756255-60b4-6d83-d392-0ed10b503732', 'LHP-1784', '52ae6322-7e3e-5d41-17f5-c98d315c59dd', '6ce5ae5b-7dc2-7eaf-f05a-dbeedbd89217', 1, '2010-01-17', '1985-12-01', NULL, NULL, '2ef0f747-5fdc-3ec0-2db0-48538a4b886b', '746bf215-69f0-63d5-24a0-a553e7ce7f6e'),
('4cabaf0d-1c77-2fab-1391-0af2c7f2a1a0', 'LHP-6845', '78e5aa99-408c-3422-ca80-872c02b7d2a6', '3061c62e-7ef4-7db1-8c0b-d111d7560dd1', 0, '1970-01-01', '1993-01-16', NULL, NULL, '75715e61-1bb8-5e6b-39aa-a85f1a471f4a', '31a91785-3caf-2f79-75b4-6865aee0822f'),
('4d963204-46cc-538c-9d66-43a328b17837', 'LHP-3567', '52ae6322-7e3e-5d41-17f5-c98d315c59dd', '2cfa16ff-1641-46e2-b344-6bc098520b79', 1, '1992-05-22', '1970-01-10', NULL, NULL, '3f2eebf9-3771-1568-15b1-ce2d324a94cc', '6614b51e-1601-1db7-3ceb-2305cc661988'),
('4ddd46a8-42d2-6d26-1191-0af2c7f2a1a0', 'LHP-8164', '301f501a-4778-1a33-2d40-483f16f4f2f6', '7536aa8e-77f4-2e74-cc8f-e9717deaa492', 2, '1975-07-02', '1993-12-08', NULL, NULL, '75715e61-1bb8-5e6b-39aa-a85f1a471f4a', '7f7d8c60-24a7-7edf-2db8-7265ab5e4dd2'),
('4e4dd06a-1a04-681f-29dc-88a3ac8a3bba', 'LHP-2645', '470dd012-7886-75fc-8186-fecdbcc4765c', '5388d57b-2c9e-6c0a-b644-6bc098520b79', 1, '2019-09-14', '1972-03-12', NULL, NULL, '3f5dbf82-3149-173b-b7de-afb1a862d41c', '31a91785-3caf-2f79-75b4-6865aee0822f'),
('4e9da7be-7985-16d6-a066-43a328b17837', 'LHP-0514', '34b55562-222d-6919-e2cb-05dee64e6cc0', '4f128bf7-7cde-51c3-f35a-dbeedbd89217', 2, '2015-10-25', '1998-07-15', NULL, NULL, '3f5dbf82-3149-173b-b7de-afb1a862d41c', '6614b51e-1601-1db7-3ceb-2305cc661988'),
('4f3d42c1-6e2c-2c89-e6f2-17995bf2968c', 'LHP-1533', '21278ebe-4b84-3c69-9eff-6cd56556278e', '3b12f323-3359-1787-0ca6-59a0c0702c31', 1, '1971-11-17', '1988-03-09', NULL, NULL, '3f5dbf82-3149-173b-b7de-afb1a862d41c', '7ecb3390-7390-54b9-4303-f11690f6e6eb'),
('4fac4b9e-6c96-177f-d292-0ed10b503732', 'LHP-1056', '5e04a759-60c4-52ae-9cff-6cd56556278e', '7a4d803b-199b-2a42-964a-775f5b0c255b', 1, '2003-03-08', '2010-01-29', NULL, NULL, '3f2eebf9-3771-1568-15b1-ce2d324a94cc', '7f7d8c60-24a7-7edf-2db8-7265ab5e4dd2'),
('5017b949-77c1-2758-e5f2-17995bf2968c', 'LHP-5076', '37c0c9e4-178f-574a-e1cb-05dee64e6cc0', '270ebc7c-34b9-7493-b444-6bc098520b79', 1, '2011-12-29', '1986-08-04', NULL, NULL, '2ef0f747-5fdc-3ec0-2db0-48538a4b886b', '6614b51e-1601-1db7-3ceb-2305cc661988'),
('50cd7cd2-6007-63f8-cea7-99e7765afd72', 'LHP-2746', '3425fa64-1158-6c2a-947c-35837e69de14', '334d4519-33ef-6c5f-7cff-f8ad76748b41', 1, '2004-08-21', '2012-02-04', NULL, NULL, '3f2eebf9-3771-1568-15b1-ce2d324a94cc', '6614b51e-1601-1db7-3ceb-2305cc661988'),
('51573293-1a8a-5622-be47-901f27b89d18', 'LHP-2524', '43c7434e-2223-2d1e-957c-35837e69de14', '4ca73c94-291d-73c7-954a-775f5b0c255b', 1, '1970-03-07', '1970-01-08', NULL, NULL, '2ef0f747-5fdc-3ec0-2db0-48538a4b886b', '6614b51e-1601-1db7-3ceb-2305cc661988'),
('52865d12-2628-2164-9e66-43a328b17837', 'LHP-6033', '7848a399-664c-4cf0-c580-872c02b7d2a6', '7f5a4dac-6d24-2306-09a6-59a0c0702c31', 1, '2000-05-28', '2018-08-16', NULL, NULL, '3f5dbf82-3149-173b-b7de-afb1a862d41c', '6614b51e-1601-1db7-3ceb-2305cc661988'),
('538eb3ed-1f4f-6709-b9b1-c1540d491251', 'LHP-6682', '3425fa64-1158-6c2a-947c-35837e69de14', '4e86ee0c-533e-1855-671f-62d5266e68a0', 2, '1995-04-20', '1970-04-02', NULL, NULL, '3f5dbf82-3149-173b-b7de-afb1a862d41c', '7f7d8c60-24a7-7edf-2db8-7265ab5e4dd2'),
('592b006d-6335-6101-edf6-092cdb0ab5e8', 'LHP-4241', '206e60ef-7ded-3138-c880-872c02b7d2a6', '4ca73c94-291d-73c7-954a-775f5b0c255b', 1, '1994-04-22', '1970-01-07', NULL, NULL, '2ef0f747-5fdc-3ec0-2db0-48538a4b886b', '7ecb3390-7390-54b9-4303-f11690f6e6eb'),
('5a80a199-54ec-1c66-d492-0ed10b503732', 'LHP-6748', '52ae6322-7e3e-5d41-17f5-c98d315c59dd', '152bd1b0-3e3e-6e7b-7bff-f8ad76748b41', 1, '1999-05-10', '1993-03-23', NULL, NULL, '2ef0f747-5fdc-3ec0-2db0-48538a4b886b', '746bf215-69f0-63d5-24a0-a553e7ce7f6e'),
('5d104629-56c9-1241-daab-8b7af6721bcf', 'LHP-6129', '5e04a759-60c4-52ae-9cff-6cd56556278e', '44b28091-5231-5329-cb8f-e9717deaa492', 2, '2010-02-28', '2005-07-07', NULL, NULL, '75715e61-1bb8-5e6b-39aa-a85f1a471f4a', '7f7d8c60-24a7-7edf-2db8-7265ab5e4dd2'),
('60e353a5-58e0-5144-d8ab-8b7af6721bcf', 'LHP-9473', '52ae6322-7e3e-5d41-17f5-c98d315c59dd', '7c185eef-7078-4c53-816a-e0860b0602ba', 0, '1970-01-08', '1970-12-29', NULL, NULL, '2ef0f747-5fdc-3ec0-2db0-48538a4b886b', '746bf215-69f0-63d5-24a0-a553e7ce7f6e'),
('61cf5088-6432-5af3-1291-0af2c7f2a1a0', 'LHP-5988', '7848a399-664c-4cf0-c580-872c02b7d2a6', '274ef38d-6952-6e33-ce8f-e9717deaa492', 1, '1970-01-08', '2011-09-26', NULL, NULL, '2ef0f747-5fdc-3ec0-2db0-48538a4b886b', '7ecb3390-7390-54b9-4303-f11690f6e6eb'),
('629d287a-406b-4f35-eef6-092cdb0ab5e8', 'LHP-7955', '711510bd-606e-7b68-ddcb-05dee64e6cc0', '70701af8-7bc4-5d50-07a6-59a0c0702c31', 2, '1976-05-04', '1992-07-11', NULL, NULL, '2ef0f747-5fdc-3ec0-2db0-48538a4b886b', '7f7d8c60-24a7-7edf-2db8-7265ab5e4dd2'),
('641eb0d6-1506-74b9-2adc-88a3ac8a3bba', 'LHP-5805', '43c7434e-2223-2d1e-957c-35837e69de14', '2ee7af5c-4a84-745d-f15a-dbeedbd89217', 1, '1972-09-13', '1970-07-03', NULL, NULL, '2ef0f747-5fdc-3ec0-2db0-48538a4b886b', '7f7d8c60-24a7-7edf-2db8-7265ab5e4dd2'),
('6737a48e-36e0-26f6-d9ab-8b7af6721bcf', 'LHP-2857', '4295d2c7-36a1-572f-683b-801cd82cdd42', '31df9e9c-56fc-3664-a156-4fc3bbeea6ea', 2, '1977-05-17', '1989-12-09', NULL, NULL, '2ef0f747-5fdc-3ec0-2db0-48538a4b886b', '6614b51e-1601-1db7-3ceb-2305cc661988'),
('69827ce8-2a62-31e0-bc47-901f27b89d18', 'LHP-6091', '74601f7a-1529-6bab-977c-35837e69de14', '2cfa16ff-1641-46e2-b344-6bc098520b79', 2, '1990-07-31', '2009-05-10', NULL, NULL, '3f5dbf82-3149-173b-b7de-afb1a862d41c', '7ecb3390-7390-54b9-4303-f11690f6e6eb'),
('7135b52a-553e-39d8-d1a7-99e7765afd72', 'LHP-2330', '2fbea47e-55c2-27aa-c780-872c02b7d2a6', '44b28091-5231-5329-cb8f-e9717deaa492', 2, '2017-10-03', '2014-03-24', NULL, NULL, '3f2eebf9-3771-1568-15b1-ce2d324a94cc', '7f7d8c60-24a7-7edf-2db8-7265ab5e4dd2'),
('74794097-6a44-73fb-e9f2-17995bf2968c', 'LHP-1507', '301f501a-4778-1a33-2d40-483f16f4f2f6', '7a4d803b-199b-2a42-964a-775f5b0c255b', 2, '2002-10-07', '1998-06-06', NULL, NULL, '75715e61-1bb8-5e6b-39aa-a85f1a471f4a', '31a91785-3caf-2f79-75b4-6865aee0822f'),
('76b970ae-70a0-32ec-b7b1-c1540d491251', 'LHP-2434', '2274e462-715a-41cc-2c40-483f16f4f2f6', '7c185eef-7078-4c53-816a-e0860b0602ba', 1, '2017-08-27', '2018-09-09', NULL, NULL, '3f5dbf82-3149-173b-b7de-afb1a862d41c', '7ecb3390-7390-54b9-4303-f11690f6e6eb'),
('786f7632-26e0-6731-bd47-901f27b89d18', 'LHP-1154', '442627f5-7b31-2e48-16f5-c98d315c59dd', '56d97e17-4a62-3c01-b544-6bc098520b79', 1, '2020-09-11', '1982-06-08', NULL, NULL, '2ef0f747-5fdc-3ec0-2db0-48538a4b886b', '6614b51e-1601-1db7-3ceb-2305cc661988'),
('796fb75a-1d7c-15bd-d0a7-99e7765afd72', 'LHP-8779', '52ae6322-7e3e-5d41-17f5-c98d315c59dd', '2ee7af5c-4a84-745d-f15a-dbeedbd89217', 2, '1992-12-15', '1974-05-24', NULL, NULL, '75715e61-1bb8-5e6b-39aa-a85f1a471f4a', '31a91785-3caf-2f79-75b4-6865aee0822f'),
('7c6369f2-18d3-679e-d7ab-8b7af6721bcf', 'LHP-8854', '3a01f5bb-5dbd-721c-abc7-b3346301782e', '4419e3b6-6dcb-722d-ef5a-dbeedbd89217', 0, '1991-07-01', '1998-05-10', NULL, NULL, '75715e61-1bb8-5e6b-39aa-a85f1a471f4a', '7ecb3390-7390-54b9-4303-f11690f6e6eb'),
('7e951f52-34a1-2e20-cda7-99e7765afd72', 'LHP-2461', '730389ab-20c5-7969-8386-fecdbcc4765c', '2a2317ec-7be5-49d8-f25a-dbeedbd89217', 1, '1970-01-01', '1970-10-26', NULL, NULL, '3f2eebf9-3771-1568-15b1-ce2d324a94cc', '6614b51e-1601-1db7-3ceb-2305cc661988'),
('7fe66e5d-6151-3077-d692-0ed10b503732', 'LHP-5018', '3c70ea1c-7c07-37a4-b0c7-b3346301782e', '44b28091-5231-5329-cb8f-e9717deaa492', 2, '2021-09-05', '2021-09-05', '2021-09-05 08:35:15', '2021-09-05 08:35:15', '3f5dbf82-3149-173b-b7de-afb1a862d41c', '6614b51e-1601-1db7-3ceb-2305cc661988');

-- 
-- Dumping data for table building
--
INSERT INTO building VALUES
('11a8748f-3464-740c-28c2-579daad24557', 'Deborah2002', 'Cơ sở 1', NULL, NULL),
('12693b29-274c-35ce-d11d-086412a8ea97', 'Cher425', 'Cơ sở 1', NULL, NULL),
('12e1b096-3542-127a-1077-d9ebc53aac3d', 'Justin1958', 'Cơ sở 2', NULL, NULL),
('13ede5b6-19dd-563e-1980-de64d090a2c2', 'Abbie1953', 'Cơ sở 2', NULL, NULL),
('18baaac1-2b18-2317-b9d2-89b22d10517e', 'Anglin1953', 'Cơ sở 2', NULL, NULL),
('197fda97-5a35-781d-0e77-d9ebc53aac3d', 'Winkler2019', 'Cơ sở 2', NULL, NULL),
('1e5e96fa-5d7a-599d-27c2-579daad24557', 'Abby664', 'Cơ sở 1', NULL, NULL),
('1f85f165-3ed3-370a-b7d2-89b22d10517e', 'Arvilla9', 'Cơ sơ 3 ', NULL, NULL),
('2356a2d8-7751-6f97-66f6-423b4e874d0f', 'Drew35', 'Cơ sở 2', NULL, NULL),
('28cd1599-63bf-785f-4f80-7ed9d1ea06ea', 'Brendan547', 'Cơ sở 2', NULL, NULL),
('2afb2146-430d-394b-3d35-0028ed526dd0', 'Athena521', 'Cơ sở 1', NULL, NULL),
('2f43fc9d-1f7a-25fc-5280-7ed9d1ea06ea', 'Hunter2027', 'Cơ sở 2', NULL, NULL),
('3304dddb-1b72-607f-25c2-579daad24557', 'Conrad1997', 'Cơ sở 2', NULL, NULL),
('35c3a053-254d-33f3-1b80-de64d090a2c2', 'Packard2000', 'Cơ sơ 3 ', NULL, NULL),
('36ac2df8-2b1e-368f-cc1d-086412a8ea97', 'Jolene437', 'Cơ sở 2', NULL, NULL),
('3738ce93-1661-5628-2cc2-579daad24557', 'Nieto1959', 'Cơ sở 1', NULL, NULL),
('3e51a46c-4153-229c-7f41-c1ec321fe728', 'Dillon2027', 'Cơ sơ 3 ', NULL, NULL),
('3e7dd0ec-7ee5-392a-1277-d9ebc53aac3d', 'Adah2028', 'Cơ sở 2', NULL, NULL),
('3fed64ec-2f94-798f-0335-60b3ebf808a9', 'Ordonez879', 'Cơ sở 2', NULL, NULL),
('407db4d1-222b-287d-0135-60b3ebf808a9', 'Shon1986', 'Cơ sở 1', NULL, NULL),
('409dcd1a-426a-23f7-3a35-0028ed526dd0', 'Abby754', 'Cơ sở 1', NULL, NULL),
('42b9446a-790b-3892-2ac2-579daad24557', 'Clelia1967', 'Cơ sở 1', NULL, NULL),
('481183cb-5a6c-795b-68f6-423b4e874d0f', 'Albert381', 'Cơ sở 2', NULL, NULL),
('4989ff24-23e7-7b82-b6d2-89b22d10517e', 'Williams7', 'Cơ sở 2', NULL, NULL),
('4db9a514-6d87-2ec1-3b35-0028ed526dd0', 'Ada2007', 'Cơ sở 1', NULL, NULL),
('506acf1e-5331-67a9-0d77-d9ebc53aac3d', 'Kim1953', 'Cơ sơ 3 ', NULL, NULL),
('524751f2-1577-523d-ce1d-086412a8ea97', 'Constance1951', 'Cơ sơ 3 ', NULL, NULL),
('5254e49d-4368-3162-29c2-579daad24557', 'Ray2015', 'Cơ sở 2', NULL, NULL),
('56aaf263-3355-23ea-b8d2-89b22d10517e', 'Abbie2021', 'Cơ sở 2', NULL, NULL),
('56dce332-76f0-6b9b-5080-7ed9d1ea06ea', 'Bernita1999', 'Cơ sơ 3 ', NULL, NULL),
('57cdf8c4-47e3-5560-7e41-c1ec321fe728', 'Drew9', 'Cơ sở 2', NULL, NULL),
('595e7d51-318c-39e8-1377-d9ebc53aac3d', 'Alonzo218', 'Cơ sở 1', NULL, NULL),
('5a841b92-791c-78df-5180-7ed9d1ea06ea', 'Washington5', 'Cơ sơ 3 ', NULL, NULL),
('5c7f0ec4-77f2-3794-cf1d-086412a8ea97', 'Cathy1961', 'Cơ sở 1', NULL, NULL),
('5de704c2-573f-1a71-1a80-de64d090a2c2', 'Rocky1969', 'Cơ sở 1', NULL, NULL),
('5f03d745-7702-1c85-2bc2-579daad24557', 'Burrell393', 'Cơ sơ 3 ', NULL, NULL),
('5fab4ff7-1b8e-64d0-1880-de64d090a2c2', 'Gino2021', 'Cơ sở 2', NULL, NULL),
('62563348-7bd5-6519-3c35-0028ed526dd0', 'Bonilla2029', 'Cơ sở 1', NULL, NULL),
('62af2231-78a7-7caa-cd1d-086412a8ea97', 'Boling2025', 'Cơ sơ 3 ', NULL, NULL),
('6485b64f-7835-65a4-8041-c1ec321fe728', 'Mosby661', 'Cơ sở 2', NULL, NULL),
('677132b4-2a33-68d1-26c2-579daad24557', 'Stamm465', 'Cơ sở 2', NULL, NULL),
('6a763a51-4322-5c5a-b5d2-89b22d10517e', 'Earl2024', 'Cơ sở 1', NULL, NULL),
('6b550b8f-7ff9-51bc-0f77-d9ebc53aac3d', 'Simpson5', 'Cơ sở 2', NULL, NULL),
('6c5b9fe7-14c9-3bb5-b4d2-89b22d10517e', 'Darius5', 'Cơ sở 1', NULL, NULL),
('6c80a684-1cb5-41af-ff34-60b3ebf808a9', 'Latonya2022', 'Cơ sở 2', NULL, NULL),
('6f51ea57-13b2-139f-1177-d9ebc53aac3d', 'Ron2016', 'Cơ sở 1', NULL, NULL),
('73dc79e1-1ccb-35a6-0235-60b3ebf808a9', 'Adaline2010', 'Cơ sở 2', NULL, NULL),
('7ad34860-1ac8-7ad7-d01d-086412a8ea97', 'Bourgeois2010', 'Cơ sơ 3 ', NULL, NULL),
('7b666cc3-1b67-6037-67f6-423b4e874d0f', 'Charla71', 'Cơ sở 2', NULL, NULL),
('7bd9cf39-3f55-3a7b-0035-60b3ebf808a9', 'Alonso441', 'Cơ sở 1', NULL, NULL);

-- 
-- Dumping data for table class
--
INSERT INTO class VALUES
('032f7cc8-0de9-11ec-a053-9829a638dac3', 'L-9770', 'Kỹ Thuật Phần Mềm 1', '7c48a057-3c21-3db0-06a4-60fcae00630c', '6118a7ff-742b-25db-a9c1-8e252c39bb73', '2021-09-05 08:31:37', '2021-09-05 08:31:37'),
('03323601-0de9-11ec-a053-9829a638dac3', 'L-9771', 'Kỹ Thuật Phần Mềm 2', '7c48a057-3c21-3db0-06a4-60fcae00630c', '6118a7ff-742b-25db-a9c1-8e252c39bb73', '2021-09-05 08:31:37', '2021-09-05 08:31:37'),
('03334d56-0de9-11ec-a053-9829a638dac3', 'L-9772', 'Kỹ Thuật Phần Mềm 3', '7c48a057-3c21-3db0-06a4-60fcae00630c', '6118a7ff-742b-25db-a9c1-8e252c39bb73', '2021-09-05 08:31:37', '2021-09-05 08:31:37'),
('0334201d-0de9-11ec-a053-9829a638dac3', 'L-9773', 'Kỹ Thuật Phần Mềm 4', '7c48a057-3c21-3db0-06a4-60fcae00630c', '6118a7ff-742b-25db-a9c1-8e252c39bb73', '2021-09-05 08:31:37', '2021-09-05 08:31:37'),
('0334faf8-0de9-11ec-a053-9829a638dac3', 'L-9774', 'Kỹ Thuật Phần Mềm 5', '7c48a057-3c21-3db0-06a4-60fcae00630c', '6118a7ff-742b-25db-a9c1-8e252c39bb73', '2021-09-05 08:31:37', '2021-09-05 08:31:37'),
('0335a955-0de9-11ec-a053-9829a638dac3', 'L-9775', 'Công Nghệ Thông Tin 1', '7c48a057-3c21-3db0-06a4-60fcae00630c', '427b1814-60ed-47cf-edb5-aae5d250830a', '2021-09-05 08:31:37', '2021-09-05 08:31:37'),
('033644dd-0de9-11ec-a053-9829a638dac3', 'L-9776', 'Công Nghệ Thông Tin 2', '7c48a057-3c21-3db0-06a4-60fcae00630c', '427b1814-60ed-47cf-edb5-aae5d250830a', '2021-09-05 08:31:37', '2021-09-05 08:31:37'),
('0338acbe-0de9-11ec-a053-9829a638dac3', 'L-9777', 'Công Nghệ Thông Tin 3', '7c48a057-3c21-3db0-06a4-60fcae00630c', '427b1814-60ed-47cf-edb5-aae5d250830a', '2021-09-05 08:31:37', '2021-09-05 08:31:37'),
('0339bd2f-0de9-11ec-a053-9829a638dac3', 'L-9778', 'Công Nghệ Thông Tin 4', '7c48a057-3c21-3db0-06a4-60fcae00630c', '427b1814-60ed-47cf-edb5-aae5d250830a', '2021-09-05 08:31:37', '2021-09-05 08:31:37'),
('033a8868-0de9-11ec-a053-9829a638dac3', 'L-9779', 'Công Nghệ Thông Tin 5', '7c48a057-3c21-3db0-06a4-60fcae00630c', '427b1814-60ed-47cf-edb5-aae5d250830a', '2021-09-05 08:31:37', '2021-09-05 08:31:37'),
('033b52f0-0de9-11ec-a053-9829a638dac3', 'L-9780', 'Hệ Thống Thông Tin 1', '7c48a057-3c21-3db0-06a4-60fcae00630c', '26021185-77af-263c-842a-acc8fc2f00af', '2021-09-05 08:31:37', '2021-09-05 08:31:37'),
('033c1d37-0de9-11ec-a053-9829a638dac3', 'L-9781', 'Hệ Thống Thông Tin 2', '7c48a057-3c21-3db0-06a4-60fcae00630c', '26021185-77af-263c-842a-acc8fc2f00af', '2021-09-05 08:31:37', '2021-09-05 08:31:37'),
('033ce36d-0de9-11ec-a053-9829a638dac3', 'L-9782', 'Hệ Thống Thông Tin 3', '7c48a057-3c21-3db0-06a4-60fcae00630c', '26021185-77af-263c-842a-acc8fc2f00af', '2021-09-05 08:31:37', '2021-09-05 08:31:37'),
('033d91a9-0de9-11ec-a053-9829a638dac3', 'L-9783', 'Hệ Thống Thông Tin 4', '7c48a057-3c21-3db0-06a4-60fcae00630c', '26021185-77af-263c-842a-acc8fc2f00af', '2021-09-05 08:31:37', '2021-09-05 08:31:37'),
('033e910d-0de9-11ec-a053-9829a638dac3', 'L-9784', 'Hệ Thống Thông Tin 5', '7c48a057-3c21-3db0-06a4-60fcae00630c', '26021185-77af-263c-842a-acc8fc2f00af', '2021-09-05 08:31:37', '2021-09-05 08:31:37'),
('033f3eb3-0de9-11ec-a053-9829a638dac3', 'L-9785', 'Khoa Học Máy Tính 1', '7c48a057-3c21-3db0-06a4-60fcae00630c', '2b031b59-5276-589c-9d75-2a7ae1c799c8', '2021-09-05 08:31:37', '2021-09-05 08:31:37'),
('03400e92-0de9-11ec-a053-9829a638dac3', 'L-9786', 'Khoa Học Máy Tính 2', '7c48a057-3c21-3db0-06a4-60fcae00630c', '2b031b59-5276-589c-9d75-2a7ae1c799c8', '2021-09-05 08:31:37', '2021-09-05 08:31:37'),
('0340c867-0de9-11ec-a053-9829a638dac3', 'L-9787', 'Khoa Học Máy Tính 3', '7c48a057-3c21-3db0-06a4-60fcae00630c', '2b031b59-5276-589c-9d75-2a7ae1c799c8', '2021-09-05 08:31:37', '2021-09-05 08:31:37'),
('03418ee8-0de9-11ec-a053-9829a638dac3', 'L-9788', 'Khoa Học Máy Tính 4', '7c48a057-3c21-3db0-06a4-60fcae00630c', '2b031b59-5276-589c-9d75-2a7ae1c799c8', '2021-09-05 08:31:37', '2021-09-05 08:31:37'),
('034253d5-0de9-11ec-a053-9829a638dac3', 'L-9789', 'Khoa Học Máy Tính 5', '7c48a057-3c21-3db0-06a4-60fcae00630c', '2b031b59-5276-589c-9d75-2a7ae1c799c8', '2021-09-05 08:31:37', '2021-09-05 08:31:37'),
('0343115b-0de9-11ec-a053-9829a638dac3', 'L-9790', 'Mạng Máy Tính 1', '7c48a057-3c21-3db0-06a4-60fcae00630c', '26021185-77af-263c-842a-acc8fc2f00af', '2021-09-05 08:31:37', '2021-09-05 08:31:37'),
('0343ce1d-0de9-11ec-a053-9829a638dac3', 'L-9791', 'Mạng Máy Tính 2', '7c48a057-3c21-3db0-06a4-60fcae00630c', '26021185-77af-263c-842a-acc8fc2f00af', '2021-09-05 08:31:37', '2021-09-05 08:31:37'),
('03448479-0de9-11ec-a053-9829a638dac3', 'L-9792', 'Mạng Máy Tính 3', '7c48a057-3c21-3db0-06a4-60fcae00630c', '26021185-77af-263c-842a-acc8fc2f00af', '2021-09-05 08:31:37', '2021-09-05 08:31:37'),
('03456a9b-0de9-11ec-a053-9829a638dac3', 'L-9793', 'Mạng Máy Tính 4', '7c48a057-3c21-3db0-06a4-60fcae00630c', '26021185-77af-263c-842a-acc8fc2f00af', '2021-09-05 08:31:37', '2021-09-05 08:31:37'),
('03463f46-0de9-11ec-a053-9829a638dac3', 'L-9794', 'Mạng Máy Tính 5', '7c48a057-3c21-3db0-06a4-60fcae00630c', '26021185-77af-263c-842a-acc8fc2f00af', '2021-09-05 08:31:37', '2021-09-05 08:31:37'),
('11eea441-2a19-1735-6b78-553c0310877a', 'L-2786', 'Lớp Boggs', '75cce5a6-4f7f-3671-3cf3-eb0223d0a4f7', '6118a7ff-742b-25db-a9c1-8e252c39bb73', NULL, NULL),
('1235c88b-5f2a-78d9-e612-ebbbcf065d1c', 'L-2427', 'Lớp Abraham', '78aafe4a-67a7-2076-3bf3-eb0223d0a4f7', '26021185-77af-263c-842a-acc8fc2f00af', NULL, NULL),
('16f20a3e-4e43-1b90-cbc7-6c0aeb6ec302', 'L-8818', 'Lớp Coats', '647a538e-630d-39cd-0144-e5a214c15aa7', '6118a7ff-742b-25db-a9c1-8e252c39bb73', NULL, NULL),
('1731fa87-79fd-4cc1-6978-553c0310877a', 'L-5134', 'Lớp Ohara', '75cce5a6-4f7f-3671-3cf3-eb0223d0a4f7', '2b031b59-5276-589c-9d75-2a7ae1c799c8', NULL, NULL),
('185f84ed-4563-51a0-cac7-6c0aeb6ec302', 'L-1201', 'Lớp Tolliver', '3f8e6896-4c7d-15f5-a018-75d8bd200d7c', '26021185-77af-263c-842a-acc8fc2f00af', NULL, NULL),
('19165ed7-212e-21c4-0428-030d4265475f', 'L-8169', 'Lớp Weatherford', '7c48a057-3c21-3db0-06a4-60fcae00630c', '26021185-77af-263c-842a-acc8fc2f00af', NULL, NULL),
('194fda9a-2129-413c-e529-16c01537719a', 'L-7754', 'Lớp Marsh', '6f45e010-3200-5943-27a8-6d513e380bde', '427b1814-60ed-47cf-edb5-aae5d250830a', NULL, NULL),
('1a5df1f7-1200-63f1-0628-030d4265475f', 'L-4844', 'Lớp Richardson', '3f8e6896-4c7d-15f5-a018-75d8bd200d7c', '2b031b59-5276-589c-9d75-2a7ae1c799c8', NULL, NULL),
('1b561f86-2664-2a3e-efdc-845b5dcdad45', 'L-9342', 'Lớp Mcadams', '3f8e6896-4c7d-15f5-a018-75d8bd200d7c', '26021185-77af-263c-842a-acc8fc2f00af', NULL, NULL),
('1ce192a3-6b70-712d-fa74-9471face0ab4', 'L-6441', 'Lớp Radford', '75cce5a6-4f7f-3671-3cf3-eb0223d0a4f7', '6118a7ff-742b-25db-a9c1-8e252c39bb73', NULL, NULL),
('23f585fb-3a2d-505d-b4ad-cb989f2177da', 'L-6206', 'Lớp Crutcher', '7c48a057-3c21-3db0-06a4-60fcae00630c', '26021185-77af-263c-842a-acc8fc2f00af', NULL, NULL),
('25b365f2-2435-14d4-caf8-494a84b910f4', 'L-2372', 'Lớp Buffington', '35e773ea-5d44-2dda-26a8-6d513e380bde', '6118a7ff-742b-25db-a9c1-8e252c39bb73', NULL, NULL),
('25f99060-45d4-4d94-6c78-553c0310877a', 'L-5690', 'Lớp Baggett', '35e773ea-5d44-2dda-26a8-6d513e380bde', '26021185-77af-263c-842a-acc8fc2f00af', NULL, NULL),
('27366e4a-5248-12e3-e312-ebbbcf065d1c', 'L-9493', 'Lớp Chester', '7c4f14d8-66fb-14ae-198f-6354f958f4c0', '26021185-77af-263c-842a-acc8fc2f00af', NULL, NULL),
('28462535-1b23-3184-e329-16c01537719a', 'L-5221', 'Lớp Toledo', '3f8e6896-4c7d-15f5-a018-75d8bd200d7c', '26021185-77af-263c-842a-acc8fc2f00af', NULL, NULL),
('2924c34d-68f1-1d0a-c9c7-6c0aeb6ec302', 'L-3916', 'Lớp Bruns', '7c48a057-3c21-3db0-06a4-60fcae00630c', '26021185-77af-263c-842a-acc8fc2f00af', NULL, NULL),
('29d431fd-2d4b-248f-b2ad-cb989f2177da', 'L-7383', 'Lớp Brownlee', '3f8e6896-4c7d-15f5-a018-75d8bd200d7c', '2b031b59-5276-589c-9d75-2a7ae1c799c8', NULL, NULL),
('2cb2bad7-3b25-1669-0828-030d4265475f', 'L-4163', 'Lớp Chase', '6f45e010-3200-5943-27a8-6d513e380bde', '427b1814-60ed-47cf-edb5-aae5d250830a', NULL, NULL),
('2d7c4ad9-5762-3f18-fc74-9471face0ab4', 'L-6550', 'Lớp Betts', '6f45e010-3200-5943-27a8-6d513e380bde', '2b031b59-5276-589c-9d75-2a7ae1c799c8', NULL, NULL),
('2d7c5749-57b4-3c7a-eddc-845b5dcdad45', 'L-0060', 'Lớp Adair', '7c4f14d8-66fb-14ae-198f-6354f958f4c0', '26021185-77af-263c-842a-acc8fc2f00af', NULL, NULL),
('3631011e-4559-4ad8-b0ad-cb989f2177da', 'L-3422', 'Lớp Dunne', '7c48a057-3c21-3db0-06a4-60fcae00630c', '6118a7ff-742b-25db-a9c1-8e252c39bb73', NULL, NULL),
('392fa796-4918-764e-6d78-553c0310877a', 'L-9469', 'Lớp Alcorn', '7c4f14d8-66fb-14ae-198f-6354f958f4c0', '6118a7ff-742b-25db-a9c1-8e252c39bb73', NULL, NULL),
('3a10e21a-7b72-4e25-e512-ebbbcf065d1c', 'L-3960', 'Lớp Mcgrew', '6f45e010-3200-5943-27a8-6d513e380bde', '2b031b59-5276-589c-9d75-2a7ae1c799c8', NULL, NULL),
('3be7f5cf-7438-6ede-83c3-d3ede7a72094', 'L-1321', 'Lớp Jobe', '647a538e-630d-39cd-0144-e5a214c15aa7', '2b031b59-5276-589c-9d75-2a7ae1c799c8', NULL, NULL),
('3c1063e8-464b-245e-c9f8-494a84b910f4', 'L-9769', 'Lớp Pride', '45ac3d26-18f2-18a9-3031-644313fbb055', '427b1814-60ed-47cf-edb5-aae5d250830a', NULL, NULL),
('3d7f2a35-42d8-229a-e429-16c01537719a', 'L-4296', 'Lớp Ruffin', '45ac3d26-18f2-18a9-3031-644313fbb055', '6118a7ff-742b-25db-a9c1-8e252c39bb73', NULL, NULL),
('3f93d93d-2236-468c-fd74-9471face0ab4', 'L-3856', 'Lớp Overby', '7c48a057-3c21-3db0-06a4-60fcae00630c', '26021185-77af-263c-842a-acc8fc2f00af', NULL, NULL),
('405cd8be-1160-35ff-85c3-d3ede7a72094', 'L-2077', 'Lớp Furman', '6f45e010-3200-5943-27a8-6d513e380bde', '26021185-77af-263c-842a-acc8fc2f00af', NULL, NULL),
('437ca88e-2dde-4dea-b3ad-cb989f2177da', 'L-4632', 'Lớp Pomeroy', '647a538e-630d-39cd-0144-e5a214c15aa7', '2b031b59-5276-589c-9d75-2a7ae1c799c8', NULL, NULL),
('450bb33b-2a2d-352b-e412-ebbbcf065d1c', 'L-1213', 'Lớp Clayton', '7c48a057-3c21-3db0-06a4-60fcae00630c', '2b031b59-5276-589c-9d75-2a7ae1c799c8', NULL, NULL),
('4628f6df-6e4d-4115-fb74-9471face0ab4', 'L-2837', 'Lớp Keene', '35e773ea-5d44-2dda-26a8-6d513e380bde', '427b1814-60ed-47cf-edb5-aae5d250830a', NULL, NULL),
('471530a2-44fe-7395-b1ad-cb989f2177da', 'L-7290', 'Lớp Biddle', '35e773ea-5d44-2dda-26a8-6d513e380bde', '6118a7ff-742b-25db-a9c1-8e252c39bb73', NULL, NULL),
('4cf2dd43-5f4b-71b6-e212-ebbbcf065d1c', 'L-4224', 'Lớp Ames', '6f45e010-3200-5943-27a8-6d513e380bde', '2b031b59-5276-589c-9d75-2a7ae1c799c8', NULL, NULL),
('4d1ff813-25eb-7909-cbf8-494a84b910f4', 'L-9148', 'Lớp Acevedo', '45ac3d26-18f2-18a9-3031-644313fbb055', '26021185-77af-263c-842a-acc8fc2f00af', NULL, NULL),
('54a11339-4527-4d4c-ccc7-6c0aeb6ec302', 'L-4835', 'Lớp Olson', '7c4f14d8-66fb-14ae-198f-6354f958f4c0', '26021185-77af-263c-842a-acc8fc2f00af', NULL, NULL),
('54b663bd-1ea7-5260-f0dc-845b5dcdad45', 'L-6626', 'Lớp Leak', '75cce5a6-4f7f-3671-3cf3-eb0223d0a4f7', '427b1814-60ed-47cf-edb5-aae5d250830a', NULL, NULL),
('5626a583-2f8f-4518-e229-16c01537719a', 'L-8408', 'Lớp Abney', '7c4f14d8-66fb-14ae-198f-6354f958f4c0', '26021185-77af-263c-842a-acc8fc2f00af', NULL, NULL),
('5835bc5a-49a5-3026-86c3-d3ede7a72094', 'L-4315', 'Lớp Atkinson', '35e773ea-5d44-2dda-26a8-6d513e380bde', '427b1814-60ed-47cf-edb5-aae5d250830a', NULL, NULL),
('5a6d957e-29e7-4a12-84c3-d3ede7a72094', 'L-9666', 'Lớp Dallas', '647a538e-630d-39cd-0144-e5a214c15aa7', '6118a7ff-742b-25db-a9c1-8e252c39bb73', NULL, NULL),
('5f620c85-55d9-7632-6a78-553c0310877a', 'L-7719', 'Lớp Baggett', '35e773ea-5d44-2dda-26a8-6d513e380bde', '427b1814-60ed-47cf-edb5-aae5d250830a', NULL, NULL),
('5f7b48e5-16f9-2f2f-ecdc-845b5dcdad45', 'L-7595', 'Lớp Pridgen', '3f8e6896-4c7d-15f5-a018-75d8bd200d7c', '6118a7ff-742b-25db-a9c1-8e252c39bb73', NULL, NULL),
('62452262-64e1-492b-0728-030d4265475f', 'L-7599', 'Lớp Dwyer', '78aafe4a-67a7-2076-3bf3-eb0223d0a4f7', '427b1814-60ed-47cf-edb5-aae5d250830a', NULL, NULL),
('62d5360d-27b8-1ff8-cdc7-6c0aeb6ec302', 'L-7561', 'Lớp Lujan', '35e773ea-5d44-2dda-26a8-6d513e380bde', '2b031b59-5276-589c-9d75-2a7ae1c799c8', NULL, NULL),
('64982a26-5d67-270d-b5ad-cb989f2177da', 'L-6621', 'Lớp Alderman', '7c4f14d8-66fb-14ae-198f-6354f958f4c0', '427b1814-60ed-47cf-edb5-aae5d250830a', NULL, NULL),
('6e52efd1-769c-2ea0-eedc-845b5dcdad45', 'L-7803', 'Lớp Cassidy', '6f45e010-3200-5943-27a8-6d513e380bde', '26021185-77af-263c-842a-acc8fc2f00af', NULL, NULL),
('79e2659b-1e78-7dc9-0528-030d4265475f', 'L-5066', 'Lớp Carrillo', '6f45e010-3200-5943-27a8-6d513e380bde', '26021185-77af-263c-842a-acc8fc2f00af', NULL, NULL),
('7a0b757e-41eb-4df6-c6f8-494a84b910f4', 'L-4696', 'Lớp Amador', '7c4f14d8-66fb-14ae-198f-6354f958f4c0', '2b031b59-5276-589c-9d75-2a7ae1c799c8', NULL, NULL),
('7b01963d-2bc0-5b15-82c3-d3ede7a72094', 'L-5930', 'Lớp Burkhart', '78aafe4a-67a7-2076-3bf3-eb0223d0a4f7', '26021185-77af-263c-842a-acc8fc2f00af', NULL, NULL),
('7dcdc0cb-212f-604b-c7f8-494a84b910f4', 'L-8859', 'Lớp Russell', '75cce5a6-4f7f-3671-3cf3-eb0223d0a4f7', '427b1814-60ed-47cf-edb5-aae5d250830a', NULL, NULL),
('7e760549-7d28-2394-c8f8-494a84b910f4', 'L-1497', 'Lớp Barnard', '78aafe4a-67a7-2076-3bf3-eb0223d0a4f7', '6118a7ff-742b-25db-a9c1-8e252c39bb73', NULL, NULL);

-- 
-- Dumping data for table practiceshift
--
INSERT INTO practiceshift VALUES
('16bf2a3e-4001-79d3-de9f-8dd6f6d7e4f8', 'Ca thực hành 5 ', '1970-01-01 00:01:29', '1970-01-01 00:01:49', NULL, NULL),
('29b9e885-31c8-49e5-1474-af6b0c9d8171', 'Ca thực hành 1 ', '1992-05-29 17:21:36', '2010-06-22 15:15:00', NULL, NULL),
('35c94ecf-31c9-4c2b-2cbf-2d1df1341b8b', 'Ca thực hành 4 ', '2015-10-08 07:12:09', '1970-01-01 00:01:31', NULL, NULL),
('468bdba6-42f9-2d59-c954-0f2512404bdf', 'Ca thực hành 3 ', '2016-11-04 09:58:04', '1974-02-24 14:58:02', NULL, NULL),
('7d22876a-7262-128c-43d4-35a726f0ef4c', 'Ca thực hành 6', '1986-09-16 04:58:31', '2003-12-09 18:10:34', NULL, NULL),
('7ff6d971-2e0e-4fa3-1a0f-df0f613299a6', 'Ca thực hành 2 ', '1970-01-01 00:00:54', '1970-01-01 00:00:06', NULL, NULL);

-- 
-- Dumping data for table practicegroup
--
INSERT INTO practicegroup VALUES
('13cdbd1f-0dea-11ec-a053-9829a638dac3', 'NH-9958', '7fe66e5d-6151-3077-d692-0ed10b503732', 'Nhóm 1', '3c70ea1c-7c07-37a4-b0c7-b3346301782e', '', '2021-09-05 08:39:14', '2021-09-05 08:39:14'),
('13d0dbbe-3117-4edc-c3c6-d72f24192909', 'NH-9679', '51573293-1a8a-5622-be47-901f27b89d18', 'Nhóm Gaskins', '69232a05-18ad-5bcc-afc7-b3346301782e', '9288E1045V095HN4CY6P2P0YZ37', NULL, NULL),
('13e8fc3d-5d5f-34d7-acb3-cad96b318fc3', 'NH-2176', '35251a6d-3944-4983-ba47-901f27b89d18', 'Nhóm Temple', '1dad0c5a-667e-582d-937c-35837e69de14', NULL, NULL, NULL),
('15526762-21e9-2b75-dc11-56e108b1c222', 'NH-4102', '4ddd46a8-42d2-6d26-1191-0af2c7f2a1a0', 'Nhóm Broome', '48f7fb81-6e0b-64b3-6b3b-801cd82cdd42', '09S5D5QS', NULL, NULL),
('1cfdf73b-0dea-11ec-a053-9829a638dac3', 'NH-9959', '7fe66e5d-6151-3077-d692-0ed10b503732', 'Nhóm 2', '3c70ea1c-7c07-37a4-b0c7-b3346301782e', '', '2021-09-05 08:39:30', '2021-09-05 08:39:30'),
('1d0abbf4-25e1-52a8-f563-8a7ba31d9960', 'NH-3712', '45422559-79e1-254d-cfa7-99e7765afd72', 'Nhóm Bradley', '4295d2c7-36a1-572f-683b-801cd82cdd42', '5L760MUZUEP9', NULL, NULL),
('1dbfb5d7-443b-64f9-3d97-c414fa26c3e6', 'NH-3413', '5d104629-56c9-1241-daab-8b7af6721bcf', 'Nhóm Bauman', '470dd012-7886-75fc-8186-fecdbcc4765c', '3Y3PRZ7N', NULL, NULL),
('1e7e748b-3649-7599-f663-8a7ba31d9960', 'NH-7684', '7c6369f2-18d3-679e-d7ab-8b7af6721bcf', 'Nhóm Chavez', '2274e462-715a-41cc-2c40-483f16f4f2f6', 'SB3UN1K2A1X2TLPL02OALJ00YV4CZ14121OD73417GV15Z7', NULL, NULL),
('1fc853bd-2cd7-7198-264c-4663158f29cd', 'NH-1649', '45422559-79e1-254d-cfa7-99e7765afd72', 'Nhóm Abbott', '7b84ac41-6fa7-7a30-84b4-ee2381be8d74', 'BD24M8YLU5IZ99', NULL, NULL),
('1fce4390-472e-4a78-9468-4c288799f5a9', 'NH-8183', '7e951f52-34a1-2e20-cda7-99e7765afd72', 'Nhóm Schulze', '422b843f-70b6-2496-693b-801cd82cdd42', 'X5', NULL, NULL),
('21d97f61-513d-59dc-abb3-cad96b318fc3', 'NH-0786', '3483adfe-38c9-1789-9f66-43a328b17837', 'Nhóm Landry', '37c0c9e4-178f-574a-e1cb-05dee64e6cc0', 'C40DD213GONOX7QYFB40S6D9VZ80ZC41L0RY6JJ2YMB5BTD111RNO1A3U5T', NULL, NULL),
('22427d80-6fcd-14d0-c6c6-d72f24192909', 'NH-5342', '7c6369f2-18d3-679e-d7ab-8b7af6721bcf', 'Nhóm Mcewen', '206e60ef-7ded-3138-c880-872c02b7d2a6', NULL, NULL, NULL),
('2319eaf6-7292-2a06-5533-57d1d013a38f', 'NH-6666', '5d104629-56c9-1241-daab-8b7af6721bcf', 'Nhóm Tinsley', '31bdd7b0-51ae-1dc1-e0cb-05dee64e6cc0', '438Y1', NULL, NULL),
('261431eb-15c6-1314-5633-57d1d013a38f', 'NH-9580', '4cabaf0d-1c77-2fab-1391-0af2c7f2a1a0', 'Nhóm Sellers', '3c70ea1c-7c07-37a4-b0c7-b3346301782e', 'RB2R75RVGJVJ80VK313Y7916LQ6838U0B65J240A04OVN', NULL, NULL),
('2630a8b2-53c5-5917-de11-56e108b1c222', 'NH-0300', '396eaf2d-5bc5-5766-e7f2-17995bf2968c', 'Nhóm Blanchette', '711510bd-606e-7b68-ddcb-05dee64e6cc0', '2M1450KQ5L69537958952NXT4C16SVM4GJ4IPALHYS62N4611S4XN946HPDP7I5G9N0I5X', NULL, NULL),
('28048e4e-650a-6f62-3a97-c414fa26c3e6', 'NH-9723', '7135b52a-553e-39d8-d1a7-99e7765afd72', 'Nhóm Abrams', '449281ed-7f3b-2d3d-acc7-b3346301782e', NULL, NULL, NULL),
('2db421f5-6b7f-6073-d911-56e108b1c222', 'NH-7753', '796fb75a-1d7c-15bd-d0a7-99e7765afd72', 'Nhóm Meyer', '52ae6322-7e3e-5d41-17f5-c98d315c59dd', '5N5355LYC', NULL, NULL),
('31364645-14ed-27fc-d711-56e108b1c222', 'NH-9180', '215c458d-76a1-715d-b8b1-c1540d491251', 'Nhóm Coppola', '3a02094a-64fe-51d3-2a40-483f16f4f2f6', '9YF09PP1HRHYJGY7WG8GPMTE6DEMJ2W122VU4W593K9DVS3SWWB1ZH25OP64021100B95PLX37M42', NULL, NULL),
('33c6d4c6-4389-65c9-d811-56e108b1c222', 'NH-2589', '76b970ae-70a0-32ec-b7b1-c1540d491251', 'Nhóm Cates', '2274e462-715a-41cc-2c40-483f16f4f2f6', '35AM6737NQV520DJ57VLPU86E91S180H4PT3O36016S87G0W0F7K', NULL, NULL),
('35d77883-4826-73d7-dd11-56e108b1c222', 'NH-9085', '7c6369f2-18d3-679e-d7ab-8b7af6721bcf', 'Nhóm Dahl', '39fbf646-5181-76ce-aec7-b3346301782e', '72RRCO2', NULL, NULL),
('373fdaad-1f0f-244b-f763-8a7ba31d9960', 'NH-9943', '1ae4f1d0-48f9-3cac-2cdc-88a3ac8a3bba', 'Nhóm Stamper', '3a01f5bb-5dbd-721c-abc7-b3346301782e', 'O', NULL, NULL),
('394b238c-2ef4-4298-5333-57d1d013a38f', 'NH-5604', '2bdbb408-2566-47f8-dbab-8b7af6721bcf', 'Nhóm Homan', '442627f5-7b31-2e48-16f5-c98d315c59dd', '6169QPV', NULL, NULL),
('39d65744-0dea-11ec-a053-9829a638dac3', 'NH-9960', '7fe66e5d-6151-3077-d692-0ed10b503732', 'Nhóm 3', '3c70ea1c-7c07-37a4-b0c7-b3346301782e', '', '2021-09-05 08:40:18', '2021-09-05 08:40:18'),
('3a82520e-5197-4d07-5433-57d1d013a38f', 'NH-6754', '51573293-1a8a-5622-be47-901f27b89d18', 'Nhóm Ramsey', '13316ad8-4c06-2f96-dfcb-05dee64e6cc0', '7UL9NDHL4', NULL, NULL),
('415bdccd-7d9b-7000-c5c6-d72f24192909', 'NH-2439', '4ddd46a8-42d2-6d26-1191-0af2c7f2a1a0', 'Nhóm Huston', '25f8b060-4e63-5a53-85b4-ee2381be8d74', '7DP4J93SE3756SL6P44AGF225CZM0V1QVSK1GDTL', NULL, NULL),
('41e722fd-3920-5eab-c1c6-d72f24192909', 'NH-9868', '1f6428fc-3a0a-5d80-dcab-8b7af6721bcf', 'Nhóm Spaulding', '43c7434e-2223-2d1e-957c-35837e69de14', '9S9', NULL, NULL),
('42578c3c-627c-6196-afb3-cad96b318fc3', 'NH-8200', '4d963204-46cc-538c-9d66-43a328b17837', 'Nhóm Mccallister', '154d2cf8-3b5b-5c65-c480-872c02b7d2a6', '595G', NULL, NULL),
('46b17b19-2346-6291-284c-4663158f29cd', 'NH-7315', '4a756255-60b4-6d83-d392-0ed10b503732', 'Nhóm Shaw', '3ba5bdd4-158a-55c7-2b40-483f16f4f2f6', '7P5TA484O7IQM46395O3320ZEG59GJRQ5Z1K', NULL, NULL),
('47f90970-55bd-47a3-dc18-0ccabe85ff46', 'NH-8168', '1f6428fc-3a0a-5d80-dcab-8b7af6721bcf', 'Nhóm Blackwood', '301f501a-4778-1a33-2d40-483f16f4f2f6', '0D9VJOD95D6167N2CNRR6X1P88U5GR8K221221T', NULL, NULL),
('493bb3e1-766d-55a9-c0c6-d72f24192909', 'NH-1920', '5017b949-77c1-2758-e5f2-17995bf2968c', 'Nhóm Barbee', '4bf555c0-58ad-53b4-c680-872c02b7d2a6', 'Z73ON3G09OD4HUE2J61UHWD6KY812KJV7LC', NULL, NULL),
('4baccce5-4bee-4345-c2c6-d72f24192909', 'NH-9165', '61cf5088-6432-5af3-1291-0af2c7f2a1a0', 'Nhóm Mclaurin', '238671a0-30fa-5360-8286-fecdbcc4765c', '4SJE9ZPUKO9', NULL, NULL),
('4d10a10b-7811-3be5-9368-4c288799f5a9', 'NH-9957', '69827ce8-2a62-31e0-bc47-901f27b89d18', 'Nhóm Abraham', '3a02094a-64fe-51d3-2a40-483f16f4f2f6', 'BOA6BZ18ZC2WL512Q4U8TK8T263DPA5DAWH69B472G4G36VQPDM63K33B76ZK72KF1H9IZ01ZWM0EB2S654K3JD86K3', NULL, NULL),
('4f2ac8a2-6e43-5660-db11-56e108b1c222', 'NH-8553', '5017b949-77c1-2758-e5f2-17995bf2968c', 'Nhóm Lucero', '4295d2c7-36a1-572f-683b-801cd82cdd42', '0PR28Y4T0Y565BM6V7095EPBDLS27', NULL, NULL),
('509412e8-33ab-7070-adb3-cad96b318fc3', 'NH-3949', '69827ce8-2a62-31e0-bc47-901f27b89d18', 'Nhóm Burleson', '38cc7c40-177d-388c-8486-fecdbcc4765c', '9D2KG35M', NULL, NULL),
('531bb86c-71cc-456d-9668-4c288799f5a9', 'NH-6843', '215c458d-76a1-715d-b8b1-c1540d491251', 'Nhóm Stoddard', '1dad0c5a-667e-582d-937c-35837e69de14', 'HZ87KA9', NULL, NULL),
('54b181af-3f2c-75a4-f463-8a7ba31d9960', 'NH-3147', '4f3d42c1-6e2c-2c89-e6f2-17995bf2968c', 'Nhóm Bock', '13316ad8-4c06-2f96-dfcb-05dee64e6cc0', 'K4YC1X6AL2', NULL, NULL),
('57cccbf8-1f47-44c0-3be8-d81fec7b0976', 'NH-4473', '592b006d-6335-6101-edf6-092cdb0ab5e8', 'Nhóm Clem', '3453b47e-352e-6076-987c-35837e69de14', 'HWC01370XX8UA8YRXHHU20J3WYTS4PK4Y5MHEIC', NULL, NULL),
('5db23f21-65b9-3ea7-244c-4663158f29cd', 'NH-6029', '4a756255-60b4-6d83-d392-0ed10b503732', 'Nhóm Adair', '17534976-490f-5ca8-aac7-b3346301782e', 'M8PD1YCG7Q991TOGBIUU3H52FKI1DDC6QJM3P27P62MOSZO38M2Y968', NULL, NULL),
('6064916e-41bf-144d-3ce8-d81fec7b0976', 'NH-5928', '2bdbb408-2566-47f8-dbab-8b7af6721bcf', 'Nhóm Haggard', '624de811-5a7c-5695-6c3b-801cd82cdd42', '9RQLD4BJA0FJ5Y0JUOPIVCEN', NULL, NULL),
('61b9cb60-344e-7294-f363-8a7ba31d9960', 'NH-5251', '2d2631c0-30a8-1850-bb47-901f27b89d18', 'Nhóm Delgadillo', '74601f7a-1529-6bab-977c-35837e69de14', 'AT0PFE6MJ8I43IWO', NULL, NULL),
('6218b0b4-77dd-784b-3b97-c414fa26c3e6', 'NH-6136', '69827ce8-2a62-31e0-bc47-901f27b89d18', 'Nhóm Blevins', '34b55562-222d-6919-e2cb-05dee64e6cc0', '888G354DAY451ZNR2HMBX4Z4WUKCZD8Y2ZA', NULL, NULL),
('65f88ca0-629b-53e0-254c-4663158f29cd', 'NH-5910', '7135b52a-553e-39d8-d1a7-99e7765afd72', 'Nhóm Medeiros', '3302d55d-758b-1ad7-927c-35837e69de14', 'Z4U6KOOS1873S26DBEU03C7U5BD21BOS1', NULL, NULL),
('6728f19b-3625-45a1-de18-0ccabe85ff46', 'NH-9319', '35251a6d-3944-4983-ba47-901f27b89d18', 'Nhóm Bullock', '27ef901c-2feb-20ed-decb-05dee64e6cc0', 'P', NULL, NULL),
('69d50df7-36cc-7c1f-9568-4c288799f5a9', 'NH-0106', '31163c02-33fc-587f-f2f6-092cdb0ab5e8', 'Nhóm Chester', '57f54b26-76af-319c-9bff-6cd56556278e', '79WX4L99316FF5', NULL, NULL),
('6bf7a049-3229-6355-274c-4663158f29cd', 'NH-3254', '4fac4b9e-6c96-177f-d292-0ed10b503732', 'Nhóm Lindsey', '624de811-5a7c-5695-6c3b-801cd82cdd42', '9EU074Y6044RZ9', NULL, NULL),
('6d4ffece-2207-7f00-c4c6-d72f24192909', 'NH-7546', '4ddd46a8-42d2-6d26-1191-0af2c7f2a1a0', 'Nhóm Sweeney', '2274e462-715a-41cc-2c40-483f16f4f2f6', '2MAQ3PQ4J6OLYPAV22W43JVF216YU9ZW3G8THI5VDPJ9RQLOY71923S80N7PYSD12FD78CWEV658I27P2803ENC3TCIKUYF1WJE8C31O8YC3H8E8JM9X9C70293K7', NULL, NULL),
('6e33d899-6a6c-5534-bfc6-d72f24192909', 'NH-8036', '3d99a93b-28ef-1fd5-e8f2-17995bf2968c', 'Nhóm Carney', '5e04a759-60c4-52ae-9cff-6cd56556278e', NULL, NULL, NULL),
('75e7e6b9-4cb6-3cd1-3c97-c414fa26c3e6', 'NH-0704', '5d104629-56c9-1241-daab-8b7af6721bcf', 'Nhóm Sommer', '7b84ac41-6fa7-7a30-84b4-ee2381be8d74', '451WMD2', NULL, NULL),
('7d1ab01b-1952-7b5d-dd18-0ccabe85ff46', 'NH-7970', '3d99a93b-28ef-1fd5-e8f2-17995bf2968c', 'Nhóm Aiken', '3a02094a-64fe-51d3-2a40-483f16f4f2f6', NULL, NULL, NULL),
('7f1af386-5055-17f2-3de8-d81fec7b0976', 'NH-5312', '215c458d-76a1-715d-b8b1-c1540d491251', 'Nhóm Grubbs', '2f8460ed-3d3d-4ebb-6a3b-801cd82cdd42', '2MTU736PD2TBPO9C19Y94DC0U43GH9G7LBZQF55FJ58K9HMO9GT44434ICSX0YWTSS18Y9UQCAD105Q9763KSZ2J01P33VJ7BEY8', NULL, NULL);

-- 
-- Dumping data for table practicallaboratory
--
INSERT INTO practicallaboratory VALUES
('14db3476-7f98-70b8-c41e-f9a34758b9dc', 'P-7827', 'Phòng Fulcher', 15, 'Commodi iste incidunt et ipsa dolorem sed. Cupiditate id quod dolorum repellendus minima officia.', '2f43fc9d-1f7a-25fc-5280-7ed9d1ea06ea', NULL, NULL, '5a851e09-4a52-7284-0648-b983316b8374', '3c6a7b05-211a-29bc-00ba-9a919cad3d6f'),
('16205738-76ff-585a-5bf5-ad608731b315', 'P-4473', 'Phòng Alvarado', 32, 'Et autem rerum. Velit et possimus! Nihil ut mollitia. Omnis et voluptas! Ipsam omnis iste. Itaque sunt ullam. Consequuntur cupiditate id? Dolorem ut aliquam;', '6c5b9fe7-14c9-3bb5-b4d2-89b22d10517e', NULL, NULL, '5c549d77-1e58-4d4e-1fbe-eaf7cc272319', '1d324248-2c4a-2e6a-80ea-6a3dbe0bcfe3'),
('180230e2-77d2-2fe3-17fe-de0b0c8b9758', 'P-3913', 'Phòng Figueroa', 6, 'Ut nesciunt est obcaecati voluptatum velit suscipit. Nesciunt corporis nulla dolorum quae et rem.', '5fab4ff7-1b8e-64d0-1880-de64d090a2c2', NULL, NULL, '6d825400-4c66-515a-1e93-373516031d8e', '3c6a7b05-211a-29bc-00ba-9a919cad3d6f'),
('1876d0f1-3b1d-697e-16fe-de0b0c8b9758', 'P-9967', 'Phòng Mccartney', 36, 'Quia molestiae cum quaerat assumenda explicabo impedit. Ratione aperiam sit unde quisquam voluptas hic.', '62af2231-78a7-7caa-cd1d-086412a8ea97', NULL, NULL, '28186996-5b5b-7729-455f-1885b89fc8fc', '72702160-2bf0-494d-1b98-ca559e297554'),
('18b53f09-284d-4d57-5ef5-ad608731b315', 'P-0593', 'Phòng Coker', 29, 'Libero id officiis; officia suscipit consequatur. Corporis consequatur perferendis. At eum ullam. Ex voluptatem sapiente; itaque ut recusandae. Corrupti?', '62563348-7bd5-6519-3c35-0028ed526dd0', NULL, NULL, '28186996-5b5b-7729-455f-1885b89fc8fc', '1d324248-2c4a-2e6a-80ea-6a3dbe0bcfe3'),
('1a6752f6-5064-7d8e-b673-961b5d5b8db8', 'P-3539', 'Phòng Mcmillen', 45, 'Illo qui iste. Tempora corporis maiores. Rem et omnis. Incidunt suscipit provident. Autem laboriosam vero! Aut natus itaque. Totam repudiandae qui.', '3304dddb-1b72-607f-25c2-579daad24557', NULL, NULL, '5a851e09-4a52-7284-0648-b983316b8374', '117d9f19-7fff-3d1c-90d7-047a75e1ce07'),
('1e0ce3e5-1b57-61df-5ff5-ad608731b315', 'P-6841', 'Phòng Abreu', 49, 'Suscipit et tempora et voluptatem. Quidem corporis magni. Quos libero saepe dolores suscipit ipsum a! Ut error ex. Natus necessitatibus quis? Aut natus.', '407db4d1-222b-287d-0135-60b3ebf808a9', NULL, NULL, '1ba4c500-5a33-4cef-3709-69a9b1bfbc32', '3c6a7b05-211a-29bc-00ba-9a919cad3d6f'),
('1e8dfa7f-1c62-3917-c31e-f9a34758b9dc', 'P-0804', 'Phòng Addison', 49, 'Enim aliquid non. Corrupti sit voluptatum. Assumenda repellat nobis. Dolor qui et. Temporibus ut perspiciatis. Quidem obcaecati quae. Quisquam voluptatibus.', '6f51ea57-13b2-139f-1177-d9ebc53aac3d', NULL, NULL, '5a851e09-4a52-7284-0648-b983316b8374', '1d324248-2c4a-2e6a-80ea-6a3dbe0bcfe3'),
('1fd964a3-6e9e-40d0-c71e-f9a34758b9dc', 'P-6952', 'Phòng Bertram', 2, NULL, '73dc79e1-1ccb-35a6-0235-60b3ebf808a9', NULL, NULL, '1ba4c500-5a33-4cef-3709-69a9b1bfbc32', '5af25bc2-144b-4684-3469-e2b06e9284be'),
('216e3c1e-4796-5e45-b473-961b5d5b8db8', 'P-9800', 'Phòng Amaya', 9, NULL, '28cd1599-63bf-785f-4f80-7ed9d1ea06ea', NULL, NULL, '7f9589fa-2b58-5866-1c93-373516031d8e', '3c6a7b05-211a-29bc-00ba-9a919cad3d6f'),
('24c72a01-38e7-40dd-9d28-186a78c3f39e', 'P-7119', 'Phòng Simms', 5, 'Omnis corporis ut. Odit cumque commodi. Quam dolor necessitatibus. Reiciendis est error? Error ut ad. Animi sequi et. Enim facilis exercitationem; doloremque.', '62563348-7bd5-6519-3c35-0028ed526dd0', NULL, NULL, '28186996-5b5b-7729-455f-1885b89fc8fc', '3c6a7b05-211a-29bc-00ba-9a919cad3d6f'),
('24e33ba7-2e44-138e-c81e-f9a34758b9dc', 'P-3345', 'Phòng Smiley', 23, 'Voluptatem itaque iusto error totam consectetur pariatur. Incidunt illum ut? Aut voluptas deleniti qui. Suscipit qui est quasi. Perspiciatis nulla dolor!', '7b666cc3-1b67-6037-67f6-423b4e874d0f', NULL, NULL, '6d825400-4c66-515a-1e93-373516031d8e', '5af25bc2-144b-4684-3469-e2b06e9284be'),
('2634a292-5c65-4179-7640-2c126cc94c2f', 'P-4096', 'Phòng Echols', 43, 'Reiciendis tenetur ut vero sunt sed aut.', '1e5e96fa-5d7a-599d-27c2-579daad24557', NULL, NULL, '6d825400-4c66-515a-1e93-373516031d8e', '5af25bc2-144b-4684-3469-e2b06e9284be'),
('26e7726d-6597-3f83-c61e-f9a34758b9dc', 'P-7826', 'Phòng Crow', 42, 'Qui soluta quia aliquid modi sed error. Vel labore animi veritatis aut odit; sed doloremque deserunt unde nam voluptas et.', '6c80a684-1cb5-41af-ff34-60b3ebf808a9', NULL, NULL, '28186996-5b5b-7729-455f-1885b89fc8fc', '117d9f19-7fff-3d1c-90d7-047a75e1ce07'),
('28386a4b-698c-2f33-b9ed-840d076bb970', 'P-3990', 'Phòng Jorgenson', 46, 'Debitis illo ad non est sequi. Enim consequuntur doloremque consectetur molestias; deleniti nemo quidem expedita natus omnis non.', '524751f2-1577-523d-ce1d-086412a8ea97', NULL, NULL, '2643c0f2-5381-7a86-1d93-373516031d8e', '3c6a7b05-211a-29bc-00ba-9a919cad3d6f'),
('2c9a1269-6e37-5df9-baed-840d076bb970', 'P-2004', 'Phòng Stanton', 37, 'At libero iste. Sed laudantium fugiat. Sit odio reiciendis. Veritatis quo perspiciatis. Voluptatem sit unde; voluptatem dolores quis. Corporis modi inventore.', '5a841b92-791c-78df-5180-7ed9d1ea06ea', NULL, NULL, '5c549d77-1e58-4d4e-1fbe-eaf7cc272319', '5af25bc2-144b-4684-3469-e2b06e9284be'),
('2da9514c-30e5-3da4-bbed-840d076bb970', 'P-7438', 'Phòng Mobley', 11, 'Sint est voluptatem ut perspiciatis; ex enim et hic porro? Sed aut dolore culpa. Aspernatur unde perferendis architecto voluptas nemo a. Autem dolor magni!', '6c5b9fe7-14c9-3bb5-b4d2-89b22d10517e', NULL, NULL, '5c549d77-1e58-4d4e-1fbe-eaf7cc272319', '3c6a7b05-211a-29bc-00ba-9a919cad3d6f'),
('3247100d-5018-5366-7440-2c126cc94c2f', 'P-5767', 'Phòng Armstrong', 27, 'Qui et perferendis. Quibusdam consequuntur quasi. Nihil doloremque iusto. Ipsum voluptatem voluptas! Qui tempora natus? Velit voluptas voluptatem; suscipit.', '4989ff24-23e7-7b82-b6d2-89b22d10517e', NULL, NULL, '5c549d77-1e58-4d4e-1fbe-eaf7cc272319', '117d9f19-7fff-3d1c-90d7-047a75e1ce07'),
('33afe3f5-6923-5d32-b273-961b5d5b8db8', 'P-2068', 'Phòng Gleason', 46, 'Perspiciatis ut ipsa. Incidunt voluptatem qui? Sit dolorem enim. Ut accusantium provident. Ab qui omnis. Quaerat adipisci aliquam. Est qui odio! Eaque sunt.', '6b550b8f-7ff9-51bc-0f77-d9ebc53aac3d', NULL, NULL, '5a851e09-4a52-7284-0648-b983316b8374', '72702160-2bf0-494d-1b98-ca559e297554'),
('3626bfa8-5701-284a-b173-961b5d5b8db8', 'P-4005', 'Phòng Aldrich', 24, 'Qui explicabo est aut sequi quo nulla. Iste sed aperiam dolor aperiam ullam. Quia aperiam ea consequatur ab est; ut labore rerum.', '11a8748f-3464-740c-28c2-579daad24557', NULL, NULL, '5c549d77-1e58-4d4e-1fbe-eaf7cc272319', '5af25bc2-144b-4684-3469-e2b06e9284be'),
('370ca915-2cd9-7767-feb2-605a27f3fd3e', 'P-9197', 'Phòng Pape', 32, 'Reprehenderit atque hic sit. Quo sed omnis autem exercitationem sed? Voluptas atque sed nesciunt aliquid quasi debitis. Ut natus et?', '3fed64ec-2f94-798f-0335-60b3ebf808a9', NULL, NULL, '2643c0f2-5381-7a86-1d93-373516031d8e', '117d9f19-7fff-3d1c-90d7-047a75e1ce07'),
('3bbc27a8-3433-61ae-7740-2c126cc94c2f', 'P-9138', 'Phòng Milner', 7, 'Veritatis sunt tenetur quasi illum nemo. Eligendi eaque nesciunt! Et autem nulla. Alias similique iusto! At iure error. Alias corrupti rerum.', '197fda97-5a35-781d-0e77-d9ebc53aac3d', NULL, NULL, '2643c0f2-5381-7a86-1d93-373516031d8e', '72702160-2bf0-494d-1b98-ca559e297554'),
('3c6e84f4-7024-7129-ffb2-605a27f3fd3e', 'P-3629', 'Phòng Levine', 35, 'Dignissimos nisi voluptatem. Dicta vel enim. Voluptatem libero laudantium; vero omnis error. Illum laudantium animi! Eveniet voluptatem cum. Provident et.', '3fed64ec-2f94-798f-0335-60b3ebf808a9', NULL, NULL, '2643c0f2-5381-7a86-1d93-373516031d8e', '72702160-2bf0-494d-1b98-ca559e297554'),
('3e9721bf-615b-1b5b-60f5-ad608731b315', 'P-2608', 'Phòng Calvert', 31, 'Veniam omnis voluptas unde veritatis labore reprehenderit.', '13ede5b6-19dd-563e-1980-de64d090a2c2', NULL, NULL, '6d825400-4c66-515a-1e93-373516031d8e', '3c6a7b05-211a-29bc-00ba-9a919cad3d6f'),
('42454a5c-3926-3d9d-dc69-77552cf052f6', 'P-9693', 'Phòng Naylor', 8, 'Ipsa velit voluptatum natus sit voluptatem inventore. Ut unde vel; unde et quam error explicabo unde dolorum.', '12e1b096-3542-127a-1077-d9ebc53aac3d', NULL, NULL, '31a38fa9-4c3b-4cf0-0548-b983316b8374', '5af25bc2-144b-4684-3469-e2b06e9284be'),
('424691f2-1206-7471-de69-77552cf052f6', 'P-1456', 'Phòng Goodrich', 31, NULL, '3e51a46c-4153-229c-7f41-c1ec321fe728', NULL, NULL, '31a38fa9-4c3b-4cf0-0548-b983316b8374', '1d324248-2c4a-2e6a-80ea-6a3dbe0bcfe3'),
('424dc762-2e36-2c53-7540-2c126cc94c2f', 'P-8816', 'Phòng Esposito', 44, 'Officia est sed deserunt et natus ratione. Quia ab suscipit consequatur quaerat eum molestias.', '36ac2df8-2b1e-368f-cc1d-086412a8ea97', NULL, NULL, '2643c0f2-5381-7a86-1d93-373516031d8e', '1d324248-2c4a-2e6a-80ea-6a3dbe0bcfe3'),
('475372d4-62cf-41f2-dd69-77552cf052f6', 'P-4287', 'Phòng Aponte', 38, 'Et quo sint nesciunt dolores a. Voluptas ut quis! Perspiciatis delectus odio; est commodi facere? Non animi eligendi. Quis accusamus alias.', '28cd1599-63bf-785f-4f80-7ed9d1ea06ea', NULL, NULL, '5b6e9fc7-1e70-4fd4-0448-b983316b8374', '72702160-2bf0-494d-1b98-ca559e297554'),
('4957e06d-717c-2c9f-d238-03bfeb02538a', 'P-9134', 'Phòng Pike', 3, 'Ad aut debitis. Quia veniam distinctio. Aut molestias suscipit? Doloribus et ex. Voluptatum blanditiis unde! Non voluptas magnam? Incidunt excepturi eos.', '56dce332-76f0-6b9b-5080-7ed9d1ea06ea', NULL, NULL, '28186996-5b5b-7729-455f-1885b89fc8fc', '5af25bc2-144b-4684-3469-e2b06e9284be'),
('4b24c549-7e20-66b7-b073-961b5d5b8db8', 'P-3019', 'Phòng Wheat', 42, 'Ducimus molestiae debitis corrupti at nostrum iste. Omnis aut rem. Aliquam aut est. Expedita culpa molestiae? Cupiditate placeat quos. Enim et labore.', '677132b4-2a33-68d1-26c2-579daad24557', NULL, NULL, '4a084a3f-5d99-1372-b433-62dd4e858bad', '1d324248-2c4a-2e6a-80ea-6a3dbe0bcfe3'),
('4e5d05d1-155e-632a-d969-77552cf052f6', 'P-6980', 'Phòng Ames', 43, 'Fugiat consequatur modi vitae et sed ea; ut in deserunt laudantium voluptate quas sed. Numquam amet omnis! Ex hic doloremque.', '4db9a514-6d87-2ec1-3b35-0028ed526dd0', NULL, NULL, '5c549d77-1e58-4d4e-1fbe-eaf7cc272319', '117d9f19-7fff-3d1c-90d7-047a75e1ce07'),
('4f936fa9-694c-512e-b373-961b5d5b8db8', 'P-4221', 'Phòng Huber', 38, 'Incidunt dolorem quae. Repudiandae non suscipit dolorem perspiciatis atque vel. Dolores rerum error officia; qui voluptate qui ut quae quia nihil. Voluptas.', '3fed64ec-2f94-798f-0335-60b3ebf808a9', NULL, NULL, '1ba4c500-5a33-4cef-3709-69a9b1bfbc32', '5af25bc2-144b-4684-3469-e2b06e9284be'),
('502e64c9-1598-4f62-fcb2-605a27f3fd3e', 'P-0192', 'Phòng Rhodes', 38, 'Voluptatem sed consequatur natus est possimus. Ut qui iusto error. Amet obcaecati sequi. Sit placeat molestias error doloremque! Iure modi enim.', '5a841b92-791c-78df-5180-7ed9d1ea06ea', NULL, NULL, '7f9589fa-2b58-5866-1c93-373516031d8e', '1d324248-2c4a-2e6a-80ea-6a3dbe0bcfe3'),
('51668d1f-78fa-2104-db69-77552cf052f6', 'P-1926', 'Phòng Cooke', 45, 'Eaque enim accusamus. Soluta voluptate omnis? Pariatur et molestiae. Corrupti provident rerum. Est accusantium nisi. Culpa voluptas qui; architecto id soluta?', '6a763a51-4322-5c5a-b5d2-89b22d10517e', NULL, NULL, '5c549d77-1e58-4d4e-1fbe-eaf7cc272319', '117d9f19-7fff-3d1c-90d7-047a75e1ce07'),
('51755a4c-6341-4eee-5df5-ad608731b315', 'P-3297', 'Phòng Reese', 30, 'Perferendis natus saepe veniam incidunt ut laborum. Nam fugiat veritatis eius perspiciatis iusto quod.', '595e7d51-318c-39e8-1377-d9ebc53aac3d', NULL, NULL, '7f9589fa-2b58-5866-1c93-373516031d8e', '72702160-2bf0-494d-1b98-ca559e297554'),
('541f5418-502c-5e86-9c28-186a78c3f39e', 'P-2705', 'Phòng Easter', 35, 'Consequatur atque eos; alias eos eligendi. Iure aut facilis! Est et ut. Amet iste quisquam. Animi perferendis consectetur. Porro accusantium eum. Ipsum!', '481183cb-5a6c-795b-68f6-423b4e874d0f', NULL, NULL, '28186996-5b5b-7729-455f-1885b89fc8fc', '1d324248-2c4a-2e6a-80ea-6a3dbe0bcfe3'),
('5a45ae3f-2b14-2af2-b573-961b5d5b8db8', 'P-8857', 'Phòng Nunez', 7, 'Repellendus quam velit corporis repudiandae omnis. Aut voluptatem explicabo fugiat sed aut. Ex nemo et aut? Voluptates distinctio qui minima asperiores eos.', '3738ce93-1661-5628-2cc2-579daad24557', NULL, NULL, '2643c0f2-5381-7a86-1d93-373516031d8e', '1d324248-2c4a-2e6a-80ea-6a3dbe0bcfe3'),
('5ae81b32-58d1-4d20-9828-186a78c3f39e', 'P-8047', 'Phòng Singh', 6, 'Animi in a vero. Ea eligendi nostrum voluptatem dolores velit ut. Consequuntur et eius ipsum hic reiciendis mollitia.', '13ede5b6-19dd-563e-1980-de64d090a2c2', NULL, NULL, '5c549d77-1e58-4d4e-1fbe-eaf7cc272319', '5af25bc2-144b-4684-3469-e2b06e9284be'),
('5bd4c321-72dc-6fd1-15fe-de0b0c8b9758', 'P-8785', 'Phòng Aquino', 1, NULL, '35c3a053-254d-33f3-1b80-de64d090a2c2', NULL, NULL, '5a851e09-4a52-7284-0648-b983316b8374', '117d9f19-7fff-3d1c-90d7-047a75e1ce07'),
('623f47c1-32bb-31ef-9a28-186a78c3f39e', 'P-6513', 'Phòng Roy', 26, 'Harum odio quasi sit. Voluptatum maiores quaerat incidunt. Suscipit ut exercitationem sit? Cum illum ut iste aut sapiente quo.', '5f03d745-7702-1c85-2bc2-579daad24557', NULL, NULL, '5a851e09-4a52-7284-0648-b983316b8374', '1d324248-2c4a-2e6a-80ea-6a3dbe0bcfe3'),
('6556cfd1-406e-77dd-fdb2-605a27f3fd3e', 'P-7218', 'Phòng Navarro', 29, 'Aut voluptatem soluta. In sunt fugiat; culpa aut voluptatem. Minima dolor in. Eos iste dolores? Et dolorem at; dignissimos non aliquam. Qui iusto saepe.', '35c3a053-254d-33f3-1b80-de64d090a2c2', NULL, NULL, '31a38fa9-4c3b-4cf0-0548-b983316b8374', '3c6a7b05-211a-29bc-00ba-9a919cad3d6f'),
('65b727e7-6a03-1feb-da69-77552cf052f6', 'P-3048', 'Phòng Worley', 33, 'Ipsa fugit dicta nam sit perspiciatis ratione. Ut aliquam adipisci quia mollitia qui; et quidem facere. Tenetur eius temporibus dicta.', '3e7dd0ec-7ee5-392a-1277-d9ebc53aac3d', NULL, NULL, '7f9589fa-2b58-5866-1c93-373516031d8e', '72702160-2bf0-494d-1b98-ca559e297554'),
('68f73a4f-7e6e-1f23-9b28-186a78c3f39e', 'P-3117', 'Phòng Cowley', 34, 'Et sunt ab. Nobis omnis sed. Labore maiores minus. Accusantium quia maiores. Ut cum voluptatem? Illo suscipit earum. Est minima in...', '7bd9cf39-3f55-3a7b-0035-60b3ebf808a9', NULL, NULL, '5b6e9fc7-1e70-4fd4-0448-b983316b8374', '117d9f19-7fff-3d1c-90d7-047a75e1ce07'),
('707de3be-287e-1d9c-9928-186a78c3f39e', 'P-6601', 'Phòng Hawthorne', 3, 'Sunt illo dolores reiciendis nulla laborum ad. Sit voluptatibus explicabo. Enim maiores sunt! Nisi molestiae veniam. Error cupiditate explicabo. Ex dolores!', '7b666cc3-1b67-6037-67f6-423b4e874d0f', NULL, NULL, '6d825400-4c66-515a-1e93-373516031d8e', '3c6a7b05-211a-29bc-00ba-9a919cad3d6f'),
('7267031c-4487-2774-c51e-f9a34758b9dc', 'P-8544', 'Phòng Farrar', 32, 'Perspiciatis explicabo at quibusdam nostrum. Odit qui et. Dolorem inventore unde! Omnis quo architecto laudantium est porro sint.', '524751f2-1577-523d-ce1d-086412a8ea97', NULL, NULL, '6d825400-4c66-515a-1e93-373516031d8e', '117d9f19-7fff-3d1c-90d7-047a75e1ce07'),
('7438d178-1b28-37ba-5cf5-ad608731b315', 'P-7877', 'Phòng Bailey', 20, 'Libero deleniti nihil harum molestiae fugiat deserunt. Laboriosam voluptate optio! Vel aut adipisci temporibus odit alias incidunt.', '35c3a053-254d-33f3-1b80-de64d090a2c2', NULL, NULL, '6d825400-4c66-515a-1e93-373516031d8e', '3c6a7b05-211a-29bc-00ba-9a919cad3d6f'),
('79ff2a0d-5c05-6b52-14fe-de0b0c8b9758', 'P-7482', 'Phòng Adamson', 5, 'Est delectus doloribus. Perspiciatis impedit officia. Error iste dolorem. Ut earum omnis. Sunt iste aut? Similique dolor accusamus. Rerum nemo enim!', '5254e49d-4368-3162-29c2-579daad24557', NULL, NULL, '7f9589fa-2b58-5866-1c93-373516031d8e', '72702160-2bf0-494d-1b98-ca559e297554'),
('7b4a42ef-40c2-6978-c91e-f9a34758b9dc', 'P-6629', 'Phòng Cooley', 2, NULL, '4989ff24-23e7-7b82-b6d2-89b22d10517e', NULL, NULL, '1ba4c500-5a33-4cef-3709-69a9b1bfbc32', '117d9f19-7fff-3d1c-90d7-047a75e1ce07'),
('7c90fa6c-62fe-68c4-7840-2c126cc94c2f', 'P-4995', 'Phòng Hunter', 43, 'Hic aut sapiente quia. Nisi sapiente mollitia voluptatem aut facere! Nisi impedit unde. Qui in et. Nesciunt laboriosam esse; quo sed est.', '5fab4ff7-1b8e-64d0-1880-de64d090a2c2', NULL, NULL, '4a084a3f-5d99-1372-b433-62dd4e858bad', '1d324248-2c4a-2e6a-80ea-6a3dbe0bcfe3'),
('7f8a99f5-1914-3e1c-d338-03bfeb02538a', 'P-3531', 'Phòng Ashworth', 35, 'Sit ut architecto similique ea officiis magni.', '42b9446a-790b-3892-2ac2-579daad24557', NULL, NULL, '7f9589fa-2b58-5866-1c93-373516031d8e', '1d324248-2c4a-2e6a-80ea-6a3dbe0bcfe3');

-- 
-- Dumping data for table permission
--
INSERT INTO permission VALUES
('44483c4c-3d6a-3e86-ff7f-56bf70c2ec3c', 'Teacher'),
('74ceff62-7307-57fa-17cb-d470555a8656', 'Member'),
('7632dd25-6c68-1ff4-f51e-0e8136249589', 'Admin');

-- 
-- Dumping data for table student
--
INSERT INTO student VALUES
('1998f087-5320-231d-567d-9d97eb2e0d66', 'SV-7426', 'Trương Thị Lệ', '1952-10-18', 1, '4d1ff813-25eb-7909-cbf8-494a84b910f4', NULL, NULL),
('1a72ef68-31f6-6771-b945-a68677dd5ef3', 'SV-0510', 'Nguyễn Thị Giang', '1958-07-10', 1, '185f84ed-4563-51a0-cac7-6c0aeb6ec302', NULL, NULL),
('1c5d7244-44c2-6838-597d-9d97eb2e0d66', 'SV-6373', 'Nguyễn Mỹ Anh', '1971-09-02', 1, '471530a2-44fe-7395-b1ad-cb989f2177da', NULL, NULL),
('1e160c2f-73eb-5f31-4032-1fe60697734c', 'SV-2385', 'Hồ Thị Phúc', '1960-10-13', 1, '1235c88b-5f2a-78d9-e612-ebbbcf065d1c', NULL, NULL),
('1e574bb9-3294-7d53-a2fa-27d59245c5d9', 'SV-6533', 'Trần Thị Ngà', '1982-02-06', 1, '7b01963d-2bc0-5b15-82c3-d3ede7a72094', NULL, NULL),
('20b2c186-721a-1d2d-b745-a68677dd5ef3', 'SV-4893', 'Nguyễn Tiến Giang', '1959-11-17', 1, '3631011e-4559-4ad8-b0ad-cb989f2177da', NULL, NULL),
('23becab8-73ce-4e02-2c06-db2ad9f95814', 'SV-9660', 'Hoàng Hưng Thông', '1975-05-01', 0, '54a11339-4527-4d4c-ccc7-6c0aeb6ec302', NULL, NULL),
('23f7a1e3-6f7b-3463-3f32-1fe60697734c', 'SV-7869', 'Bùi Thành Khương', '1951-01-09', 0, '25f99060-45d4-4d94-6c78-553c0310877a', NULL, NULL),
('24e25cc5-70fc-7fe3-577d-9d97eb2e0d66', 'SV-9887', 'Nông Vân Thư', '1951-04-09', 0, '16f20a3e-4e43-1b90-cbc7-6c0aeb6ec302', NULL, NULL),
('31e51d04-0de9-11ec-a053-9829a638dac3', 'SV-9889', 'Nguyễn Văn 1', '1999-01-31', 0, '032f7cc8-0de9-11ec-a053-9829a638dac3', '2021-09-05 08:32:55', '2021-09-05 08:32:55'),
('31e7b9c8-0de9-11ec-a053-9829a638dac3', 'SV-9890', 'Nguyễn Văn 3', '1999-02-01', 0, '032f7cc8-0de9-11ec-a053-9829a638dac3', '2021-09-05 08:32:55', '2021-09-05 08:32:55'),
('31e944c7-0de9-11ec-a053-9829a638dac3', 'SV-9891', 'Nguyễn Văn 4', '1999-02-02', 0, '032f7cc8-0de9-11ec-a053-9829a638dac3', '2021-09-05 08:32:55', '2021-09-05 08:32:55'),
('31eb23eb-0de9-11ec-a053-9829a638dac3', 'SV-9892', 'Nguyễn Văn 5', '1999-02-03', 0, '032f7cc8-0de9-11ec-a053-9829a638dac3', '2021-09-05 08:32:55', '2021-09-05 08:32:55'),
('31ec2b74-0de9-11ec-a053-9829a638dac3', 'SV-9893', 'Nguyễn Văn 6', '1999-02-04', 0, '032f7cc8-0de9-11ec-a053-9829a638dac3', '2021-09-05 08:32:55', '2021-09-05 08:32:55'),
('31ed3712-0de9-11ec-a053-9829a638dac3', 'SV-9894', 'Nguyễn Văn 7', '1999-02-05', 0, '032f7cc8-0de9-11ec-a053-9829a638dac3', '2021-09-05 08:32:55', '2021-09-05 08:32:55'),
('31ee1af5-0de9-11ec-a053-9829a638dac3', 'SV-9895', 'Nguyễn Văn 8', '1999-02-06', 0, '032f7cc8-0de9-11ec-a053-9829a638dac3', '2021-09-05 08:32:55', '2021-09-05 08:32:55'),
('31ef8542-0de9-11ec-a053-9829a638dac3', 'SV-9896', 'Nguyễn Văn 9', '1999-02-07', 0, '032f7cc8-0de9-11ec-a053-9829a638dac3', '2021-09-05 08:32:55', '2021-09-05 08:32:55'),
('31f07f99-0de9-11ec-a053-9829a638dac3', 'SV-9897', 'Nguyễn Văn 10', '1999-02-08', 0, '032f7cc8-0de9-11ec-a053-9829a638dac3', '2021-09-05 08:32:55', '2021-09-05 08:32:55'),
('31f1978d-0de9-11ec-a053-9829a638dac3', 'SV-9898', 'Nguyễn Văn 11', '1999-02-09', 1, '032f7cc8-0de9-11ec-a053-9829a638dac3', '2021-09-05 08:32:55', '2021-09-05 08:32:55'),
('31f36135-0de9-11ec-a053-9829a638dac3', 'SV-9899', 'Nguyễn Văn 12', '1999-02-10', 1, '032f7cc8-0de9-11ec-a053-9829a638dac3', '2021-09-05 08:32:55', '2021-09-05 08:32:55'),
('31f4d193-0de9-11ec-a053-9829a638dac3', 'SV-9900', 'Nguyễn Văn 13', '1999-02-11', 1, '032f7cc8-0de9-11ec-a053-9829a638dac3', '2021-09-05 08:32:55', '2021-09-05 08:32:55'),
('31f69af3-0de9-11ec-a053-9829a638dac3', 'SV-9901', 'Nguyễn Văn 14', '1999-02-12', 1, '032f7cc8-0de9-11ec-a053-9829a638dac3', '2021-09-05 08:32:55', '2021-09-05 08:32:55'),
('31f7afe9-0de9-11ec-a053-9829a638dac3', 'SV-9902', 'Nguyễn Văn 15', '1999-02-13', 1, '032f7cc8-0de9-11ec-a053-9829a638dac3', '2021-09-05 08:32:55', '2021-09-05 08:32:55'),
('31f90e63-0de9-11ec-a053-9829a638dac3', 'SV-9903', 'Nguyễn Văn 16', '1999-02-14', 1, '032f7cc8-0de9-11ec-a053-9829a638dac3', '2021-09-05 08:32:55', '2021-09-05 08:32:55'),
('31fa08dd-0de9-11ec-a053-9829a638dac3', 'SV-9904', 'Nguyễn Văn 17', '1999-02-15', 1, '032f7cc8-0de9-11ec-a053-9829a638dac3', '2021-09-05 08:32:55', '2021-09-05 08:32:55'),
('31faf9e0-0de9-11ec-a053-9829a638dac3', 'SV-9905', 'Nguyễn Văn 18', '1999-02-16', 1, '032f7cc8-0de9-11ec-a053-9829a638dac3', '2021-09-05 08:32:55', '2021-09-05 08:32:55'),
('31fbed23-0de9-11ec-a053-9829a638dac3', 'SV-9906', 'Nguyễn Văn 19', '1999-02-17', 1, '032f7cc8-0de9-11ec-a053-9829a638dac3', '2021-09-05 08:32:55', '2021-09-05 08:32:55'),
('31fd394e-0de9-11ec-a053-9829a638dac3', 'SV-9907', 'Nguyễn Văn 20', '1999-02-18', 1, '032f7cc8-0de9-11ec-a053-9829a638dac3', '2021-09-05 08:32:55', '2021-09-05 08:32:55'),
('331a96bf-139a-47a4-635f-4db9ab45a18c', 'SV-2004', 'Trần Thành Hường', '1965-11-04', 1, '7dcdc0cb-212f-604b-c7f8-494a84b910f4', NULL, NULL),
('33cdbc49-1e22-4ec1-22de-2f417b24e999', 'SV-6504', 'Nguyễn Thị Nga', '1964-08-22', 1, '3631011e-4559-4ad8-b0ad-cb989f2177da', NULL, NULL),
('33e1ea0d-501e-28d7-4751-59dcbd91f22d', 'SV-8539', 'Vũ Khánh Nghi', '1973-07-28', 1, '4cf2dd43-5f4b-71b6-e212-ebbbcf065d1c', NULL, NULL),
('36284e50-7813-2d40-3929-aef25fbc82b3', 'SV-7077', 'Đinh Văn Liễu', '1963-04-06', 0, '54b663bd-1ea7-5260-f0dc-845b5dcdad45', NULL, NULL),
('37ff8b06-73d5-5c6a-665f-4db9ab45a18c', 'SV-8451', 'Trần Văn Toản', '1973-04-18', 0, '392fa796-4918-764e-6d78-553c0310877a', NULL, NULL),
('397335e2-2518-6df0-4e14-cf07c7ad0773', 'SV-1897', 'Nguyễn Thị Chi', '1953-07-23', 1, '2d7c5749-57b4-3c7a-eddc-845b5dcdad45', NULL, NULL),
('39e1a5b9-5e5b-7404-557d-9d97eb2e0d66', 'SV-5028', 'Mai Thị Thăng', '1951-04-10', 1, '3d7f2a35-42d8-229a-e429-16c01537719a', NULL, NULL),
('3c080cca-713e-4c4c-a3fa-27d59245c5d9', 'SV-5670', 'Nguyễn Thị Duy', '1968-09-04', 1, '28462535-1b23-3184-e329-16c01537719a', NULL, NULL),
('3d3d630f-5a99-6371-a4fa-27d59245c5d9', 'SV-7278', 'Bùi Mỹ Dung', '1993-11-03', 0, '11eea441-2a19-1735-6b78-553c0310877a', NULL, NULL),
('3d991ef6-694b-425e-b545-a68677dd5ef3', 'SV-4709', 'Mai Văn Quân', '1977-08-12', 0, '11eea441-2a19-1735-6b78-553c0310877a', NULL, NULL),
('416fb62a-7aa6-6664-645f-4db9ab45a18c', 'SV-4305', 'Hồ Văn Ánh', '1951-01-05', 1, '1ce192a3-6b70-712d-fa74-9471face0ab4', NULL, NULL),
('4237540d-7107-1306-3006-db2ad9f95814', 'SV-4849', 'Nguyễn Ngọc Giang', '1978-05-15', 0, '185f84ed-4563-51a0-cac7-6c0aeb6ec302', NULL, NULL),
('44ee882f-7d40-4a4a-4c14-cf07c7ad0773', 'SV-8836', 'Nguyễn Thị An', '1988-05-04', 0, '11eea441-2a19-1735-6b78-553c0310877a', NULL, NULL),
('48ca29f0-6bb3-30cb-2e06-db2ad9f95814', 'SV-4288', 'Đinh Đức Đan', '1956-12-15', 1, '5a6d957e-29e7-4a12-84c3-d3ede7a72094', NULL, NULL),
('48cf7b00-3fee-40c7-4451-59dcbd91f22d', 'SV-6525', 'Trần Tú Minh', '1969-12-28', 1, '19165ed7-212e-21c4-0428-030d4265475f', NULL, NULL),
('4bbe43c8-54c4-2288-ba45-a68677dd5ef3', 'SV-0799', 'Nguyễn Kim Trâm', '1962-08-31', 1, '5f620c85-55d9-7632-6a78-553c0310877a', NULL, NULL),
('4bcddfb6-1b23-3887-a0fa-27d59245c5d9', 'SV-2886', 'Trần Thị Bảo', '1951-03-20', 0, '3c1063e8-464b-245e-c9f8-494a84b910f4', NULL, NULL),
('4f933a74-5c22-3d68-4d14-cf07c7ad0773', 'SV-8581', 'Bùi Thị Mạnh', '1993-06-02', 0, '4628f6df-6e4d-4115-fb74-9471face0ab4', NULL, NULL),
('51b501de-1b67-1d6c-21de-2f417b24e999', 'SV-8894', 'Võ Thị Băng', '1951-01-04', 0, '450bb33b-2a2d-352b-e412-ebbbcf065d1c', NULL, NULL),
('51e7f3cf-6de1-7384-4551-59dcbd91f22d', 'SV-5554', 'Trương Thị Dũng', '1991-06-26', 0, '6e52efd1-769c-2ea0-eedc-845b5dcdad45', NULL, NULL),
('56087135-3040-2fc6-4651-59dcbd91f22d', 'SV-3931', 'Nguyễn Ngọc Dũng', '1951-01-05', 1, '3f93d93d-2236-468c-fd74-9471face0ab4', NULL, NULL),
('584f63ed-5bc6-7611-655f-4db9ab45a18c', 'SV-6042', 'Trần Mỹ Mỹ', '1951-01-08', 0, '23f585fb-3a2d-505d-b4ad-cb989f2177da', NULL, NULL),
('59152223-3098-5bce-2f06-db2ad9f95814', 'SV-3328', 'Võ Văn Ly', '1971-11-15', 1, '64982a26-5d67-270d-b5ad-cb989f2177da', NULL, NULL),
('5936ed98-4e22-6872-4b14-cf07c7ad0773', 'SV-2595', 'Vũ Trọng Lương', '1952-03-31', 1, '2cb2bad7-3b25-1669-0828-030d4265475f', NULL, NULL),
('5c81fc59-2d92-582c-a1fa-27d59245c5d9', 'SV-3917', 'Trịnh Văn Tuệ', '1971-03-03', 1, '6e52efd1-769c-2ea0-eedc-845b5dcdad45', NULL, NULL),
('5d6c08b9-2cdb-5cc3-3e32-1fe60697734c', 'SV-3160', 'Mai Tiến Trà', '1979-08-11', 0, '7a0b757e-41eb-4df6-c6f8-494a84b910f4', NULL, NULL),
('5f593e45-1d82-4cfa-675f-4db9ab45a18c', 'SV-7078', 'Trương Kim Mai', '1951-01-02', 0, '3f93d93d-2236-468c-fd74-9471face0ab4', NULL, NULL),
('5f6d0a72-78f4-201c-587d-9d97eb2e0d66', 'SV-4088', 'Nguyễn Thị Hương', '1951-01-02', 0, '62452262-64e1-492b-0728-030d4265475f', NULL, NULL),
('608e257f-4efd-530f-9ffa-27d59245c5d9', 'SV-5403', 'Nguyễn Thị Hương', '1980-07-17', 1, '1b561f86-2664-2a3e-efdc-845b5dcdad45', NULL, NULL),
('64376cea-3e8e-15d2-3b29-aef25fbc82b3', 'SV-0284', 'Trần Văn Lĩnh', '1951-01-02', 0, '2d7c4ad9-5762-3f18-fc74-9471face0ab4', NULL, NULL),
('6591fa4c-1366-6d19-b845-a68677dd5ef3', 'SV-9439', 'Trần Thị Bốn', '1951-01-21', 1, '3a10e21a-7b72-4e25-e512-ebbbcf065d1c', NULL, NULL),
('676a0b19-3adf-6877-3c32-1fe60697734c', 'SV-7771', 'Nguyễn Thị Minh', '1972-03-29', 0, '7a0b757e-41eb-4df6-c6f8-494a84b910f4', NULL, NULL),
('6a941ff4-43a5-234e-4951-59dcbd91f22d', 'SV-5370', 'Đinh Quang Quỳnh', '1973-06-03', 0, '2cb2bad7-3b25-1669-0828-030d4265475f', NULL, NULL),
('6a9ca5c3-1fe6-152b-4851-59dcbd91f22d', 'SV-6601', 'Hoàng Văn Thu', '1981-11-24', 0, '62452262-64e1-492b-0728-030d4265475f', NULL, NULL),
('6b247db5-21cf-4b38-a5fa-27d59245c5d9', 'SV-6317', 'Nguyễn Thị Phượng', '2000-04-02', 1, '79e2659b-1e78-7dc9-0528-030d4265475f', NULL, NULL),
('6bff9ac2-6e11-2f19-4f14-cf07c7ad0773', 'SV-3389', 'Vũ Đức Bảo', '1976-02-20', 0, '1731fa87-79fd-4cc1-6978-553c0310877a', NULL, NULL),
('6dd07775-49c8-51fa-2d06-db2ad9f95814', 'SV-0235', 'Nông Khánh Thông', '2000-10-25', 1, '1a5df1f7-1200-63f1-0628-030d4265475f', NULL, NULL),
('7098453c-6c74-3b9d-b645-a68677dd5ef3', 'SV-3546', 'Nguyễn Ngọc Diễm', '1968-11-12', 1, '79e2659b-1e78-7dc9-0528-030d4265475f', NULL, NULL),
('763f3697-1c6c-33a4-bb45-a68677dd5ef3', 'SV-5109', 'Nguyễn Trí Giang', '1968-10-12', 1, '2924c34d-68f1-1d0a-c9c7-6c0aeb6ec302', NULL, NULL),
('79e387c3-4e3d-5635-3a29-aef25fbc82b3', 'SV-3907', 'Mai Văn Nga', '1953-07-18', 0, '27366e4a-5248-12e3-e312-ebbbcf065d1c', NULL, NULL),
('7cd25f54-3576-7faa-3d32-1fe60697734c', 'SV-0570', 'Trần Thị Như', '1951-04-25', 1, '7a0b757e-41eb-4df6-c6f8-494a84b910f4', NULL, NULL);

-- 
-- Dumping data for table practiceschedule
--
INSERT INTO practiceschedule VALUES
('1aa795ec-2f2f-3600-acc2-4f4995f9e0c1', '1994-01-23', '29b9e885-31c8-49e5-1474-af6b0c9d8171', '31364645-14ed-27fc-d711-56e108b1c222', '216e3c1e-4796-5e45-b473-961b5d5b8db8', 0, 'Et est perspiciatis veniam vel qui. Eos atque repudiandae voluptas repellat atque tempore. Ipsa maiores laboriosam! Dicta inventore ea. Ab sint iste.', '2012-01-31 00:30:37', '1982-05-03 08:15:17', NULL, NULL, '746bf215-69f0-63d5-24a0-a553e7ce7f6e', '3f5dbf82-3149-173b-b7de-afb1a862d41c', '2fbea47e-55c2-27aa-c780-872c02b7d2a6'),
('1ca1d42a-7cc0-245e-4079-42f760245f8d', '1980-06-15', '29b9e885-31c8-49e5-1474-af6b0c9d8171', '6e33d899-6a6c-5534-bfc6-d72f24192909', '3247100d-5018-5366-7440-2c126cc94c2f', 0, 'Omnis quaerat veritatis molestiae magni. Accusantium in et. Asperiores dolores et nihil velit veniam perspiciatis! Dolores sint pariatur. Non sit amet? Fuga.', '2020-11-03 07:31:06', '1973-06-13 03:31:03', NULL, NULL, '31a91785-3caf-2f79-75b4-6865aee0822f', '3f2eebf9-3771-1568-15b1-ce2d324a94cc', '4bf555c0-58ad-53b4-c680-872c02b7d2a6'),
('1f5cdaf7-41ad-537e-3e2d-e1c2b7a85730', '1990-06-08', '16bf2a3e-4001-79d3-de9f-8dd6f6d7e4f8', '3a82520e-5197-4d07-5433-57d1d013a38f', '28386a4b-698c-2f33-b9ed-840d076bb970', 0, 'Cupiditate tenetur ipsam. Corporis minus sunt. Tenetur fugiat aut. Voluptatem maiores ea; dolor aperiam laboriosam. Et dolorum nihil. Sed ut est. Sed non eum.', '2011-09-01 08:21:19', '2019-07-06 18:49:45', NULL, NULL, '7f7d8c60-24a7-7edf-2db8-7265ab5e4dd2', '3f5dbf82-3149-173b-b7de-afb1a862d41c', '3ba5bdd4-158a-55c7-2b40-483f16f4f2f6'),
('210a7146-6ee6-49dc-adc2-4f4995f9e0c1', '1970-03-16', '16bf2a3e-4001-79d3-de9f-8dd6f6d7e4f8', '4d10a10b-7811-3be5-9368-4c288799f5a9', '51668d1f-78fa-2104-db69-77552cf052f6', 0, 'Assumenda iure dolores molestiae illo. Consequatur eligendi quia et. In et totam? Error aut ut deleniti qui itaque dolore. Impedit fuga eaque...', '1970-01-01 00:01:15', '1970-01-01 00:16:33', NULL, NULL, '746bf215-69f0-63d5-24a0-a553e7ce7f6e', '75715e61-1bb8-5e6b-39aa-a85f1a471f4a', '7b84ac41-6fa7-7a30-84b4-ee2381be8d74'),
('23f85418-2721-29c3-aec2-4f4995f9e0c1', '1981-10-13', '7d22876a-7262-128c-43d4-35a726f0ef4c', '3a82520e-5197-4d07-5433-57d1d013a38f', '26e7726d-6597-3f83-c61e-f9a34758b9dc', 0, 'Qui sit nisi. Voluptatem recusandae voluptas! Obcaecati nulla necessitatibus. Vitae eos voluptatem. Nesciunt expedita tempora. Aut voluptates reiciendis! Aut.', '1970-01-01 01:11:44', '2008-04-26 12:46:16', NULL, NULL, '7ecb3390-7390-54b9-4303-f11690f6e6eb', '3f5dbf82-3149-173b-b7de-afb1a862d41c', '3453b47e-352e-6076-987c-35837e69de14'),
('2584a53b-381c-1d5c-282e-c4457c8cc573', '2019-06-06', '7ff6d971-2e0e-4fa3-1a0f-df0f613299a6', '75e7e6b9-4cb6-3cd1-3c97-c414fa26c3e6', '180230e2-77d2-2fe3-17fe-de0b0c8b9758', 0, 'Dolorem voluptatem nisi id perspiciatis. Minus sit et omnis provident at. Quae et in ex laudantium quia repellendus!', '1980-12-30 10:08:48', '2008-04-24 15:51:15', NULL, NULL, '31a91785-3caf-2f79-75b4-6865aee0822f', '2ef0f747-5fdc-3ec0-2db0-48538a4b886b', '1dad0c5a-667e-582d-937c-35837e69de14'),
('25b309d8-5b30-755e-e2e1-a1fbc05aadd1', '1972-08-08', '29b9e885-31c8-49e5-1474-af6b0c9d8171', '65f88ca0-629b-53e0-254c-4663158f29cd', '79ff2a0d-5c05-6b52-14fe-de0b0c8b9758', 0, 'Assumenda quam ducimus error fugit; animi corporis saepe quam necessitatibus. Iste doloribus fuga? Adipisci vero consequatur. Et dolores qui. Aspernatur.', '1970-01-01 00:15:51', '2004-04-09 16:57:44', NULL, NULL, '7ecb3390-7390-54b9-4303-f11690f6e6eb', '75715e61-1bb8-5e6b-39aa-a85f1a471f4a', '27ef901c-2feb-20ed-decb-05dee64e6cc0'),
('28e0e5dc-6ef2-2562-f22c-20ada5f246eb', '1999-05-29', '7d22876a-7262-128c-43d4-35a726f0ef4c', '2db421f5-6b7f-6073-d911-56e108b1c222', '28386a4b-698c-2f33-b9ed-840d076bb970', 1, NULL, '1976-09-14 21:02:54', '1978-06-06 12:49:33', NULL, NULL, '7ecb3390-7390-54b9-4303-f11690f6e6eb', '3f2eebf9-3771-1568-15b1-ce2d324a94cc', '37c0c9e4-178f-574a-e1cb-05dee64e6cc0'),
('2a3e81c8-4c54-3c0c-211a-ab4fd92feb34', '1985-02-03', '29b9e885-31c8-49e5-1474-af6b0c9d8171', '394b238c-2ef4-4298-5333-57d1d013a38f', '1876d0f1-3b1d-697e-16fe-de0b0c8b9758', 0, NULL, '1993-08-19 08:32:28', '1970-01-01 00:00:16', NULL, NULL, '746bf215-69f0-63d5-24a0-a553e7ce7f6e', '2ef0f747-5fdc-3ec0-2db0-48538a4b886b', '3425fa64-1158-6c2a-947c-35837e69de14'),
('2b42c5aa-7329-329f-3a65-2901bec7844e', '1973-06-10', '16bf2a3e-4001-79d3-de9f-8dd6f6d7e4f8', '22427d80-6fcd-14d0-c6c6-d72f24192909', '2da9514c-30e5-3da4-bbed-840d076bb970', 0, 'Ea quisquam ut. Provident earum harum. Nemo ullam atque. Soluta ullam esse. Maxime culpa delectus. Velit deleniti natus. Provident quasi voluptatem. Est vel!', '1996-01-24 21:05:18', '1979-07-28 13:57:19', NULL, NULL, '7ecb3390-7390-54b9-4303-f11690f6e6eb', '2ef0f747-5fdc-3ec0-2db0-48538a4b886b', '38cc7c40-177d-388c-8486-fecdbcc4765c'),
('2df106e5-3e17-1ecf-b1c2-4f4995f9e0c1', '1990-08-23', '16bf2a3e-4001-79d3-de9f-8dd6f6d7e4f8', '1fc853bd-2cd7-7198-264c-4663158f29cd', '6556cfd1-406e-77dd-fdb2-605a27f3fd3e', 0, 'Quis qui quia ea illo deserunt aut. Sed quae tenetur reprehenderit et adipisci ipsa.', '1990-08-23 03:11:38', '1988-02-02 05:32:00', NULL, NULL, '31a91785-3caf-2f79-75b4-6865aee0822f', '75715e61-1bb8-5e6b-39aa-a85f1a471f4a', '34b55562-222d-6919-e2cb-05dee64e6cc0'),
('31f46709-2fdd-30d4-4179-42f760245f8d', '1970-02-22', '7d22876a-7262-128c-43d4-35a726f0ef4c', '6064916e-41bf-144d-3ce8-d81fec7b0976', '2634a292-5c65-4179-7640-2c126cc94c2f', 0, NULL, '1970-01-01 00:00:53', '2002-01-25 12:29:23', NULL, NULL, '6614b51e-1601-1db7-3ceb-2305cc661988', '3f5dbf82-3149-173b-b7de-afb1a862d41c', '3453b47e-352e-6076-987c-35837e69de14'),
('33873984-51d8-1c6f-231a-ab4fd92feb34', '1972-02-21', '7d22876a-7262-128c-43d4-35a726f0ef4c', '1dbfb5d7-443b-64f9-3d97-c414fa26c3e6', '7438d178-1b28-37ba-5cf5-ad608731b315', 1, 'Nisi autem modi. Est ullam eos; mollitia laudantium id. Adipisci repellat nam! Eligendi saepe cumque. Repellat quis quo! Voluptatem dolor autem.', '1970-01-01 00:13:02', '1970-01-01 00:05:37', NULL, NULL, '31a91785-3caf-2f79-75b4-6865aee0822f', '3f2eebf9-3771-1568-15b1-ce2d324a94cc', '31bdd7b0-51ae-1dc1-e0cb-05dee64e6cc0'),
('34195aab-1a03-312d-402d-e1c2b7a85730', '1973-03-09', '35c94ecf-31c9-4c2b-2cbf-2d1df1341b8b', '46b17b19-2346-6291-284c-4663158f29cd', '18b53f09-284d-4d57-5ef5-ad608731b315', 1, 'Totam voluptatem non. Nihil et tempora. Soluta ratione quo? Eaque sit ea. Qui architecto voluptatem. Officiis ratione ipsam. Officia et nesciunt.', '1983-07-15 04:22:02', '1974-08-21 13:06:17', NULL, NULL, '31a91785-3caf-2f79-75b4-6865aee0822f', '3f2eebf9-3771-1568-15b1-ce2d324a94cc', '3a02094a-64fe-51d3-2a40-483f16f4f2f6'),
('36296674-6027-271c-4279-42f760245f8d', '1970-01-07', '468bdba6-42f9-2d59-c954-0f2512404bdf', '28048e4e-650a-6f62-3a97-c414fa26c3e6', '14db3476-7f98-70b8-c41e-f9a34758b9dc', 1, 'Sit accusantium qui. Quas doloremque quaerat. Voluptatibus repudiandae aperiam. Incidunt sint enim. Amet in qui. Consectetur laudantium ullam. Voluptatem.', '1970-01-01 00:00:07', '1984-12-17 16:03:59', NULL, NULL, '746bf215-69f0-63d5-24a0-a553e7ce7f6e', '3f2eebf9-3771-1568-15b1-ce2d324a94cc', '34b55562-222d-6919-e2cb-05dee64e6cc0'),
('398d9b1b-5ac3-375b-272e-c4457c8cc573', '1978-01-24', '29b9e885-31c8-49e5-1474-af6b0c9d8171', '21d97f61-513d-59dc-abb3-cad96b318fc3', '541f5418-502c-5e86-9c28-186a78c3f39e', 1, 'Et reprehenderit tempora. Doloremque molestiae pariatur. Et quas ut. Hic voluptas quo. Hic adipisci est. Delectus qui sint! Voluptatem quae sit. Incidunt!', '1970-02-26 19:06:35', '1997-10-31 08:00:30', NULL, NULL, '6614b51e-1601-1db7-3ceb-2305cc661988', '3f5dbf82-3149-173b-b7de-afb1a862d41c', '2572fee6-2cdf-2670-adc7-b3346301782e'),
('3a1766b8-3131-3e6d-f62c-20ada5f246eb', '2008-01-30', '35c94ecf-31c9-4c2b-2cbf-2d1df1341b8b', '6064916e-41bf-144d-3ce8-d81fec7b0976', '180230e2-77d2-2fe3-17fe-de0b0c8b9758', 1, 'Eveniet beatae voluptatem enim officiis aut voluptatem.', '1993-08-22 11:25:33', '1970-01-01 00:00:09', NULL, NULL, '6614b51e-1601-1db7-3ceb-2305cc661988', '3f5dbf82-3149-173b-b7de-afb1a862d41c', '6f11e617-1860-1eac-c980-872c02b7d2a6'),
('3c085312-6a93-27c6-9377-d197b06147a8', '1970-02-10', '35c94ecf-31c9-4c2b-2cbf-2d1df1341b8b', '1d0abbf4-25e1-52a8-f563-8a7ba31d9960', '370ca915-2cd9-7767-feb2-605a27f3fd3e', 1, 'Error illum dolores. Eveniet tempora doloribus modi. Quasi velit id laudantium consequuntur. Sunt ut sequi dolorem sed obcaecati facilis.', '1970-01-01 00:00:41', '1980-07-30 21:57:07', NULL, NULL, '6614b51e-1601-1db7-3ceb-2305cc661988', '3f2eebf9-3771-1568-15b1-ce2d324a94cc', '422b843f-70b6-2496-693b-801cd82cdd42'),
('425d37b2-576e-3ed6-9577-d197b06147a8', '2019-08-21', '7ff6d971-2e0e-4fa3-1a0f-df0f613299a6', '21d97f61-513d-59dc-abb3-cad96b318fc3', '216e3c1e-4796-5e45-b473-961b5d5b8db8', 0, 'Itaque voluptatum ipsa. Beatae obcaecati magnam; eum optio aliquam. Ut alias molestiae. Sit obcaecati sunt! Ducimus rerum ex? Ut dolores ipsum! Aperiam enim.', '2009-07-15 07:58:17', '2019-02-23 19:14:09', NULL, NULL, '7ecb3390-7390-54b9-4303-f11690f6e6eb', '75715e61-1bb8-5e6b-39aa-a85f1a471f4a', '730389ab-20c5-7969-8386-fecdbcc4765c'),
('431bd45e-4011-4570-3f2d-e1c2b7a85730', '1970-01-04', '468bdba6-42f9-2d59-c954-0f2512404bdf', '493bb3e1-766d-55a9-c0c6-d72f24192909', '18b53f09-284d-4d57-5ef5-ad608731b315', 0, 'Aut nam ut; est rerum aut. Velit quod quia. Minima et qui. Debitis quaerat placeat. Inventore modi quis! Vel delectus qui. Sed est voluptatem.', '1970-01-01 00:00:04', '2012-04-04 11:19:40', NULL, NULL, '7ecb3390-7390-54b9-4303-f11690f6e6eb', '75715e61-1bb8-5e6b-39aa-a85f1a471f4a', '154d2cf8-3b5b-5c65-c480-872c02b7d2a6'),
('436b1950-27d9-4263-3c65-2901bec7844e', '2010-06-04', '35c94ecf-31c9-4c2b-2cbf-2d1df1341b8b', '6bf7a049-3229-6355-274c-4663158f29cd', '475372d4-62cf-41f2-dd69-77552cf052f6', 1, 'Consequatur aut molestias porro enim qui pariatur. Dolor quia laborum rerum non unde sunt.', '2017-04-22 17:06:44', '2004-02-09 04:23:56', NULL, NULL, '6614b51e-1601-1db7-3ceb-2305cc661988', '75715e61-1bb8-5e6b-39aa-a85f1a471f4a', '206e60ef-7ded-3138-c880-872c02b7d2a6'),
('4382ec41-2580-4f32-241a-ab4fd92feb34', '1977-06-15', '16bf2a3e-4001-79d3-de9f-8dd6f6d7e4f8', '1fc853bd-2cd7-7198-264c-4663158f29cd', '3247100d-5018-5366-7440-2c126cc94c2f', 0, NULL, '1999-02-14 06:08:26', '1970-06-20 01:25:22', NULL, NULL, '746bf215-69f0-63d5-24a0-a553e7ce7f6e', '3f5dbf82-3149-173b-b7de-afb1a862d41c', '2572fee6-2cdf-2670-adc7-b3346301782e'),
('44f95e78-2199-1f91-9877-d197b06147a8', '1997-02-21', '35c94ecf-31c9-4c2b-2cbf-2d1df1341b8b', '47f90970-55bd-47a3-dc18-0ccabe85ff46', '24e33ba7-2e44-138e-c81e-f9a34758b9dc', 1, 'Error voluptatem ut. Quibusdam aliquam natus. Qui magni ipsum. Quod repudiandae vero! Minima aut ut. Voluptatem voluptate eum; perspiciatis aliquid veniam.', '1970-01-01 02:45:14', '1999-03-18 11:13:37', NULL, NULL, '7f7d8c60-24a7-7edf-2db8-7265ab5e4dd2', '75715e61-1bb8-5e6b-39aa-a85f1a471f4a', '7b84ac41-6fa7-7a30-84b4-ee2381be8d74'),
('45a16e6b-3ff0-4bee-b0c2-4f4995f9e0c1', '2000-03-24', '35c94ecf-31c9-4c2b-2cbf-2d1df1341b8b', '31364645-14ed-27fc-d711-56e108b1c222', '18b53f09-284d-4d57-5ef5-ad608731b315', 1, 'Consectetur saepe recusandae quibusdam magnam ducimus. Praesentium magni eaque. Neque dicta omnis. Et itaque veritatis; et impedit sint. Voluptatem obcaecati...', '2011-08-12 16:06:39', '1987-10-29 20:56:25', NULL, NULL, '6614b51e-1601-1db7-3ceb-2305cc661988', '3f5dbf82-3149-173b-b7de-afb1a862d41c', '2572fee6-2cdf-2670-adc7-b3346301782e'),
('46cc7220-314f-54c5-9677-d197b06147a8', '1970-01-09', '7ff6d971-2e0e-4fa3-1a0f-df0f613299a6', '13d0dbbe-3117-4edc-c3c6-d72f24192909', '370ca915-2cd9-7767-feb2-605a27f3fd3e', 1, 'Quia eos numquam. Sed est nesciunt id libero molestiae sed! Error amet minus veniam ut illo facere.', '1970-01-01 00:00:09', '1986-12-25 07:45:39', NULL, NULL, '7f7d8c60-24a7-7edf-2db8-7265ab5e4dd2', '3f5dbf82-3149-173b-b7de-afb1a862d41c', '301f501a-4778-1a33-2d40-483f16f4f2f6'),
('47cacf20-771e-7611-3d65-2901bec7844e', '1971-05-14', '7d22876a-7262-128c-43d4-35a726f0ef4c', '6d4ffece-2207-7f00-c4c6-d72f24192909', '33afe3f5-6923-5d32-b273-961b5d5b8db8', 0, 'Omnis rerum autem. Officia eos qui; at qui omnis. Voluptatibus beatae fugit. Sed ullam earum. Ratione at omnis! Nemo error animi? Commodi voluptatem fugit.', '1970-01-01 00:08:19', '1985-01-09 13:01:24', NULL, NULL, '31a91785-3caf-2f79-75b4-6865aee0822f', '3f2eebf9-3771-1568-15b1-ce2d324a94cc', '206e60ef-7ded-3138-c880-872c02b7d2a6'),
('489495b1-4625-1a19-2a2e-c4457c8cc573', '1983-03-29', '29b9e885-31c8-49e5-1474-af6b0c9d8171', '33c6d4c6-4389-65c9-d811-56e108b1c222', '4b24c549-7e20-66b7-b073-961b5d5b8db8', 0, 'Reprehenderit nesciunt ullam. Aspernatur corporis iste tempore perspiciatis est. Et voluptatem placeat molestiae incidunt impedit. Inventore nostrum est.', '2021-05-02 01:13:27', '1970-01-01 00:00:08', NULL, NULL, '6614b51e-1601-1db7-3ceb-2305cc661988', '3f5dbf82-3149-173b-b7de-afb1a862d41c', '7848a399-664c-4cf0-c580-872c02b7d2a6'),
('48b02f77-34a8-1981-9477-d197b06147a8', '1984-09-15', '35c94ecf-31c9-4c2b-2cbf-2d1df1341b8b', '1d0abbf4-25e1-52a8-f563-8a7ba31d9960', '7438d178-1b28-37ba-5cf5-ad608731b315', 1, 'Deserunt autem nisi. Voluptatem sint consequuntur. Unde sint sunt. Iste sit dolor; omnis reprehenderit vel. Esse ad eaque. Facere aliquam sit. Provident quia.', '1970-03-26 00:37:58', '1970-01-07 03:24:19', NULL, NULL, '31a91785-3caf-2f79-75b4-6865aee0822f', '3f5dbf82-3149-173b-b7de-afb1a862d41c', '1dad0c5a-667e-582d-937c-35837e69de14'),
('4973efcd-3e37-46f3-27e2-6211d310be16', '2003-07-03', '7ff6d971-2e0e-4fa3-1a0f-df0f613299a6', '1e7e748b-3649-7599-f663-8a7ba31d9960', '51755a4c-6341-4eee-5df5-ad608731b315', 1, 'Cumque alias quisquam. Tempore velit expedita corporis rerum natus est. Quidem iusto dolores quisquam cupiditate sint ea.', '1983-10-17 20:32:01', '1970-01-01 01:03:30', NULL, NULL, '31a91785-3caf-2f79-75b4-6865aee0822f', '75715e61-1bb8-5e6b-39aa-a85f1a471f4a', '57f54b26-76af-319c-9bff-6cd56556278e'),
('4bf6e08f-7344-16e4-201a-ab4fd92feb34', '1970-03-04', '468bdba6-42f9-2d59-c954-0f2512404bdf', '46b17b19-2346-6291-284c-4663158f29cd', '370ca915-2cd9-7767-feb2-605a27f3fd3e', 0, 'Eum ut in sed ut accusantium et. Quae ex vitae velit omnis magnam; rerum veritatis sapiente. Aut ipsam reprehenderit. Quis minima et.', '1970-01-01 00:01:03', '1970-01-01 00:07:46', NULL, NULL, '7f7d8c60-24a7-7edf-2db8-7265ab5e4dd2', '2ef0f747-5fdc-3ec0-2db0-48538a4b886b', '38cc7c40-177d-388c-8486-fecdbcc4765c'),
('4c028f27-3ac0-494f-9777-d197b06147a8', '2000-12-29', '7ff6d971-2e0e-4fa3-1a0f-df0f613299a6', '13d0dbbe-3117-4edc-c3c6-d72f24192909', '3bbc27a8-3433-61ae-7740-2c126cc94c2f', 0, 'Quos voluptatem voluptatum reiciendis hic quisquam maxime. Rerum consequatur unde velit nesciunt in id.', '1970-04-07 09:43:32', '1972-11-04 12:33:37', NULL, NULL, '31a91785-3caf-2f79-75b4-6865aee0822f', '75715e61-1bb8-5e6b-39aa-a85f1a471f4a', '3302d55d-758b-1ad7-927c-35837e69de14'),
('4c1a9f21-3800-476d-afc2-4f4995f9e0c1', '2005-12-06', '35c94ecf-31c9-4c2b-2cbf-2d1df1341b8b', '531bb86c-71cc-456d-9668-4c288799f5a9', '3247100d-5018-5366-7440-2c126cc94c2f', 0, 'Voluptatem enim sed dicta. Aliquid molestias voluptas officia error sunt odit. Nemo tenetur eum blanditiis perferendis. Dolores aut omnis ea.', '2007-06-28 00:22:50', '1976-07-15 15:04:59', NULL, NULL, '31a91785-3caf-2f79-75b4-6865aee0822f', '3f2eebf9-3771-1568-15b1-ce2d324a94cc', '37c0c9e4-178f-574a-e1cb-05dee64e6cc0'),
('4c6b0e80-465e-5027-f42c-20ada5f246eb', '1998-10-31', '35c94ecf-31c9-4c2b-2cbf-2d1df1341b8b', '61b9cb60-344e-7294-f363-8a7ba31d9960', '541f5418-502c-5e86-9c28-186a78c3f39e', 1, 'Numquam quidem fugit. Omnis ratione voluptatum. Qui repudiandae dolore. Voluptates est quibusdam? Dolor natus quis. Est dignissimos aliquam. Incidunt!', '1990-03-13 15:05:57', '1970-01-01 00:13:54', NULL, NULL, '31a91785-3caf-2f79-75b4-6865aee0822f', '3f2eebf9-3771-1568-15b1-ce2d324a94cc', '17534976-490f-5ca8-aac7-b3346301782e'),
('4cda0d13-23f9-7c71-e1e1-a1fbc05aadd1', '2012-01-06', '29b9e885-31c8-49e5-1474-af6b0c9d8171', '47f90970-55bd-47a3-dc18-0ccabe85ff46', '1fd964a3-6e9e-40d0-c71e-f9a34758b9dc', 1, 'Sed nulla nihil. Rerum ut et. Modi hic quo! Ea molestiae ducimus omnis. Dolores omnis repudiandae vel vitae! Rem iure repellat.', '2002-09-27 02:36:17', '1985-07-21 03:03:22', NULL, NULL, '31a91785-3caf-2f79-75b4-6865aee0822f', '3f5dbf82-3149-173b-b7de-afb1a862d41c', '4295d2c7-36a1-572f-683b-801cd82cdd42'),
('4ed16562-1906-2106-dee1-a1fbc05aadd1', '1971-12-26', '35c94ecf-31c9-4c2b-2cbf-2d1df1341b8b', '6218b0b4-77dd-784b-3b97-c414fa26c3e6', '4957e06d-717c-2c9f-d238-03bfeb02538a', 0, 'Qui quia rem nemo iusto ab distinctio. Id facilis qui. Perspiciatis provident nam! Deserunt esse eius. Voluptate voluptatem magni! Rem accusantium magnam.', '1970-01-01 00:12:05', '2016-06-18 02:43:18', NULL, NULL, '6614b51e-1601-1db7-3ceb-2305cc661988', '75715e61-1bb8-5e6b-39aa-a85f1a471f4a', '7d068934-72d3-5e32-967c-35837e69de14'),
('5209c40b-5f6e-1166-9977-d197b06147a8', '2001-01-25', '35c94ecf-31c9-4c2b-2cbf-2d1df1341b8b', '7d1ab01b-1952-7b5d-dd18-0ccabe85ff46', '42454a5c-3926-3d9d-dc69-77552cf052f6', 1, 'Sit praesentium eaque. Natus commodi illo! Minima voluptas ratione. Quaerat natus ipsum. Et quod perspiciatis? Rem corporis vel. Omnis error quasi; aut.', '1985-05-05 01:57:02', '2007-11-17 21:40:20', NULL, NULL, '746bf215-69f0-63d5-24a0-a553e7ce7f6e', '3f2eebf9-3771-1568-15b1-ce2d324a94cc', '31bdd7b0-51ae-1dc1-e0cb-05dee64e6cc0'),
('566e2bef-488c-7f7b-f52c-20ada5f246eb', '1974-04-18', '468bdba6-42f9-2d59-c954-0f2512404bdf', '4baccce5-4bee-4345-c2c6-d72f24192909', '502e64c9-1598-4f62-fcb2-605a27f3fd3e', 1, 'Laboriosam sequi optio. Aut reiciendis sed? A est sequi. Corrupti quo debitis! Molestias ut sapiente. Officia et eum. Nisi qui sit. Et pariatur est.', '1978-05-11 23:19:12', '2012-12-01 23:56:46', NULL, NULL, '6614b51e-1601-1db7-3ceb-2305cc661988', '3f2eebf9-3771-1568-15b1-ce2d324a94cc', '57f54b26-76af-319c-9bff-6cd56556278e'),
('5f0be6fb-2ad5-52dc-26e2-6211d310be16', '1997-12-26', '29b9e885-31c8-49e5-1474-af6b0c9d8171', '22427d80-6fcd-14d0-c6c6-d72f24192909', '475372d4-62cf-41f2-dd69-77552cf052f6', 0, 'Quo officiis dolor nulla eum unde. Incidunt sed nemo doloribus. Harum maiores error veniam molestias voluptatem similique!', '1976-08-29 11:46:35', '1970-01-01 00:11:26', NULL, NULL, '6614b51e-1601-1db7-3ceb-2305cc661988', '3f5dbf82-3149-173b-b7de-afb1a862d41c', '1dad0c5a-667e-582d-937c-35837e69de14'),
('5faa9459-628b-3244-292e-c4457c8cc573', '2007-03-26', '468bdba6-42f9-2d59-c954-0f2512404bdf', '47f90970-55bd-47a3-dc18-0ccabe85ff46', '2da9514c-30e5-3da4-bbed-840d076bb970', 1, 'Voluptatem sit obcaecati aspernatur voluptas voluptates aut.', '1976-06-19 08:04:37', '1988-10-24 12:21:14', NULL, NULL, '7f7d8c60-24a7-7edf-2db8-7265ab5e4dd2', '2ef0f747-5fdc-3ec0-2db0-48538a4b886b', '2fbea47e-55c2-27aa-c780-872c02b7d2a6'),
('61464ead-533f-43bb-dfe1-a1fbc05aadd1', '2014-01-05', '7ff6d971-2e0e-4fa3-1a0f-df0f613299a6', '54b181af-3f2c-75a4-f463-8a7ba31d9960', '51755a4c-6341-4eee-5df5-ad608731b315', 0, 'Error aliquam est. Eligendi quod ut! Cumque quo maxime. Illo commodi voluptates? Unde velit ex. Sed veritatis impedit. Sit facilis error.', '2011-07-11 04:24:27', '1970-01-01 00:00:01', NULL, NULL, '31a91785-3caf-2f79-75b4-6865aee0822f', '75715e61-1bb8-5e6b-39aa-a85f1a471f4a', '37c0c9e4-178f-574a-e1cb-05dee64e6cc0'),
('63b09ce3-3cfd-6242-dde1-a1fbc05aadd1', '1999-01-10', '468bdba6-42f9-2d59-c954-0f2512404bdf', '61b9cb60-344e-7294-f363-8a7ba31d9960', '3bbc27a8-3433-61ae-7740-2c126cc94c2f', 0, 'Molestiae ut dolore. Ut consequuntur repudiandae? Odit delectus quis. Laboriosam iusto doloremque. Ut blanditiis debitis; sunt modi pariatur. Quia ut in!', '2000-04-21 17:47:03', '1997-06-23 11:45:16', NULL, NULL, '31a91785-3caf-2f79-75b4-6865aee0822f', '75715e61-1bb8-5e6b-39aa-a85f1a471f4a', '27ef901c-2feb-20ed-decb-05dee64e6cc0'),
('646e0959-3320-7d56-e0e1-a1fbc05aadd1', '1975-04-29', '16bf2a3e-4001-79d3-de9f-8dd6f6d7e4f8', '6064916e-41bf-144d-3ce8-d81fec7b0976', '2da9514c-30e5-3da4-bbed-840d076bb970', 0, 'Quis fugit veritatis ex molestias sit eveniet.', '1987-04-13 18:54:49', '2012-09-29 13:05:56', NULL, NULL, '31a91785-3caf-2f79-75b4-6865aee0822f', '3f2eebf9-3771-1568-15b1-ce2d324a94cc', '48f7fb81-6e0b-64b3-6b3b-801cd82cdd42'),
('6967ad7f-646f-4fad-3965-2901bec7844e', '2012-02-17', '7ff6d971-2e0e-4fa3-1a0f-df0f613299a6', '4baccce5-4bee-4345-c2c6-d72f24192909', '370ca915-2cd9-7767-feb2-605a27f3fd3e', 1, 'Ullam adipisci esse. Necessitatibus suscipit laboriosam. Sint distinctio consequuntur. Sed ipsa perspiciatis. Aut voluptas voluptatem. Ut in unde. Et ut.', '2018-02-12 20:21:18', '1995-06-15 02:00:05', NULL, NULL, '746bf215-69f0-63d5-24a0-a553e7ce7f6e', '2ef0f747-5fdc-3ec0-2db0-48538a4b886b', '52ae6322-7e3e-5d41-17f5-c98d315c59dd'),
('6aefcbf4-7342-2823-b2c2-4f4995f9e0c1', '1992-06-09', '468bdba6-42f9-2d59-c954-0f2512404bdf', '1e7e748b-3649-7599-f663-8a7ba31d9960', '2da9514c-30e5-3da4-bbed-840d076bb970', 0, NULL, '1970-01-01 02:16:36', '1999-12-13 08:40:44', NULL, NULL, '6614b51e-1601-1db7-3ceb-2305cc661988', '3f5dbf82-3149-173b-b7de-afb1a862d41c', '2f8460ed-3d3d-4ebb-6a3b-801cd82cdd42'),
('6c8e600d-36d9-3b84-f72c-20ada5f246eb', '2012-10-22', '7d22876a-7262-128c-43d4-35a726f0ef4c', '47f90970-55bd-47a3-dc18-0ccabe85ff46', '26e7726d-6597-3f83-c61e-f9a34758b9dc', 1, 'Corporis dignissimos accusantium qui tenetur numquam officia. Ullam sapiente recusandae. Quo accusantium est. Provident ea aspernatur. Est ab aliquid. Sit.', '1991-07-26 22:11:28', '2008-11-20 23:55:45', NULL, NULL, '746bf215-69f0-63d5-24a0-a553e7ce7f6e', '75715e61-1bb8-5e6b-39aa-a85f1a471f4a', '730389ab-20c5-7969-8386-fecdbcc4765c'),
('737328fb-5f66-5f11-3b65-2901bec7844e', '2002-05-01', '16bf2a3e-4001-79d3-de9f-8dd6f6d7e4f8', '1d0abbf4-25e1-52a8-f563-8a7ba31d9960', '33afe3f5-6923-5d32-b273-961b5d5b8db8', 0, 'Sed quia eum eaque et odio. Minima qui ut; natus est atque. Quod sed impedit? Quo eos non. Consequatur quod dolor.', '1993-12-17 08:10:46', '2011-03-13 17:29:11', NULL, NULL, '6614b51e-1601-1db7-3ceb-2305cc661988', '2ef0f747-5fdc-3ec0-2db0-48538a4b886b', '7848a399-664c-4cf0-c580-872c02b7d2a6'),
('765da961-59cb-5062-221a-ab4fd92feb34', '1970-12-18', '35c94ecf-31c9-4c2b-2cbf-2d1df1341b8b', '2db421f5-6b7f-6073-d911-56e108b1c222', '5a45ae3f-2b14-2af2-b573-961b5d5b8db8', 1, 'Fuga sit quos error beatae asperiores provident.', '1993-02-10 22:42:33', '1982-03-30 17:25:09', NULL, NULL, '7f7d8c60-24a7-7edf-2db8-7265ab5e4dd2', '3f2eebf9-3771-1568-15b1-ce2d324a94cc', '17534976-490f-5ca8-aac7-b3346301782e'),
('7ef53436-328a-70dc-3865-2901bec7844e', '1970-01-07', '35c94ecf-31c9-4c2b-2cbf-2d1df1341b8b', '2db421f5-6b7f-6073-d911-56e108b1c222', '7267031c-4487-2774-c51e-f9a34758b9dc', 1, 'Explicabo ut ratione exercitationem aliquid magnam ut. Culpa nobis nisi. Adipisci cumque ipsa. Iusto quia et. Ut deserunt omnis aliquam assumenda neque iste.', '1970-01-01 00:00:07', '1979-05-20 04:10:01', NULL, NULL, '7ecb3390-7390-54b9-4303-f11690f6e6eb', '75715e61-1bb8-5e6b-39aa-a85f1a471f4a', '449281ed-7f3b-2d3d-acc7-b3346301782e');

-- 
-- Dumping data for table user
--
INSERT INTO user VALUES
('130c41ce-16d2-11d6-b25f-68a1ab01492c', 'Member', 'Member', '74ceff62-7307-57fa-17cb-d470555a8656', '(355) 994-8052', 'Nguyễn Đăng Tùng 2', 'tung@example.com', '2021-09-05 01:30:36', '2021-09-05 01:30:36'),
('5da4f152-202b-5459-be6f-099b152a7c68', 'Teacher', 'Teacher', '44483c4c-3d6a-3e86-ff7f-56bf70c2ec3c', '(446) 540-0392', 'Nguyễn Đăng Tùng 1', 'abc@nowhere.com', '2021-09-05 08:51:49', '2021-09-05 08:51:49'),
('7164f4d8-3aa9-5e7a-1543-5e6a680a3254', 'Admin', 'Admin', '7632dd25-6c68-1ff4-f51e-0e8136249589', '(323) 105-6641', 'Nguyễn Đăng Tùng', 'beng@example.com', '2021-09-05 08:51:45', '2021-09-05 08:51:45');

-- 
-- Dumping data for table detailpracticegroup
--
INSERT INTO detailpracticegroup VALUES
('152bd1b0-3e3e-6e7b-7bff-f8ad76748b41', '6bf7a049-3229-6355-274c-4663158f29cd', '51e7f3cf-6de1-7384-4551-59dcbd91f22d', 'Thành viên', NULL, NULL),
('15e14119-2b14-2356-a356-4fc3bbeea6ea', '61b9cb60-344e-7294-f363-8a7ba31d9960', '4237540d-7107-1306-3006-db2ad9f95814', 'Nhóm Trưởng', NULL, NULL),
('172bfb98-61e3-1a45-b144-6bc098520b79', '1fce4390-472e-4a78-9468-4c288799f5a9', '676a0b19-3adf-6877-3c32-1fe60697734c', 'Thành viên', NULL, NULL),
('1882a7c3-4ac9-63c5-934a-775f5b0c255b', '28048e4e-650a-6f62-3a97-c414fa26c3e6', '331a96bf-139a-47a4-635f-4db9ab45a18c', 'Nhóm Trưởng', NULL, NULL),
('1975a37d-41d2-5eff-08a6-59a0c0702c31', '531bb86c-71cc-456d-9668-4c288799f5a9', '64376cea-3e8e-15d2-3b29-aef25fbc82b3', 'Nhóm Trưởng', NULL, NULL),
('19c218fd-281b-2e0c-c98f-e9717deaa492', '4baccce5-4bee-4345-c2c6-d72f24192909', '7098453c-6c74-3b9d-b645-a68677dd5ef3', NULL, NULL, NULL),
('1a40131a-73f7-1c19-8d0b-d111d7560dd1', '3a82520e-5197-4d07-5433-57d1d013a38f', '763f3697-1c6c-33a4-bb45-a68677dd5ef3', 'Thành viên', NULL, NULL),
('1c1fcd85-59ec-7f23-924a-775f5b0c255b', '1fc853bd-2cd7-7198-264c-4663158f29cd', '331a96bf-139a-47a4-635f-4db9ab45a18c', 'Nhóm Trưởng', NULL, NULL),
('1cc9577e-32fe-55db-944a-775f5b0c255b', '6bf7a049-3229-6355-274c-4663158f29cd', '416fb62a-7aa6-6664-645f-4db9ab45a18c', 'Thành viên', NULL, NULL),
('1ce44394-2f81-5943-7aff-f8ad76748b41', '4baccce5-4bee-4345-c2c6-d72f24192909', '7098453c-6c74-3b9d-b645-a68677dd5ef3', 'Thành viên', NULL, NULL),
('1d761207-4485-528e-806a-e0860b0602ba', '509412e8-33ab-7070-adb3-cad96b318fc3', '23f7a1e3-6f7b-3463-3f32-1fe60697734c', 'Thành viên', NULL, NULL),
('20aa4bfe-1bf4-6715-0da6-59a0c0702c31', '509412e8-33ab-7070-adb3-cad96b318fc3', '5936ed98-4e22-6872-4b14-cf07c7ad0773', NULL, NULL, NULL),
('25efbe65-696b-226c-cd8f-e9717deaa492', '28048e4e-650a-6f62-3a97-c414fa26c3e6', '3d991ef6-694b-425e-b545-a68677dd5ef3', 'Thành viên', NULL, NULL),
('270ebc7c-34b9-7493-b444-6bc098520b79', '509412e8-33ab-7070-adb3-cad96b318fc3', '5f593e45-1d82-4cfa-675f-4db9ab45a18c', 'Nhóm Trưởng', NULL, NULL),
('274ef38d-6952-6e33-ce8f-e9717deaa492', '3a82520e-5197-4d07-5433-57d1d013a38f', '51b501de-1b67-1d6c-21de-2f417b24e999', 'Thành viên', NULL, NULL),
('28131e1a-0dea-11ec-a053-9829a638dac3', '1cfdf73b-0dea-11ec-a053-9829a638dac3', '31fbed23-0de9-11ec-a053-9829a638dac3', NULL, '2021-09-05 08:39:48', '2021-09-05 08:39:48'),
('28137462-0dea-11ec-a053-9829a638dac3', '1cfdf73b-0dea-11ec-a053-9829a638dac3', '31e51d04-0de9-11ec-a053-9829a638dac3', NULL, '2021-09-05 08:39:48', '2021-09-05 08:39:48'),
('2815f4d5-0dea-11ec-a053-9829a638dac3', '1cfdf73b-0dea-11ec-a053-9829a638dac3', '31f90e63-0de9-11ec-a053-9829a638dac3', NULL, '2021-09-05 08:39:48', '2021-09-05 08:39:48'),
('281625fe-0dea-11ec-a053-9829a638dac3', '1cfdf73b-0dea-11ec-a053-9829a638dac3', '31fa08dd-0de9-11ec-a053-9829a638dac3', NULL, '2021-09-05 08:39:48', '2021-09-05 08:39:48'),
('2816bfed-0dea-11ec-a053-9829a638dac3', '1cfdf73b-0dea-11ec-a053-9829a638dac3', '31faf9e0-0de9-11ec-a053-9829a638dac3', NULL, '2021-09-05 08:39:48', '2021-09-05 08:39:48'),
('2a2317ec-7be5-49d8-f25a-dbeedbd89217', '4baccce5-4bee-4345-c2c6-d72f24192909', '6a9ca5c3-1fe6-152b-4851-59dcbd91f22d', 'Nhóm Trưởng', NULL, NULL),
('2cc67e6d-5a05-423e-7dff-f8ad76748b41', '4f2ac8a2-6e43-5660-db11-56e108b1c222', '4bbe43c8-54c4-2288-ba45-a68677dd5ef3', 'Thành viên', NULL, NULL),
('2cfa16ff-1641-46e2-b344-6bc098520b79', '69d50df7-36cc-7c1f-9568-4c288799f5a9', '331a96bf-139a-47a4-635f-4db9ab45a18c', 'Thành viên', NULL, NULL),
('2ee7af5c-4a84-745d-f15a-dbeedbd89217', '6e33d899-6a6c-5534-bfc6-d72f24192909', '5f593e45-1d82-4cfa-675f-4db9ab45a18c', 'Nhóm Trưởng', NULL, NULL),
('3061c62e-7ef4-7db1-8c0b-d111d7560dd1', '54b181af-3f2c-75a4-f463-8a7ba31d9960', '33cdbc49-1e22-4ec1-22de-2f417b24e999', 'Thành viên', NULL, NULL),
('31df9e9c-56fc-3664-a156-4fc3bbeea6ea', '6e33d899-6a6c-5534-bfc6-d72f24192909', '1c5d7244-44c2-6838-597d-9d97eb2e0d66', 'Thành viên', NULL, NULL),
('334d4519-33ef-6c5f-7cff-f8ad76748b41', '65f88ca0-629b-53e0-254c-4663158f29cd', '5f6d0a72-78f4-201c-587d-9d97eb2e0d66', 'Thành viên', NULL, NULL),
('34773dea-0dea-11ec-a053-9829a638dac3', '13cdbd1f-0dea-11ec-a053-9829a638dac3', '31e944c7-0de9-11ec-a053-9829a638dac3', NULL, '2021-09-05 08:40:09', '2021-09-05 08:40:09'),
('34778015-0dea-11ec-a053-9829a638dac3', '13cdbd1f-0dea-11ec-a053-9829a638dac3', '31fd394e-0de9-11ec-a053-9829a638dac3', NULL, '2021-09-05 08:40:09', '2021-09-05 08:40:09'),
('347a23c1-0dea-11ec-a053-9829a638dac3', '13cdbd1f-0dea-11ec-a053-9829a638dac3', '31ec2b74-0de9-11ec-a053-9829a638dac3', NULL, '2021-09-05 08:40:09', '2021-09-05 08:40:09'),
('347a6196-0dea-11ec-a053-9829a638dac3', '13cdbd1f-0dea-11ec-a053-9829a638dac3', '31e7b9c8-0de9-11ec-a053-9829a638dac3', NULL, '2021-09-05 08:40:09', '2021-09-05 08:40:09'),
('347aa5dd-0dea-11ec-a053-9829a638dac3', '13cdbd1f-0dea-11ec-a053-9829a638dac3', '31eb23eb-0de9-11ec-a053-9829a638dac3', NULL, '2021-09-05 08:40:09', '2021-09-05 08:40:09'),
('347ac200-0dea-11ec-a053-9829a638dac3', '13cdbd1f-0dea-11ec-a053-9829a638dac3', '31ef8542-0de9-11ec-a053-9829a638dac3', NULL, '2021-09-05 08:40:09', '2021-09-05 08:40:09'),
('347af073-0dea-11ec-a053-9829a638dac3', '13cdbd1f-0dea-11ec-a053-9829a638dac3', '31ed3712-0de9-11ec-a053-9829a638dac3', NULL, '2021-09-05 08:40:09', '2021-09-05 08:40:09'),
('347b6b97-0dea-11ec-a053-9829a638dac3', '13cdbd1f-0dea-11ec-a053-9829a638dac3', '31f1978d-0de9-11ec-a053-9829a638dac3', NULL, '2021-09-05 08:40:09', '2021-09-05 08:40:09'),
('347b8c08-0dea-11ec-a053-9829a638dac3', '13cdbd1f-0dea-11ec-a053-9829a638dac3', '31f07f99-0de9-11ec-a053-9829a638dac3', NULL, '2021-09-05 08:40:09', '2021-09-05 08:40:09'),
('347bd2f6-0dea-11ec-a053-9829a638dac3', '13cdbd1f-0dea-11ec-a053-9829a638dac3', '31f69af3-0de9-11ec-a053-9829a638dac3', NULL, '2021-09-05 08:40:09', '2021-09-05 08:40:09'),
('347c131c-0dea-11ec-a053-9829a638dac3', '13cdbd1f-0dea-11ec-a053-9829a638dac3', '31f4d193-0de9-11ec-a053-9829a638dac3', NULL, '2021-09-05 08:40:09', '2021-09-05 08:40:09'),
('347c131e-0dea-11ec-a053-9829a638dac3', '13cdbd1f-0dea-11ec-a053-9829a638dac3', '31ee1af5-0de9-11ec-a053-9829a638dac3', NULL, '2021-09-05 08:40:09', '2021-09-05 08:40:09'),
('347c6dbc-0dea-11ec-a053-9829a638dac3', '13cdbd1f-0dea-11ec-a053-9829a638dac3', '31f36135-0de9-11ec-a053-9829a638dac3', NULL, '2021-09-05 08:40:09', '2021-09-05 08:40:09'),
('347c6dbe-0dea-11ec-a053-9829a638dac3', '13cdbd1f-0dea-11ec-a053-9829a638dac3', '31f7afe9-0de9-11ec-a053-9829a638dac3', NULL, '2021-09-05 08:40:09', '2021-09-05 08:40:09'),
('380cb357-23ad-459d-0ba6-59a0c0702c31', '4f2ac8a2-6e43-5660-db11-56e108b1c222', '20b2c186-721a-1d2d-b745-a68677dd5ef3', 'Nhóm Trưởng', NULL, NULL),
('3b12f323-3359-1787-0ca6-59a0c0702c31', '75e7e6b9-4cb6-3cd1-3c97-c414fa26c3e6', '1a72ef68-31f6-6771-b945-a68677dd5ef3', 'Thành viên', NULL, NULL),
('3f7bb059-6c87-1b53-7f6a-e0860b0602ba', '31364645-14ed-27fc-d711-56e108b1c222', '33e1ea0d-501e-28d7-4751-59dcbd91f22d', 'Thành viên', NULL, NULL),
('3f84bcae-3049-58d5-a256-4fc3bbeea6ea', '4baccce5-4bee-4345-c2c6-d72f24192909', '59152223-3098-5bce-2f06-db2ad9f95814', 'Nhóm Trưởng', NULL, NULL),
('44b28091-5231-5329-cb8f-e9717deaa492', '6e33d899-6a6c-5534-bfc6-d72f24192909', '5936ed98-4e22-6872-4b14-cf07c7ad0773', 'Thành viên', NULL, NULL),
('45706b02-17ac-116f-681f-62d5266e68a0', '4f2ac8a2-6e43-5660-db11-56e108b1c222', '6a9ca5c3-1fe6-152b-4851-59dcbd91f22d', 'Nhóm Trưởng', NULL, NULL),
('4ca73c94-291d-73c7-954a-775f5b0c255b', '28048e4e-650a-6f62-3a97-c414fa26c3e6', '64376cea-3e8e-15d2-3b29-aef25fbc82b3', 'Nhóm Trưởng', NULL, NULL),
('4e86ee0c-533e-1855-671f-62d5266e68a0', '65f88ca0-629b-53e0-254c-4663158f29cd', '44ee882f-7d40-4a4a-4c14-cf07c7ad0773', 'Thành viên', NULL, NULL),
('5388d57b-2c9e-6c0a-b644-6bc098520b79', '2db421f5-6b7f-6073-d911-56e108b1c222', '1a72ef68-31f6-6771-b945-a68677dd5ef3', NULL, NULL, NULL),
('54087c86-5a3b-77f9-a456-4fc3bbeea6ea', '42578c3c-627c-6196-afb3-cad96b318fc3', '51b501de-1b67-1d6c-21de-2f417b24e999', NULL, NULL, NULL),
('56d97e17-4a62-3c01-b544-6bc098520b79', '6e33d899-6a6c-5534-bfc6-d72f24192909', '6a9ca5c3-1fe6-152b-4851-59dcbd91f22d', 'Thành viên', NULL, NULL),
('595a1661-7620-1982-0aa6-59a0c0702c31', '1e7e748b-3649-7599-f663-8a7ba31d9960', '763f3697-1c6c-33a4-bb45-a68677dd5ef3', 'Nhóm Trưởng', NULL, NULL),
('676c50b7-4130-6122-b044-6bc098520b79', '1dbfb5d7-443b-64f9-3d97-c414fa26c3e6', '6b247db5-21cf-4b38-a5fa-27d59245c5d9', 'Nhóm Trưởng', NULL, NULL),
('6ce5ae5b-7dc2-7eaf-f05a-dbeedbd89217', '493bb3e1-766d-55a9-c0c6-d72f24192909', '33e1ea0d-501e-28d7-4751-59dcbd91f22d', 'Nhóm Trưởng', NULL, NULL),
('6e0e23cc-5dbb-6fe0-8b0b-d111d7560dd1', '4d10a10b-7811-3be5-9368-4c288799f5a9', '39e1a5b9-5e5b-7404-557d-9d97eb2e0d66', 'Nhóm Trưởng', NULL, NULL),
('6e12e208-3a95-539a-f45a-dbeedbd89217', '6728f19b-3625-45a1-de18-0ccabe85ff46', '5d6c08b9-2cdb-5cc3-3e32-1fe60697734c', 'Thành viên', NULL, NULL),
('6fd9cee5-30b5-5670-79ff-f8ad76748b41', '3a82520e-5197-4d07-5433-57d1d013a38f', '3c080cca-713e-4c4c-a3fa-27d59245c5d9', 'Thành viên', NULL, NULL),
('70701af8-7bc4-5d50-07a6-59a0c0702c31', '7f1af386-5055-17f2-3de8-d81fec7b0976', '4bbe43c8-54c4-2288-ba45-a68677dd5ef3', 'Nhóm Trưởng', NULL, NULL),
('73e731d0-5a66-755a-691f-62d5266e68a0', '65f88ca0-629b-53e0-254c-4663158f29cd', '64376cea-3e8e-15d2-3b29-aef25fbc82b3', 'Thành viên', NULL, NULL),
('7536aa8e-77f4-2e74-cc8f-e9717deaa492', '13e8fc3d-5d5f-34d7-acb3-cad96b318fc3', '3d3d630f-5a99-6371-a4fa-27d59245c5d9', 'Nhóm Trưởng', NULL, NULL),
('7a4d803b-199b-2a42-964a-775f5b0c255b', '21d97f61-513d-59dc-abb3-cad96b318fc3', '6591fa4c-1366-6d19-b845-a68677dd5ef3', 'Thành viên', NULL, NULL),
('7b2cc0a1-7058-6971-ca8f-e9717deaa492', '493bb3e1-766d-55a9-c0c6-d72f24192909', '44ee882f-7d40-4a4a-4c14-cf07c7ad0773', 'Nhóm Trưởng', NULL, NULL),
('7c185eef-7078-4c53-816a-e0860b0602ba', '4d10a10b-7811-3be5-9368-4c288799f5a9', '64376cea-3e8e-15d2-3b29-aef25fbc82b3', 'Nhóm Trưởng', NULL, NULL),
('7e895323-4cec-68de-b244-6bc098520b79', '41e722fd-3920-5eab-c1c6-d72f24192909', '44ee882f-7d40-4a4a-4c14-cf07c7ad0773', 'Nhóm Trưởng', NULL, NULL),
('7f5a4dac-6d24-2306-09a6-59a0c0702c31', '415bdccd-7d9b-7000-c5c6-d72f24192909', '5f593e45-1d82-4cfa-675f-4db9ab45a18c', 'Nhóm Trưởng', NULL, NULL);

-- 
-- Dumping data for table detailmoduleclass
--
INSERT INTO detailmoduleclass VALUES
('112f44cf-4800-2ee8-7f5b-5b97e23db0bb', '4fac4b9e-6c96-177f-d292-0ed10b503732', '4bbe43c8-54c4-2288-ba45-a68677dd5ef3', NULL, NULL, NULL, NULL, NULL),
('118f1de1-1ce0-652d-c6fe-7f9a08424f7b', '51573293-1a8a-5622-be47-901f27b89d18', '6bff9ac2-6e11-2f19-4f14-cf07c7ad0773', NULL, NULL, NULL, NULL, NULL),
('15874594-2513-27dc-3562-3ffc96c7e300', '50cd7cd2-6007-63f8-cea7-99e7765afd72', '5f6d0a72-78f4-201c-587d-9d97eb2e0d66', NULL, NULL, NULL, NULL, NULL),
('15e44603-1997-1312-35fe-59285cca9f53', '50cd7cd2-6007-63f8-cea7-99e7765afd72', '36284e50-7813-2d40-3929-aef25fbc82b3', NULL, NULL, NULL, NULL, NULL),
('1683e09d-7b61-426d-4fad-bdad7b5f7d1a', '4a756255-60b4-6d83-d392-0ed10b503732', '5d6c08b9-2cdb-5cc3-3e32-1fe60697734c', NULL, NULL, NULL, NULL, NULL),
('16bb069f-67fe-5bc7-815b-5b97e23db0bb', '76b970ae-70a0-32ec-b7b1-c1540d491251', '3d3d630f-5a99-6371-a4fa-27d59245c5d9', NULL, NULL, NULL, NULL, NULL),
('19c827d0-5650-30bd-eac0-f32a102323e6', '24b6e294-3962-3cac-eff6-092cdb0ab5e8', '4237540d-7107-1306-3006-db2ad9f95814', NULL, NULL, NULL, NULL, NULL),
('1f706cea-58a5-4ace-efc0-f32a102323e6', '3483adfe-38c9-1789-9f66-43a328b17837', '5f6d0a72-78f4-201c-587d-9d97eb2e0d66', NULL, NULL, NULL, NULL, NULL),
('2090dc02-2f47-30dc-010c-72dcf4babcff', '3d99a93b-28ef-1fd5-e8f2-17995bf2968c', '5f593e45-1d82-4cfa-675f-4db9ab45a18c', NULL, NULL, NULL, NULL, NULL),
('224fc5d2-714a-601d-edc0-f32a102323e6', '52865d12-2628-2164-9e66-43a328b17837', '37ff8b06-73d5-5c6a-665f-4db9ab45a18c', NULL, NULL, NULL, NULL, NULL),
('280ee33d-11cf-7121-4ead-bdad7b5f7d1a', '2bdbb408-2566-47f8-dbab-8b7af6721bcf', '5d6c08b9-2cdb-5cc3-3e32-1fe60697734c', NULL, NULL, NULL, NULL, NULL),
('297df6bd-76b4-28b9-1fb3-db767732063a', '7e951f52-34a1-2e20-cda7-99e7765afd72', '4f933a74-5c22-3d68-4d14-cf07c7ad0773', NULL, NULL, NULL, NULL, NULL),
('2dc25166-685c-4bc3-dd49-fe4bedd9e894', '35251a6d-3944-4983-ba47-901f27b89d18', '608e257f-4efd-530f-9ffa-27d59245c5d9', NULL, NULL, NULL, NULL, NULL),
('2e27c476-1dcf-3993-de49-fe4bedd9e894', '3483adfe-38c9-1789-9f66-43a328b17837', '23f7a1e3-6f7b-3463-3f32-1fe60697734c', NULL, NULL, NULL, NULL, NULL),
('2e6e9853-1d4c-4072-6910-dde5fda516a2', '12005c59-4cdb-2a35-f0f6-092cdb0ab5e8', '44ee882f-7d40-4a4a-4c14-cf07c7ad0773', NULL, NULL, NULL, NULL, NULL),
('309bf510-42f8-3738-ff0b-72dcf4babcff', '2bdbb408-2566-47f8-dbab-8b7af6721bcf', '6dd07775-49c8-51fa-2d06-db2ad9f95814', NULL, NULL, NULL, NULL, NULL),
('318855d2-3323-4399-36fe-59285cca9f53', '52865d12-2628-2164-9e66-43a328b17837', '6a9ca5c3-1fe6-152b-4851-59dcbd91f22d', NULL, NULL, NULL, NULL, NULL),
('33a81eda-5ab3-12fa-805b-5b97e23db0bb', '52865d12-2628-2164-9e66-43a328b17837', '51b501de-1b67-1d6c-21de-2f417b24e999', NULL, NULL, NULL, NULL, NULL),
('34c378fc-7884-3838-c8fe-7f9a08424f7b', '641eb0d6-1506-74b9-2adc-88a3ac8a3bba', '608e257f-4efd-530f-9ffa-27d59245c5d9', NULL, NULL, NULL, NULL, NULL),
('358ac342-2644-437f-37fe-59285cca9f53', '4ddd46a8-42d2-6d26-1191-0af2c7f2a1a0', '6a941ff4-43a5-234e-4951-59dcbd91f22d', NULL, NULL, NULL, NULL, NULL),
('36cb9961-5501-1ddb-030c-72dcf4babcff', '7c6369f2-18d3-679e-d7ab-8b7af6721bcf', '5f6d0a72-78f4-201c-587d-9d97eb2e0d66', NULL, NULL, NULL, NULL, NULL),
('38589430-7e99-4212-c7fe-7f9a08424f7b', '6737a48e-36e0-26f6-d9ab-8b7af6721bcf', '1e574bb9-3294-7d53-a2fa-27d59245c5d9', NULL, NULL, NULL, NULL, NULL),
('3af97028-144d-3632-fe0b-72dcf4babcff', '24b6e294-3962-3cac-eff6-092cdb0ab5e8', '6a9ca5c3-1fe6-152b-4851-59dcbd91f22d', NULL, NULL, NULL, NULL, NULL),
('3b880afd-77ba-69c9-6510-dde5fda516a2', '3d99a93b-28ef-1fd5-e8f2-17995bf2968c', '4bbe43c8-54c4-2288-ba45-a68677dd5ef3', NULL, NULL, NULL, NULL, NULL),
('3cac9e93-6ba9-5ebf-1cb3-db767732063a', '1ae4f1d0-48f9-3cac-2cdc-88a3ac8a3bba', '37ff8b06-73d5-5c6a-665f-4db9ab45a18c', NULL, NULL, NULL, NULL, NULL),
('414ed551-3821-5bf9-000c-72dcf4babcff', '4fac4b9e-6c96-177f-d292-0ed10b503732', '676a0b19-3adf-6877-3c32-1fe60697734c', NULL, NULL, NULL, NULL, NULL),
('438f4bc8-43a0-3f54-e9c0-f32a102323e6', '4ddd46a8-42d2-6d26-1191-0af2c7f2a1a0', '33e1ea0d-501e-28d7-4751-59dcbd91f22d', NULL, NULL, NULL, NULL, NULL),
('43f5f8ae-4be1-6999-e049-fe4bedd9e894', '52865d12-2628-2164-9e66-43a328b17837', '37ff8b06-73d5-5c6a-665f-4db9ab45a18c', NULL, NULL, NULL, NULL, NULL),
('456472c5-1dea-46c7-ecc0-f32a102323e6', '4e4dd06a-1a04-681f-29dc-88a3ac8a3bba', '4f933a74-5c22-3d68-4d14-cf07c7ad0773', NULL, NULL, NULL, NULL, NULL),
('456a2b61-66b9-7bd0-1eb3-db767732063a', '215c458d-76a1-715d-b8b1-c1540d491251', '6b247db5-21cf-4b38-a5fa-27d59245c5d9', NULL, NULL, NULL, NULL, NULL),
('49043fd4-1c33-787d-e149-fe4bedd9e894', '46335fb5-1ac4-66ae-b6b1-c1540d491251', '44ee882f-7d40-4a4a-4c14-cf07c7ad0773', NULL, NULL, NULL, NULL, NULL),
('4f610a3d-21c1-4b2b-c4fe-7f9a08424f7b', '4d963204-46cc-538c-9d66-43a328b17837', '3d3d630f-5a99-6371-a4fa-27d59245c5d9', NULL, NULL, NULL, NULL, NULL),
('4f98f660-3ec5-3d95-ebc0-f32a102323e6', '52865d12-2628-2164-9e66-43a328b17837', '48ca29f0-6bb3-30cb-2e06-db2ad9f95814', NULL, NULL, NULL, NULL, NULL),
('4fe5ee09-2c89-580a-dc49-fe4bedd9e894', '61cf5088-6432-5af3-1291-0af2c7f2a1a0', '5f6d0a72-78f4-201c-587d-9d97eb2e0d66', NULL, NULL, NULL, NULL, NULL),
('50bc39ab-4fc6-2533-1db3-db767732063a', '76b970ae-70a0-32ec-b7b1-c1540d491251', '56087135-3040-2fc6-4651-59dcbd91f22d', NULL, NULL, NULL, NULL, NULL),
('52fc3a07-2372-59a0-eec0-f32a102323e6', '4cabaf0d-1c77-2fab-1391-0af2c7f2a1a0', '1e160c2f-73eb-5f31-4032-1fe60697734c', NULL, NULL, NULL, NULL, NULL),
('541c96a6-4e24-27fe-6610-dde5fda516a2', '786f7632-26e0-6731-bd47-901f27b89d18', '397335e2-2518-6df0-4e14-cf07c7ad0773', NULL, NULL, NULL, NULL, NULL),
('593b1687-2168-1248-825b-5b97e23db0bb', '4e4dd06a-1a04-681f-29dc-88a3ac8a3bba', '6a941ff4-43a5-234e-4951-59dcbd91f22d', NULL, NULL, NULL, NULL, NULL),
('593e4522-6250-578f-c9fe-7f9a08424f7b', '74794097-6a44-73fb-e9f2-17995bf2968c', '23f7a1e3-6f7b-3463-3f32-1fe60697734c', NULL, NULL, NULL, NULL, NULL),
('5af1f347-6ae6-15e3-040c-72dcf4babcff', '47fc0199-4500-4075-d2a7-99e7765afd72', '1e160c2f-73eb-5f31-4032-1fe60697734c', NULL, NULL, NULL, NULL, NULL),
('5eb78adb-60fd-65e0-c5fe-7f9a08424f7b', '538eb3ed-1f4f-6709-b9b1-c1540d491251', '33cdbc49-1e22-4ec1-22de-2f417b24e999', NULL, NULL, NULL, NULL, NULL),
('604cff79-495d-779b-6810-dde5fda516a2', '76b970ae-70a0-32ec-b7b1-c1540d491251', '1e574bb9-3294-7d53-a2fa-27d59245c5d9', NULL, NULL, NULL, NULL, NULL),
('61e3cc06-6237-222a-7e5b-5b97e23db0bb', '1ae4f1d0-48f9-3cac-2cdc-88a3ac8a3bba', '64376cea-3e8e-15d2-3b29-aef25fbc82b3', NULL, NULL, NULL, NULL, NULL),
('712b2b28-7bf7-5852-4dad-bdad7b5f7d1a', '641eb0d6-1506-74b9-2adc-88a3ac8a3bba', '44ee882f-7d40-4a4a-4c14-cf07c7ad0773', NULL, NULL, NULL, NULL, NULL),
('73b4303a-1d86-4f9c-6710-dde5fda516a2', '31163c02-33fc-587f-f2f6-092cdb0ab5e8', '39e1a5b9-5e5b-7404-557d-9d97eb2e0d66', NULL, NULL, NULL, NULL, NULL),
('7461553a-1f2b-56a6-e8c0-f32a102323e6', '7e951f52-34a1-2e20-cda7-99e7765afd72', '397335e2-2518-6df0-4e14-cf07c7ad0773', NULL, NULL, NULL, NULL, NULL),
('772ebe29-5de4-27dd-020c-72dcf4babcff', '4e9da7be-7985-16d6-a066-43a328b17837', '4237540d-7107-1306-3006-db2ad9f95814', NULL, NULL, NULL, NULL, NULL),
('791677d3-77fe-14fe-34fe-59285cca9f53', '35251a6d-3944-4983-ba47-901f27b89d18', '7098453c-6c74-3b9d-b645-a68677dd5ef3', NULL, NULL, NULL, NULL, NULL),
('79294463-52de-35c3-3662-3ffc96c7e300', '5d104629-56c9-1241-daab-8b7af6721bcf', '416fb62a-7aa6-6664-645f-4db9ab45a18c', NULL, NULL, NULL, NULL, NULL),
('7ff9041f-3bbc-63a0-df49-fe4bedd9e894', '76b970ae-70a0-32ec-b7b1-c1540d491251', '1e574bb9-3294-7d53-a2fa-27d59245c5d9', NULL, NULL, NULL, NULL, NULL),
('fb401223-0de9-11ec-a053-9829a638dac3', '7fe66e5d-6151-3077-d692-0ed10b503732', '31e51d04-0de9-11ec-a053-9829a638dac3', 9, 5, 7, '2021-09-05 08:38:33', '2021-09-05 08:38:33'),
('fb40eeeb-0de9-11ec-a053-9829a638dac3', '7fe66e5d-6151-3077-d692-0ed10b503732', '31e7b9c8-0de9-11ec-a053-9829a638dac3', 5, 5, 5, '2021-09-05 08:38:33', '2021-09-05 08:38:33'),
('fb419118-0de9-11ec-a053-9829a638dac3', '7fe66e5d-6151-3077-d692-0ed10b503732', '31e944c7-0de9-11ec-a053-9829a638dac3', 7, 5, 6, '2021-09-05 08:38:33', '2021-09-05 08:38:33'),
('fb42319b-0de9-11ec-a053-9829a638dac3', '7fe66e5d-6151-3077-d692-0ed10b503732', '31eb23eb-0de9-11ec-a053-9829a638dac3', 9, 5, 7, '2021-09-05 08:38:33', '2021-09-05 08:38:33'),
('fb4303c0-0de9-11ec-a053-9829a638dac3', '7fe66e5d-6151-3077-d692-0ed10b503732', '31ec2b74-0de9-11ec-a053-9829a638dac3', 2, 5, 3.5, '2021-09-05 08:38:33', '2021-09-05 08:38:33'),
('fb439a5d-0de9-11ec-a053-9829a638dac3', '7fe66e5d-6151-3077-d692-0ed10b503732', '31ed3712-0de9-11ec-a053-9829a638dac3', 4, 5, 4.5, '2021-09-05 08:38:33', '2021-09-05 08:38:33'),
('fb4442da-0de9-11ec-a053-9829a638dac3', '7fe66e5d-6151-3077-d692-0ed10b503732', '31ee1af5-0de9-11ec-a053-9829a638dac3', 5, 5, 5, '2021-09-05 08:38:33', '2021-09-05 08:38:33'),
('fb44f1fc-0de9-11ec-a053-9829a638dac3', '7fe66e5d-6151-3077-d692-0ed10b503732', '31ef8542-0de9-11ec-a053-9829a638dac3', 9, 5, 7, '2021-09-05 08:38:33', '2021-09-05 08:38:33'),
('fb460cd7-0de9-11ec-a053-9829a638dac3', '7fe66e5d-6151-3077-d692-0ed10b503732', '31f07f99-0de9-11ec-a053-9829a638dac3', 6, 5, 5.5, '2021-09-05 08:38:33', '2021-09-05 08:38:33'),
('fb46a71f-0de9-11ec-a053-9829a638dac3', '7fe66e5d-6151-3077-d692-0ed10b503732', '31f1978d-0de9-11ec-a053-9829a638dac3', 9, 5, 7, '2021-09-05 08:38:33', '2021-09-05 08:38:33'),
('fb473521-0de9-11ec-a053-9829a638dac3', '7fe66e5d-6151-3077-d692-0ed10b503732', '31f36135-0de9-11ec-a053-9829a638dac3', 7, 5, 6, '2021-09-05 08:38:33', '2021-09-05 08:38:33'),
('fb47d4f4-0de9-11ec-a053-9829a638dac3', '7fe66e5d-6151-3077-d692-0ed10b503732', '31f4d193-0de9-11ec-a053-9829a638dac3', 4, 5, 4.5, '2021-09-05 08:38:33', '2021-09-05 08:38:33'),
('fb487b8a-0de9-11ec-a053-9829a638dac3', '7fe66e5d-6151-3077-d692-0ed10b503732', '31f69af3-0de9-11ec-a053-9829a638dac3', 9, 5, 7, '2021-09-05 08:38:33', '2021-09-05 08:38:33'),
('fb4b2bb3-0de9-11ec-a053-9829a638dac3', '7fe66e5d-6151-3077-d692-0ed10b503732', '31f7afe9-0de9-11ec-a053-9829a638dac3', 9, 5, 7, '2021-09-05 08:38:33', '2021-09-05 08:38:33'),
('fb4bc7d8-0de9-11ec-a053-9829a638dac3', '7fe66e5d-6151-3077-d692-0ed10b503732', '31f90e63-0de9-11ec-a053-9829a638dac3', 0, 5, 2.5, '2021-09-05 08:38:33', '2021-09-05 08:38:33'),
('fb4c599a-0de9-11ec-a053-9829a638dac3', '7fe66e5d-6151-3077-d692-0ed10b503732', '31fa08dd-0de9-11ec-a053-9829a638dac3', 3, 5, 4, '2021-09-05 08:38:33', '2021-09-05 08:38:33'),
('fb4d0932-0de9-11ec-a053-9829a638dac3', '7fe66e5d-6151-3077-d692-0ed10b503732', '31faf9e0-0de9-11ec-a053-9829a638dac3', 7, 5, 6, '2021-09-05 08:38:33', '2021-09-05 08:38:33'),
('fb4da582-0de9-11ec-a053-9829a638dac3', '7fe66e5d-6151-3077-d692-0ed10b503732', '31fbed23-0de9-11ec-a053-9829a638dac3', 9, 5, 7, '2021-09-05 08:38:33', '2021-09-05 08:38:33'),
('fb4e4631-0de9-11ec-a053-9829a638dac3', '7fe66e5d-6151-3077-d692-0ed10b503732', '31fd394e-0de9-11ec-a053-9829a638dac3', 4, 5, 4.5, '2021-09-05 08:38:33', '2021-09-05 08:38:33');

-- 
-- Dumping data for table attendance
--
INSERT INTO attendance VALUES
('11452b0c-768e-5ff7-0d63-eeb1d8ed8cef', '51e7f3cf-6de1-7384-4551-59dcbd91f22d', '2000-07-16 23:07:46', '1996-03-07 12:48:59', 'Quo et consectetur. Omnis dolorem delectus quo corporis suscipit officiis; incidunt saepe vel nostrum ex et sed.', NULL, NULL, '44f95e78-2199-1f91-9877-d197b06147a8', 0, '1d324248-2c4a-2e6a-80ea-6a3dbe0bcfe3', '4baccce5-4bee-4345-c2c6-d72f24192909'),
('1152da18-24d8-65b6-0380-e8e2a817c80e', '23f7a1e3-6f7b-3463-3f32-1fe60697734c', '1970-01-01 02:45:15', '1992-10-13 17:07:14', NULL, NULL, NULL, '2df106e5-3e17-1ecf-b1c2-4f4995f9e0c1', 0, '117d9f19-7fff-3d1c-90d7-047a75e1ce07', '7d1ab01b-1952-7b5d-dd18-0ccabe85ff46'),
('11f7089b-33e6-371a-f817-7000f455f3d5', '23f7a1e3-6f7b-3463-3f32-1fe60697734c', '2003-10-05 23:22:05', '1975-08-12 09:20:33', 'Quod et non ab debitis quos totam.', NULL, NULL, '4c028f27-3ac0-494f-9777-d197b06147a8', 1, '117d9f19-7fff-3d1c-90d7-047a75e1ce07', '493bb3e1-766d-55a9-c0c6-d72f24192909'),
('142cb08f-7c31-21fa-8e90-67245e8b283e', '23f7a1e3-6f7b-3463-3f32-1fe60697734c', '1970-01-01 00:07:13', '1970-01-01 00:00:04', 'Praesentium excepturi architecto ipsum possimus. Dolore molestiae omnis nihil. Aliquid perspiciatis qui. Ea sed nam; accusantium ipsam ut. Soluta.', NULL, NULL, '44f95e78-2199-1f91-9877-d197b06147a8', 0, '1d324248-2c4a-2e6a-80ea-6a3dbe0bcfe3', '5db23f21-65b9-3ea7-244c-4663158f29cd'),
('14c0ce35-1687-459c-1acb-66948daf6128', '44ee882f-7d40-4a4a-4c14-cf07c7ad0773', '2011-11-04 11:59:32', '1970-01-01 00:16:31', 'Iure sit excepturi fugit omnis natus adipisci. Natus consequatur minima eos ea necessitatibus sapiente.', NULL, NULL, '48b02f77-34a8-1981-9477-d197b06147a8', 0, '72702160-2bf0-494d-1b98-ca559e297554', '28048e4e-650a-6f62-3a97-c414fa26c3e6'),
('17120d02-6ab5-3e43-18cb-66948daf6128', '331a96bf-139a-47a4-635f-4db9ab45a18c', '2014-11-09 12:10:50', '2008-11-12 22:36:04', 'Neque amet ut. Natus quis ratione. Itaque tempore ut. Enim impedit magnam. Quo consectetur temporibus! Excepturi debitis perspiciatis. Quis et expedita!', NULL, NULL, '4c1a9f21-3800-476d-afc2-4f4995f9e0c1', 0, '72702160-2bf0-494d-1b98-ca559e297554', '75e7e6b9-4cb6-3cd1-3c97-c414fa26c3e6'),
('1ded3dd7-32db-5bc9-9190-67245e8b283e', '51b501de-1b67-1d6c-21de-2f417b24e999', '1970-01-01 00:01:23', '1970-01-01 00:57:34', 'Quaerat doloremque sunt quo optio perspiciatis omnis. Qui alias ut consectetur reprehenderit rerum est!', NULL, NULL, '1ca1d42a-7cc0-245e-4079-42f760245f8d', 0, '72702160-2bf0-494d-1b98-ca559e297554', '7d1ab01b-1952-7b5d-dd18-0ccabe85ff46'),
('1f74cd3f-6de4-5324-0180-e8e2a817c80e', '56087135-3040-2fc6-4651-59dcbd91f22d', '2003-07-17 06:09:11', '1987-07-13 22:02:23', 'Corrupti aliquam ut enim blanditiis et officia.', NULL, NULL, '436b1950-27d9-4263-3c65-2901bec7844e', 0, '3c6a7b05-211a-29bc-00ba-9a919cad3d6f', '13d0dbbe-3117-4edc-c3c6-d72f24192909'),
('1f8d7e46-1d1e-335f-79dd-867949feb8b5', '6591fa4c-1366-6d19-b845-a68677dd5ef3', '2019-05-20 03:53:39', '2008-06-11 14:18:41', 'Quia et soluta. Quis error ullam! Neque possimus voluptatem. Dolor enim omnis. Repellat aperiam quis; eligendi et laudantium; explicabo laborum aliquid.', NULL, NULL, '2a3e81c8-4c54-3c0c-211a-ab4fd92feb34', 1, '72702160-2bf0-494d-1b98-ca559e297554', '1e7e748b-3649-7599-f663-8a7ba31d9960'),
('205a3e0a-13fe-3557-8232-6a1673ffca7c', '23f7a1e3-6f7b-3463-3f32-1fe60697734c', '1998-01-01 13:15:51', '1970-01-01 00:00:38', NULL, NULL, NULL, '36296674-6027-271c-4279-42f760245f8d', 1, '117d9f19-7fff-3d1c-90d7-047a75e1ce07', '15526762-21e9-2b75-dc11-56e108b1c222'),
('284ccb05-337b-7e6f-9090-67245e8b283e', '1a72ef68-31f6-6771-b945-a68677dd5ef3', '1970-01-01 00:15:42', '1996-10-05 07:34:11', 'In sed consequatur soluta sit voluptates ut. Hic error officiis. Tenetur culpa quidem numquam; sunt voluptatem optio accusantium? Asperiores magnam culpa.', NULL, NULL, '4973efcd-3e37-46f3-27e2-6211d310be16', 0, '72702160-2bf0-494d-1b98-ca559e297554', '509412e8-33ab-7070-adb3-cad96b318fc3'),
('2b850d3d-6722-3f01-1bcb-66948daf6128', '33e1ea0d-501e-28d7-4751-59dcbd91f22d', '1984-08-22 19:24:51', '1973-10-20 14:10:25', 'Et quis aut. Ea neque repellat? Temporibus et quaerat. Sit facilis blanditiis! Perferendis quisquam saepe. Fuga animi voluptatem; unde ut quidem. Quam facere!', NULL, NULL, '1ca1d42a-7cc0-245e-4079-42f760245f8d', 1, '5af25bc2-144b-4684-3469-e2b06e9284be', '415bdccd-7d9b-7000-c5c6-d72f24192909'),
('2bbbd485-6df2-536a-7e32-6a1673ffca7c', '763f3697-1c6c-33a4-bb45-a68677dd5ef3', '1994-06-20 20:10:38', '2013-09-18 12:08:08', 'Aut et aut. Animi delectus tenetur! Cum omnis consequatur? Explicabo ut et! Facilis aliquam aspernatur. Qui labore facilis. Ad nesciunt pariatur! Nisi.', NULL, NULL, '2a3e81c8-4c54-3c0c-211a-ab4fd92feb34', 0, '5af25bc2-144b-4684-3469-e2b06e9284be', '46b17b19-2346-6291-284c-4663158f29cd'),
('2bf413d3-7a2c-217a-78dd-867949feb8b5', '59152223-3098-5bce-2f06-db2ad9f95814', '1997-11-14 10:31:07', '2007-08-12 10:51:37', 'Exercitationem aliquam incidunt. Quod quidem rem; quae voluptatem incidunt. Inventore et architecto. Eum dolorem necessitatibus! Necessitatibus qui molestias.', NULL, NULL, '4382ec41-2580-4f32-241a-ab4fd92feb34', 0, '3c6a7b05-211a-29bc-00ba-9a919cad3d6f', '1fce4390-472e-4a78-9468-4c288799f5a9'),
('2dcedb9c-6c32-7d27-977d-e8c757976496', '79e387c3-4e3d-5635-3a29-aef25fbc82b3', '2017-07-02 19:36:50', '1970-01-01 00:00:25', 'Sit sed exercitationem. Sit quia doloremque. Perspiciatis est rerum! Neque fugit tempora? Sed repellat sit. Minima voluptas expedita. Ut beatae id. Quam!', NULL, NULL, '6aefcbf4-7342-2823-b2c2-4f4995f9e0c1', 0, '3c6a7b05-211a-29bc-00ba-9a919cad3d6f', '394b238c-2ef4-4298-5333-57d1d013a38f'),
('2de001fe-529b-33ad-0280-e8e2a817c80e', '608e257f-4efd-530f-9ffa-27d59245c5d9', '1983-04-18 02:50:36', '1970-01-01 00:10:02', 'Alias molestiae omnis natus. Tenetur consequatur iusto natus. Autem molestiae architecto aut consequatur. Qui quis odio qui dolorum voluptatem.', NULL, NULL, '47cacf20-771e-7611-3d65-2901bec7844e', 0, '72702160-2bf0-494d-1b98-ca559e297554', '54b181af-3f2c-75a4-f463-8a7ba31d9960'),
('2fb0b105-7808-503a-76dd-867949feb8b5', '6591fa4c-1366-6d19-b845-a68677dd5ef3', '2012-04-03 12:45:25', '1997-11-21 18:02:53', NULL, NULL, NULL, '1ca1d42a-7cc0-245e-4079-42f760245f8d', 0, '3c6a7b05-211a-29bc-00ba-9a919cad3d6f', '7f1af386-5055-17f2-3de8-d81fec7b0976'),
('30c8ee28-58a3-22f2-5e92-08c864661f9c', '4f933a74-5c22-3d68-4d14-cf07c7ad0773', '1997-01-08 01:47:05', '1996-06-12 09:18:28', NULL, NULL, NULL, '4c028f27-3ac0-494f-9777-d197b06147a8', 1, '5af25bc2-144b-4684-3469-e2b06e9284be', '41e722fd-3920-5eab-c1c6-d72f24192909'),
('34cde64f-62e4-186c-77dd-867949feb8b5', '763f3697-1c6c-33a4-bb45-a68677dd5ef3', '1970-01-01 01:00:18', '1991-03-26 22:19:45', 'Ullam praesentium consequuntur. Mollitia nisi debitis alias! Eligendi iusto eius atque ut? Possimus quasi praesentium rerum qui nobis illum.', NULL, NULL, '28e0e5dc-6ef2-2562-f22c-20ada5f246eb', 0, '5af25bc2-144b-4684-3469-e2b06e9284be', '415bdccd-7d9b-7000-c5c6-d72f24192909'),
('3599ef50-13ed-5404-0e63-eeb1d8ed8cef', '3d991ef6-694b-425e-b545-a68677dd5ef3', '1970-01-01 00:01:28', '2018-12-25 07:34:02', 'Natus et quas. Modi accusamus unde. Nesciunt eaque in! Nesciunt dicta ipsa. Facilis amet enim! Sunt ut sed. Molestiae dolores consequatur! Aut quia rem.', NULL, NULL, '2a3e81c8-4c54-3c0c-211a-ab4fd92feb34', 1, '117d9f19-7fff-3d1c-90d7-047a75e1ce07', '4baccce5-4bee-4345-c2c6-d72f24192909'),
('3f66f2d6-688b-4161-5f92-08c864661f9c', '4bbe43c8-54c4-2288-ba45-a68677dd5ef3', '1980-02-08 13:25:29', '1978-06-01 13:12:31', 'Ea veritatis et vero amet qui nemo.', NULL, NULL, '47cacf20-771e-7611-3d65-2901bec7844e', 0, '1d324248-2c4a-2e6a-80ea-6a3dbe0bcfe3', '493bb3e1-766d-55a9-c0c6-d72f24192909'),
('404fe340-1fd3-414b-aadb-e5d54223c257', '608e257f-4efd-530f-9ffa-27d59245c5d9', '2018-05-04 20:45:25', '1970-01-01 02:09:09', 'Omnis numquam aut voluptatem dolor minima non. Quia vitae sed! Ut inventore et. Doloremque illo molestiae. Dolorum ut commodi. Et ut minima.', NULL, NULL, '646e0959-3320-7d56-e0e1-a1fbc05aadd1', 0, '72702160-2bf0-494d-1b98-ca559e297554', '57cccbf8-1f47-44c0-3be8-d81fec7b0976'),
('4577565a-7e3e-493a-74dd-867949feb8b5', '37ff8b06-73d5-5c6a-665f-4db9ab45a18c', '1997-01-17 01:51:59', '1998-05-07 19:23:25', 'Et dolorem minus. Quasi non nesciunt! Minus alias suscipit. Laboriosam tenetur consectetur. Quia eaque enim! Minus nam vel. Voluptatum veniam fuga. Ipsum.', NULL, NULL, '1f5cdaf7-41ad-537e-3e2d-e1c2b7a85730', 1, '72702160-2bf0-494d-1b98-ca559e297554', '15526762-21e9-2b75-dc11-56e108b1c222'),
('469b3ece-744a-45d5-957d-e8c757976496', '5d6c08b9-2cdb-5cc3-3e32-1fe60697734c', '2011-09-18 02:24:22', '2003-05-22 10:08:57', 'Quam odit provident dolor. Natus error velit consequatur hic vero ut! Est nemo molestiae adipisci qui quia ipsam.', NULL, NULL, '31f46709-2fdd-30d4-4179-42f760245f8d', 0, '5af25bc2-144b-4684-3469-e2b06e9284be', '1d0abbf4-25e1-52a8-f563-8a7ba31d9960'),
('46f514e3-3598-177c-6192-08c864661f9c', '1e574bb9-3294-7d53-a2fa-27d59245c5d9', '2020-02-12 06:28:46', '1970-01-01 00:05:07', 'Voluptatem fugit tenetur omnis tenetur dolorum rerum; itaque dolor laudantium dolor dolore aut quisquam.', NULL, NULL, '4382ec41-2580-4f32-241a-ab4fd92feb34', 0, '1d324248-2c4a-2e6a-80ea-6a3dbe0bcfe3', '509412e8-33ab-7070-adb3-cad96b318fc3'),
('4760d71f-6e2f-5b32-19cb-66948daf6128', '397335e2-2518-6df0-4e14-cf07c7ad0773', '1985-12-05 00:48:30', '1970-01-01 00:10:39', 'Quas nam ut facilis. Omnis dicta aut non ut iste deserunt; et laboriosam corporis unde est voluptatem fugit.', NULL, NULL, '61464ead-533f-43bb-dfe1-a1fbc05aadd1', 0, '72702160-2bf0-494d-1b98-ca559e297554', '35d77883-4826-73d7-dd11-56e108b1c222'),
('47f60f67-6087-2a86-abdb-e5d54223c257', '7098453c-6c74-3b9d-b645-a68677dd5ef3', '1985-03-15 13:43:28', '1980-12-07 12:23:36', 'Quasi et quaerat consectetur veniam itaque non; eveniet quae nulla perspiciatis quas nobis iure. Est eveniet voluptatem mollitia! Est alias modi.', NULL, NULL, '7ef53436-328a-70dc-3865-2901bec7844e', 1, '1d324248-2c4a-2e6a-80ea-6a3dbe0bcfe3', '31364645-14ed-27fc-d711-56e108b1c222'),
('4d7b21db-2e02-12b7-a9db-e5d54223c257', '51b501de-1b67-1d6c-21de-2f417b24e999', '1987-07-05 23:02:56', '1987-03-26 11:45:54', 'Sit doloribus aspernatur consectetur reprehenderit. Ea voluptas enim. Omnis distinctio alias. Ut qui quasi ullam vitae voluptates adipisci.', NULL, NULL, '25b309d8-5b30-755e-e2e1-a1fbc05aadd1', 1, '72702160-2bf0-494d-1b98-ca559e297554', '2319eaf6-7292-2a06-5533-57d1d013a38f'),
('4e272fc4-7875-78d6-7d32-6a1673ffca7c', '20b2c186-721a-1d2d-b745-a68677dd5ef3', '1972-05-30 15:10:49', '1970-01-01 00:00:08', 'Qui tempora nisi similique laboriosam illum nesciunt. Unde similique omnis voluptatem sit nisi ipsum. Illum accusantium sit quia quidem; in et fuga.', NULL, NULL, '4cda0d13-23f9-7c71-e1e1-a1fbc05aadd1', 0, '3c6a7b05-211a-29bc-00ba-9a919cad3d6f', '3a82520e-5197-4d07-5433-57d1d013a38f'),
('5660d465-6020-48f3-75dd-867949feb8b5', '44ee882f-7d40-4a4a-4c14-cf07c7ad0773', '1974-12-03 06:11:59', '1996-06-21 03:44:04', 'Voluptatibus omnis corrupti ipsam. Fugit corrupti molestiae odit cupiditate vero quo. Fuga et quos voluptatibus natus maxime. Enim quae et!', NULL, NULL, '5209c40b-5f6e-1166-9977-d197b06147a8', 0, '72702160-2bf0-494d-1b98-ca559e297554', '6064916e-41bf-144d-3ce8-d81fec7b0976'),
('59d19422-6657-452e-a7db-e5d54223c257', '39e1a5b9-5e5b-7404-557d-9d97eb2e0d66', '1970-01-01 00:01:04', '1976-11-26 09:31:22', NULL, NULL, NULL, '1aa795ec-2f2f-3600-acc2-4f4995f9e0c1', 0, '117d9f19-7fff-3d1c-90d7-047a75e1ce07', '6064916e-41bf-144d-3ce8-d81fec7b0976'),
('5ae2d70b-201d-3e23-7f32-6a1673ffca7c', '397335e2-2518-6df0-4e14-cf07c7ad0773', '2018-11-25 20:29:16', '1970-01-01 02:25:46', 'Consectetur accusamus ut omnis ex aliquid rem.', NULL, NULL, '4bf6e08f-7344-16e4-201a-ab4fd92feb34', 0, '3c6a7b05-211a-29bc-00ba-9a919cad3d6f', '6728f19b-3625-45a1-de18-0ccabe85ff46'),
('5b2fcdf5-2050-7cb2-8f90-67245e8b283e', '59152223-3098-5bce-2f06-db2ad9f95814', '1970-01-01 00:00:05', '1970-01-01 00:56:40', 'Sit nihil autem. Ut velit repellat eaque non perspiciatis unde? Eos nostrum amet eum qui ea aut.', NULL, NULL, '3c085312-6a93-27c6-9377-d197b06147a8', 0, '1d324248-2c4a-2e6a-80ea-6a3dbe0bcfe3', '5db23f21-65b9-3ea7-244c-4663158f29cd'),
('61a45b9e-55c1-3dbb-f917-7000f455f3d5', '3d991ef6-694b-425e-b545-a68677dd5ef3', '1970-01-01 00:02:22', '1999-05-08 12:24:49', 'Exercitationem culpa nostrum nesciunt voluptate. Molestiae consectetur eligendi sit ut enim nobis. Hic amet adipisci. Mollitia quia dicta. Et quibusdam sed.', NULL, NULL, '3a1766b8-3131-3e6d-f62c-20ada5f246eb', 1, '5af25bc2-144b-4684-3469-e2b06e9284be', '61b9cb60-344e-7294-f363-8a7ba31d9960'),
('6429b0f4-1391-7f32-9390-67245e8b283e', '33e1ea0d-501e-28d7-4751-59dcbd91f22d', '1992-03-05 11:28:25', '1988-10-26 10:47:03', 'Reprehenderit facilis ut iusto sed impedit. Maiores qui quidem! Molestias est officiis; qui eaque praesentium omnis? Aut id ut rerum dolorem enim voluptatem.', NULL, NULL, '425d37b2-576e-3ed6-9577-d197b06147a8', 1, '1d324248-2c4a-2e6a-80ea-6a3dbe0bcfe3', '373fdaad-1f0f-244b-f763-8a7ba31d9960'),
('645f2e5c-7670-66a0-6092-08c864661f9c', '1e574bb9-3294-7d53-a2fa-27d59245c5d9', '2009-08-29 15:08:52', '1970-01-01 00:00:13', 'Obcaecati nihil nam quo optio. Dolorum molestiae ut veritatis. Ut animi non ullam aperiam! Autem officiis quia illo vero officiis odio. Assumenda quisquam.', NULL, NULL, '4c028f27-3ac0-494f-9777-d197b06147a8', 1, '72702160-2bf0-494d-1b98-ca559e297554', '5db23f21-65b9-3ea7-244c-4663158f29cd'),
('6764ab86-6fcc-2757-8032-6a1673ffca7c', '3d3d630f-5a99-6371-a4fa-27d59245c5d9', '1992-04-07 09:01:11', '2020-05-09 16:42:31', 'Nesciunt magnam iure error iste perspiciatis ut.', NULL, NULL, '1f5cdaf7-41ad-537e-3e2d-e1c2b7a85730', 0, '3c6a7b05-211a-29bc-00ba-9a919cad3d6f', '509412e8-33ab-7070-adb3-cad96b318fc3'),
('68478414-705a-2626-5c92-08c864661f9c', '1e160c2f-73eb-5f31-4032-1fe60697734c', '1970-01-01 00:00:01', '1970-01-01 00:01:06', 'Nulla quas aut. Consequatur quis quia. Velit enim quidem! Et ab eaque. Voluptates ea sint. Magnam distinctio omnis. Corporis excepturi enim.', NULL, NULL, '4bf6e08f-7344-16e4-201a-ab4fd92feb34', 0, '117d9f19-7fff-3d1c-90d7-047a75e1ce07', '4d10a10b-7811-3be5-9368-4c288799f5a9'),
('6916f8cf-1279-16d8-9290-67245e8b283e', '51e7f3cf-6de1-7384-4551-59dcbd91f22d', '1987-03-02 02:28:32', '2001-05-26 00:07:31', 'Distinctio modi in. Vitae neque ut in. Rerum quisquam iusto et! Sunt unde nostrum adipisci voluptatem veritatis perspiciatis. Animi iste expedita. Et eum.', NULL, NULL, '489495b1-4625-1a19-2a2e-c4457c8cc573', 0, '117d9f19-7fff-3d1c-90d7-047a75e1ce07', '509412e8-33ab-7070-adb3-cad96b318fc3'),
('6a4d99cd-242a-6200-7add-867949feb8b5', '33e1ea0d-501e-28d7-4751-59dcbd91f22d', '1980-06-03 16:31:22', '1970-01-01 00:07:20', 'Assumenda voluptatibus iste et. Deleniti praesentium velit libero qui in rem. Similique tempora praesentium quas quis corporis rem.', NULL, NULL, '6c8e600d-36d9-3b84-f72c-20ada5f246eb', 0, '117d9f19-7fff-3d1c-90d7-047a75e1ce07', '531bb86c-71cc-456d-9668-4c288799f5a9'),
('7623d42f-35f4-1ce5-987d-e8c757976496', '23becab8-73ce-4e02-2c06-db2ad9f95814', '2011-12-14 21:29:38', '1987-12-11 05:17:08', 'Sequi nesciunt repellat. Qui voluptas nesciunt? A repudiandae quaerat! Ut fuga laboriosam; optio sit optio; qui et ut. Fuga consequatur ut. Sunt officiis?', NULL, NULL, '48b02f77-34a8-1981-9477-d197b06147a8', 0, '117d9f19-7fff-3d1c-90d7-047a75e1ce07', '2db421f5-6b7f-6073-d911-56e108b1c222'),
('7686595d-16d5-33b3-0080-e8e2a817c80e', '6a941ff4-43a5-234e-4951-59dcbd91f22d', '1975-09-26 22:37:33', '2015-03-06 01:57:57', 'Unde quia dolorem. Molestias fuga dolor. Laudantium commodi dolor. Qui dicta mollitia. Tempore qui ut. Quia facere nesciunt! Veniam possimus nihil; nihil.', NULL, NULL, '489495b1-4625-1a19-2a2e-c4457c8cc573', 0, '1d324248-2c4a-2e6a-80ea-6a3dbe0bcfe3', '3a82520e-5197-4d07-5433-57d1d013a38f'),
('768f8e64-7d10-20c9-967d-e8c757976496', '3d991ef6-694b-425e-b545-a68677dd5ef3', '2008-01-05 14:22:19', '2001-01-15 00:34:06', 'Unde ipsa sint fugit. Et tenetur error deserunt aspernatur sit error. Perspiciatis voluptas nobis dolor eos illum dolor!', NULL, NULL, '47cacf20-771e-7611-3d65-2901bec7844e', 1, '1d324248-2c4a-2e6a-80ea-6a3dbe0bcfe3', '1dbfb5d7-443b-64f9-3d97-c414fa26c3e6'),
('7bec5682-21c4-666f-a8db-e5d54223c257', '1998f087-5320-231d-567d-9d97eb2e0d66', '2000-05-04 18:24:37', '1970-01-01 00:06:55', 'Nesciunt magnam iste. Eos repudiandae delectus! Quia blanditiis molestiae. Modi sunt atque! Quas nulla non. Quia maxime et. Placeat fugiat eligendi? Aliquam.', NULL, NULL, '5f0be6fb-2ad5-52dc-26e2-6211d310be16', 1, '1d324248-2c4a-2e6a-80ea-6a3dbe0bcfe3', '493bb3e1-766d-55a9-c0c6-d72f24192909');

-- 
-- Restore previous SQL mode
-- 
/*!40101 SET SQL_MODE=@OLD_SQL_MODE */;